region,city,address_street,address_type
Ханты-Мансийский АО,Энгельс,"пр. Привольный, д. 2 к. 16",получатель
Ненецкий АО,Нижний Тагил,"бул. Шоссейный, д. 41 стр. 62",отправитель
Магаданская обл.,Екатеринбург,"пер. Прудовой, д. 4 стр. 5",получатель
респ. Бурятия,Ростов-на-Дону,"пр. Восьмого Марта, д. 503 стр. 921",отправитель
респ. Кабардино-Балкария,Иркутск,"ул. Московская, д. 399 стр. 9/7",отправитель
Ханты-Мансийский АО,Новокузнецк,"пер. Щетинкина, д. 370 стр. 22",получатель
Еврейская АО,Петрозаводск,"алл. Надежды, д. 16 стр. 3/3",получатель
Ненецкий АО,Томск,"пр. Воровского, д. 652 к. 41",отправитель
Вологодская обл.,Барнаул,"ул. Заречная, д. 66 к. 5/1",отправитель
респ. Калмыкия,Воронеж,"алл. Леваневского, д. 83 к. 3",отправитель
Камчатский край,Оренбург,"ш. Союзное, д. 249 стр. 535",отправитель
респ. Башкортостан,Новокузнецк,"алл. Димитрова, д. 5",получатель
Пермский край,Смоленск,"алл. О.Кошевого, д. 57 стр. 2",отправитель
Ленинградская обл.,Киров,"ул. Хвойная, д. 372 стр. 2",отправитель
Чукотский АО,Санкт-Петербург,"алл. Энергетиков, д. 4",отправитель
респ. Коми,Тольятти,"ул. Дружбы, д. 810",отправитель
Ямало-Ненецкий АО,Энгельс,"алл. Снежная, д. 926 к. 811",отправитель
Кировская обл.,Новороссийск,"пр. Коммунистический, д. 870 к. 68",отправитель
Забайкальский край,Энгельс,"бул. Ореховый, д. 592",получатель
респ. Чувашия,Владивосток,"наб. Толстого, д. 999 стр. 818",получатель
Ульяновская обл.,Москва,"ш. 60 лет Октября, д. 806",получатель
Ставропольский край,Стерлитамак,"пр. Полярный, д. 99",отправитель
респ. Калмыкия,Хабаровск,"наб. Краснознаменная, д. 6 к. 6",получатель
респ. Ингушетия,Омск,"бул. Одесский, д. 6 стр. 137",отправитель
Белгородская обл.,Петрозаводск,"пр. Ворошилова, д. 6/4 стр. 10",отправитель
респ. Тыва,Смоленск,"ул. Котовского, д. 650 стр. 968",отправитель
Ростовская обл.,Астрахань,"ул. Профсоюзная, д. 1 стр. 43",получатель
Томская обл.,Уфа,"алл. Проезжая, д. 9 к. 26",отправитель
Ямало-Ненецкий АО,Петрозаводск,"пр. Краснознаменный, д. 9/5 к. 5",отправитель
Еврейская АО,Каменск-Уральский,"алл. Заречная, д. 3/9 стр. 165",отправитель
респ. Карачаево-Черкесия,Москва,"ул. Культуры, д. 9/9 к. 666",получатель
Ямало-Ненецкий АО,Барнаул,"пер. Коминтерна, д. 8",получатель
Приморский край,Грозный,"пр. Геологов, д. 1/9 к. 9",получатель
Красноярский край,Тверь,"ул. Менделеева, д. 658",отправитель
респ. Саха (Якутия),Волжский,"бул. Верхний, д. 880 к. 77",получатель
респ. Тыва,Томск,"наб. Коммунаров, д. 471 стр. 1",получатель
Липецкая обл.,Сызрань,"наб. Вахитова, д. 45 стр. 85",получатель
Курганская обл.,Калининград,"пер. Сиреневый, д. 150",получатель
Ханты-Мансийский АО,Иваново,"алл. Петровская, д. 8",отправитель
Ямало-Ненецкий АО,Ижевск,"ул. Союзная, д. 9 стр. 18",получатель
респ. Дагестан,Курск,"алл. Макаренко, д. 7/3 стр. 106",получатель
респ. Коми,Стерлитамак,"ш. Волгоградское, д. 7/5",получатель
респ. Адыгея,Тамбов,"алл. Народная, д. 2 к. 4",отправитель
респ. Карачаево-Черкесия,Хабаровск,"пер. Л.Толстого, д. 2/8 стр. 6/8",отправитель
Нижегородская обл.,Кемерово,"ул. Приморская, д. 62 к. 8",отправитель
Ямало-Ненецкий АО,Оренбург,"наб. Коммунаров, д. 4/8 к. 63",получатель
Костромская обл.,Череповец,"пр. 50 лет Победы, д. 73",отправитель
Красноярский край,Астрахань,"пр. Максима Горького, д. 41 стр. 9/7",отправитель
Ставропольский край,Тольятти,"пер. Тепличный, д. 7 стр. 272",отправитель
респ. Коми,Хабаровск,"алл. Новоселов, д. 6 стр. 971",получатель
Камчатский край,Махачкала,"бул. Привольный, д. 847 стр. 3",получатель
Камчатский край,Барнаул,"бул. Портовый, д. 185",получатель
Ненецкий АО,Архангельск,"пр. Гафури, д. 171 стр. 15",получатель
Ставропольский край,Челябинск,"пер. Механизаторов, д. 61 к. 1",получатель
Алтайский край,Новороссийск,"пр. Восьмого Марта, д. 38 стр. 964",получатель
Ханты-Мансийский АО,Омск,"пер. Р.Люксембург, д. 5/8 стр. 398",получатель
Камчатский край,Сызрань,"алл. Минина, д. 3/8",получатель
Рязанская обл.,Курган,"ул. Советская, д. 16 к. 3/4",получатель
Ханты-Мансийский АО,Воронеж,"пр. Кавказский, д. 3/4 к. 518",получатель
Хабаровский край,Стерлитамак,"пр. Кавказский, д. 60",отправитель
Ненецкий АО,Новокузнецк,"пер. Шаумяна, д. 3/8 к. 97",отправитель
Хабаровский край,Тамбов,"алл. Центральная, д. 650 к. 170",отправитель
Пермский край,Киров,"ул. Владимирская, д. 9/8 к. 6",отправитель
Алтайский край,Белгород,"ул. Нагорная, д. 39",получатель
респ. Калмыкия,Каменск-Уральский,"бул. Свердлова, д. 4/5 стр. 9/9",получатель
Томская обл.,Стерлитамак,"ул. Фабричная, д. 4/3",отправитель
респ. Кабардино-Балкария,Комсомольск-на-Амуре,"ул. Лесозаводская, д. 9",получатель
Московская обл.,Сызрань,"наб. Таманская, д. 3 стр. 114",отправитель
Краснодарский край,Хабаровск,"бул. Чернышевского, д. 653 к. 883",получатель
Псковская обл.,Тула,"ш. Войкова, д. 7/1 к. 2",получатель
респ. Коми,Новороссийск,"пер. Мелиораторов, д. 5/1",отправитель
Ханты-Мансийский АО,Новокузнецк,"пр. Тополиный, д. 2 стр. 769",получатель
респ. Башкортостан,Кемерово,"бул. Краснознаменный, д. 8/4 стр. 66",отправитель
Ханты-Мансийский АО,Брянск,"пр. Целинный, д. 7/3 к. 8/6",отправитель
респ. Тыва,Саратов,"пер. Тургенева, д. 4 к. 24",отправитель
Тверская обл.,Рязань,"пер. Сельский, д. 5/3 стр. 5/1",отправитель
Краснодарский край,Хабаровск,"алл. Балтийская, д. 7/8 стр. 8",получатель
Приморский край,Шахты,"пер. Ленинский, д. 16 к. 688",отправитель
Еврейская АО,Новокузнецк,"ш. Коммунальное, д. 6 к. 82",отправитель
Новосибирская обл.,Набережные Челны,"бул. Парижской Коммуны, д. 49 стр. 214",получатель
Алтайский край,Кострома,"пер. Космодемьянской, д. 2",получатель
Омская обл.,Воронеж,"наб. Пригородная, д. 26 стр. 9/4",получатель
Самарская обл.,Калининград,"пр. Мира, д. 657 к. 9",отправитель
Ханты-Мансийский АО,Тамбов,"ул. Ангарская, д. 7/6 к. 328",отправитель
Ленинградская обл.,Мурманск,"пер. Ключевой, д. 3/5 к. 65",отправитель
Ульяновская обл.,Сочи,"ул. Ермака, д. 8 стр. 3",отправитель
респ. Алтай,Воронеж,"ул. Малиновая, д. 856 стр. 452",получатель
Чукотский АО,Балашиха,"наб. Урожайная, д. 71 к. 7",отправитель
Ставропольский край,Нижний Тагил,"ул. Гоголя, д. 74 к. 99",отправитель
Ямало-Ненецкий АО,Каменск-Уральский,"алл. Казачья, д. 6/4 к. 461",получатель
респ. Крым,Якутск,"пр. Интернациональный, д. 8",отправитель
Еврейская АО,Курган,"наб. Тихая, д. 168 к. 3",отправитель
респ. Хакасия,Тула,"пр. Радужный, д. 3 стр. 65",отправитель
Пермский край,Ульяновск,"алл. Крымская, д. 45 к. 537",отправитель
Магаданская обл.,Тамбов,"ш. Привокзальное, д. 8/8",получатель
Приморский край,Ставрополь,"алл. Красина, д. 3/5 стр. 16",отправитель
Приморский край,Сызрань,"бул. Амурский, д. 5 стр. 9",получатель
респ. Удмуртия,Каменск-Уральский,"пер. Серова, д. 4 стр. 3/6",отправитель
Вологодская обл.,Ставрополь,"пр. Енисейский, д. 5/4 к. 5/9",получатель
Еврейская АО,Сургут,"пер. Калинина, д. 42 стр. 7",отправитель
Чукотский АО,Архангельск,"ул. Малиновая, д. 886 стр. 79",получатель
Ханты-Мансийский АО,Химки,"ул. Маяковского, д. 55 стр. 46",отправитель
Белгородская обл.,Нижний Новгород,"пер. Колхозный, д. 6 стр. 8/5",получатель
Камчатский край,Омск,"пер. Ульянова, д. 89 к. 24",получатель
Приморский край,Комсомольск-на-Амуре,"ул. Глинки, д. 4",получатель
Ханты-Мансийский АО,Новокузнецк,"наб. Калужская, д. 6/1 стр. 69",отправитель
Еврейская АО,Владикавказ,"бул. Черноморский, д. 16",отправитель
Еврейская АО,Барнаул,"наб. Радищева, д. 1/9 к. 3/6",отправитель
Еврейская АО,Уфа,"ул. Гайдара, д. 5",отправитель
Ханты-Мансийский АО,Тамбов,"ул. Студенческая, д. 5 к. 1/8",отправитель
респ. Башкортостан,Курган,"алл. Мира, д. 7",отправитель
Красноярский край,Магнитогорск,"пер. Запорожский, д. 34 к. 9/4",отправитель
Ямало-Ненецкий АО,Саратов,"пр. Володарского, д. 224",получатель
Архангельская обл.,Краснодар,"ш. Ясное, д. 3/9 стр. 308",получатель
Хабаровский край,Уфа,"алл. Матросова, д. 986 стр. 5",получатель
респ. Дагестан,Тверь,"ш. Березовое, д. 3",отправитель
Ямало-Ненецкий АО,Сургут,"ул. Покровская, д. 5/7 к. 4/4",отправитель
респ. Карелия,Брянск,"алл. Волкова, д. 2/8 стр. 6",отправитель
Ненецкий АО,Казань,"пр. Троицкий, д. 6",получатель
Ямало-Ненецкий АО,Комсомольск-на-Амуре,"пр. Главный, д. 6",отправитель
Еврейская АО,Брянск,"пр. Калинина, д. 88 стр. 3",отправитель
Красноярский край,Волгоград,"бул. Азовский, д. 2/3",отправитель
Красноярский край,Череповец,"наб. Поселковая, д. 4/6",получатель
Пермский край,Балашиха,"алл. Ленинградская, д. 1/4",отправитель
Архангельская обл.,Комсомольск-на-Амуре,"ш. Спартака, д. 76",отправитель
Забайкальский край,Мурманск,"наб. Вавилова, д. 1/3",получатель
Еврейская АО,Волжский,"пер. Большой, д. 9",отправитель
Костромская обл.,Нижний Новгород,"пр. Кирова, д. 7",получатель
Орловская обл.,Ярославль,"пр. Зеленый, д. 23 к. 27",получатель
Саратовская обл.,Сочи,"пр. Студенческий, д. 503",получатель
Ленинградская обл.,Краснодар,"пр. Восьмого Марта, д. 5 стр. 38",получатель
Волгоградская обл.,Смоленск,"пр. Блюхера, д. 431",отправитель
Пензенская обл.,Калуга,"пр. Гвардейский, д. 4 к. 5",отправитель
Чукотский АО,Белгород,"бул. Коммуны, д. 56 к. 767",получатель
респ. Кабардино-Балкария,Ульяновск,"алл. Белинского, д. 4 к. 2",отправитель
Ханты-Мансийский АО,Саратов,"ул. Репина, д. 2/7 стр. 48",отправитель
Тульская обл.,Грозный,"пер. Циолковского, д. 83",получатель
Томская обл.,Астрахань,"алл. Стадионная, д. 621 к. 71",получатель
Иркутская обл.,Кострома,"алл. Городская, д. 65 стр. 7",отправитель
респ. Удмуртия,Нижний Новгород,"ул. Сурикова, д. 726 к. 1/1",получатель
Хабаровский край,Казань,"бул. Кирпичный, д. 99 к. 1/7",получатель
Кемеровская обл.,Тольятти,"бул. Западный, д. 9/8 стр. 5",получатель
Чукотский АО,Красноярск,"ш. Лунное, д. 6/3",получатель
Ненецкий АО,Иваново,"ш. Санаторное, д. 5/4",отправитель
Пермский край,Орёл,"наб. Камская, д. 5 стр. 4/4",отправитель
Ставропольский край,Ижевск,"бул. Ключевой, д. 9/1",получатель
респ. Марий-Эл,Владимир,"пер. Рабочий, д. 7 к. 7/7",отправитель
Ханты-Мансийский АО,Тольятти,"наб. Мельничная, д. 3/1 к. 5",отправитель
Забайкальский край,Новороссийск,"ул. Республиканская, д. 7 стр. 62",получатель
респ. Северная Осетия - Алания,Оренбург,"бул. Мелиораторов, д. 78 стр. 30",отправитель
Забайкальский край,Нижний Тагил,"бул. Таежный, д. 1 стр. 5",отправитель
Чукотский АО,Москва,"наб. Высоковольтная, д. 71",получатель
Забайкальский край,Пенза,"пер. Горького, д. 79 стр. 310",получатель
Ленинградская обл.,Екатеринбург,"ул. 8-е Марта, д. 59 стр. 9/2",получатель
Камчатский край,Смоленск,"наб. Ягодная, д. 654 стр. 1/2",отправитель
Пермский край,Самара,"пр. Ворошилова, д. 639 стр. 16",получатель
Липецкая обл.,Ульяновск,"бул. Ульяновский, д. 4 стр. 492",отправитель
Хабаровский край,Казань,"наб. Орловская, д. 8 стр. 48",получатель
Хабаровский край,Новороссийск,"ш. Мельничное, д. 67",отправитель
Калининградская обл.,Нижний Новгород,"наб. Поперечная, д. 9 к. 6/6",отправитель
Астраханская обл.,Тула,"пер. 1 Мая, д. 9",получатель
респ. Крым,Ижевск,"наб. Панфилова, д. 572 стр. 26",отправитель
Ставропольский край,Королёв,"пер. Крестьянский, д. 9/4 стр. 4/3",отправитель
Красноярский край,Архангельск,"алл. Локомотивная, д. 94",отправитель
Калужская обл.,Сызрань,"пр. Ворошилова, д. 906 стр. 5/2",отправитель
Пензенская обл.,Тюмень,"бул. Ольховый, д. 894",отправитель
Приморский край,Шахты,"алл. Учительская, д. 83 к. 6/3",отправитель
Ямало-Ненецкий АО,Магнитогорск,"ш. Покровское, д. 7 к. 61",получатель
Ямало-Ненецкий АО,Пермь,"ш. Коммуны, д. 25",отправитель
Камчатский край,Мурманск,"алл. Магистральная, д. 5/2",отправитель
Еврейская АО,Ростов-на-Дону,"пр. Просвещения, д. 5/1",отправитель
респ. Удмуртия,Сочи,"пер. Медицинский, д. 809",отправитель
Забайкальский край,Челябинск,"наб. Луначарского, д. 926",получатель
Ставропольский край,Нижний Новгород,"алл. Строительная, д. 3",получатель
респ. Калмыкия,Магнитогорск,"бул. Менделеева, д. 87 стр. 1/3",отправитель
Пермский край,Пенза,"ш. Коммунистическое, д. 785",отправитель
респ. Хакасия,Брянск,"пер. Комсомольский, д. 26",получатель
респ. Бурятия,Грозный,"пер. Краснопартизанский, д. 269 к. 8",отправитель
Красноярский край,Брянск,"пр. Достоевского, д. 2 к. 6/6",отправитель
Красноярский край,Рязань,"пер. Виноградный, д. 885",отправитель
Камчатский край,Ульяновск,"бул. Ореховый, д. 9/9",получатель
Красноярский край,Астрахань,"пер. Декабристов, д. 3",отправитель
респ. Мордовия,Челябинск,"ул. Сурикова, д. 45 к. 50",получатель
Мурманская обл.,Тверь,"ул. Рязанская, д. 402 стр. 44",получатель
респ. Саха (Якутия),Комсомольск-на-Амуре,"пер. Загородный, д. 53",получатель
респ. Чувашия,Рязань,"пер. Киевский, д. 96 стр. 5/3",получатель
Волгоградская обл.,Иваново,"пер. Плеханова, д. 5/9 стр. 92",получатель
респ. Удмуртия,Владикавказ,"бул. Степной, д. 4/3",отправитель
респ. Тыва,Череповец,"ш. Станиславского, д. 3 стр. 93",отправитель
Ставропольский край,Каменск-Уральский,"бул. Рабочий, д. 6",получатель
Пермский край,Королёв,"ул. Юности, д. 13",получатель
Приморский край,Владивосток,"наб. Клубная, д. 893 стр. 1",получатель
Ненецкий АО,Набережные Челны,"бул. Азовский, д. 140",отправитель
Алтайский край,Иркутск,"алл. Тельмана, д. 150",получатель
Чукотский АО,Тверь,"пр. Горный, д. 3",получатель
респ. Мордовия,Ижевск,"ул. Стахановская, д. 67",получатель
Ханты-Мансийский АО,Мурманск,"наб. Новгородская, д. 161 стр. 6/2",отправитель
Ямало-Ненецкий АО,Краснодар,"ш. Приморское, д. 562 к. 12",отправитель
Пермский край,Тюмень,"алл. Сенная, д. 4/4 стр. 2/1",получатель
респ. Дагестан,Магнитогорск,"алл. Морозова, д. 465 к. 9/9",получатель
Нижегородская обл.,Киров,"наб. Линейная, д. 2/9 к. 91",получатель
респ. Чечня,Орёл,"ул. Сплавная, д. 491",получатель
Курская обл.,Астрахань,"алл. Демьяна Бедного, д. 13 стр. 7",получатель
Чукотский АО,Ярославль,"бул. Краснофлотский, д. 241 стр. 2/1",получатель
Ямало-Ненецкий АО,Томск,"ш. Отрадное, д. 1 к. 1/6",отправитель
Приморский край,Сочи,"ул. Ульянова, д. 774 стр. 900",отправитель
респ. Крым,Омск,"наб. Прибрежная, д. 2 стр. 64",получатель
Алтайский край,Новокузнецк,"наб. Санаторная, д. 6/3 к. 1/9",отправитель
Ямало-Ненецкий АО,Екатеринбург,"бул. Попова, д. 81",отправитель
Курганская обл.,Астрахань,"алл. Орловская, д. 4/5 стр. 2/2",получатель
Ульяновская обл.,Новороссийск,"ул. Черноморская, д. 371 к. 1",отправитель
респ. Саха (Якутия),Владимир,"наб. Полтавская, д. 4 стр. 2",отправитель
респ. Удмуртия,Химки,"ш. Осипенко, д. 780 к. 69",получатель
Ненецкий АО,Волжский,"пер. 70 лет Октября, д. 10",отправитель
респ. Чувашия,Владивосток,"бул. Славянский, д. 1 стр. 8/3",получатель
Ямало-Ненецкий АО,Подольск,"наб. Высокая, д. 205 к. 4",отправитель
респ. Северная Осетия - Алания,Красноярск,"ш. Шахтерское, д. 35 стр. 219",получатель
Саратовская обл.,Шахты,"пр. Большевистский, д. 8",отправитель
Калининградская обл.,Хабаровск,"ш. Промышленное, д. 524 к. 66",отправитель
Ханты-Мансийский АО,Владимир,"пр. Хвойный, д. 2/8 к. 294",отправитель
Смоленская обл.,Калуга,"наб. Базарная, д. 126",получатель
Ямало-Ненецкий АО,Чебоксары,"ул. Семашко, д. 241",получатель
респ. Дагестан,Тюмень,"ул. Школьная, д. 9",получатель
Хабаровский край,Тюмень,"ул. Ясная, д. 3/9 к. 1/7",получатель
Пермский край,Чебоксары,"ул. Ягодная, д. 3",отправитель
Чукотский АО,Сызрань,"алл. Курортная, д. 1/5 к. 74",получатель
Ненецкий АО,Волгоград,"пр. Путейский, д. 835",получатель
Белгородская обл.,Волжский,"пр. Серафимовича, д. 5 стр. 8/6",получатель
респ. Татарстан,Ульяновск,"алл. Коммунистическая, д. 959",отправитель
Приморский край,Стерлитамак,"ул. Островского, д. 798 стр. 3",отправитель
респ. Саха (Якутия),Ижевск,"алл. Орджоникидзе, д. 3 стр. 4/5",получатель
Пермский край,Волжский,"алл. Васильковая, д. 53",отправитель
Ленинградская обл.,Томск,"алл. Октября, д. 92",отправитель
Псковская обл.,Уфа,"ул. Волочаевская, д. 3/2 стр. 9",получатель
Еврейская АО,Петрозаводск,"бул. Жданова, д. 17",отправитель
Тверская обл.,Курск,"ул. Запрудная, д. 1",получатель
Забайкальский край,Ставрополь,"наб. Центральная, д. 634",получатель
респ. Хакасия,Тверь,"бул. Ватутина, д. 232 стр. 1",получатель
респ. Карелия,Липецк,"ш. Химиков, д. 4 стр. 99",отправитель
Ямало-Ненецкий АО,Магнитогорск,"пр. Загородный, д. 47",получатель
респ. Дагестан,Владимир,"алл. 50 лет ВЛКСМ, д. 849 к. 9",отправитель
Ненецкий АО,Набережные Челны,"ул. Шаумяна, д. 34 стр. 231",получатель
Свердловская обл.,Новокузнецк,"наб. Казачья, д. 9/9 стр. 735",отправитель
Ставропольский край,Сочи,"наб. Братская, д. 752 стр. 121",отправитель
респ. Карелия,Новокузнецк,"наб. Урожайная, д. 550 стр. 4/6",отправитель
респ. Крым,Тула,"наб. Калинина, д. 389 к. 671",отправитель
Ямало-Ненецкий АО,Комсомольск-на-Амуре,"бул. Петровский, д. 872",получатель
Волгоградская обл.,Новосибирск,"пр. Гаражный, д. 4/1 к. 7/2",получатель
Алтайский край,Екатеринбург,"бул. Лазурный, д. 62",получатель
Приморский край,Ростов-на-Дону,"пер. Красных Партизан, д. 594",отправитель
респ. Чувашия,Калининград,"пер. 40 лет Победы, д. 3",получатель
респ. Хакасия,Пермь,"бул. Павлика Морозова, д. 97 стр. 53",получатель
респ. Дагестан,Шахты,"пр. Широкий, д. 241 к. 5",отправитель
Приморский край,Энгельс,"бул. Ростовский, д. 295 стр. 3/2",получатель
Свердловская обл.,Ставрополь,"бул. Тульский, д. 5 стр. 465",отправитель
Хабаровский край,Тюмень,"ш. Чайкиной, д. 9/8",получатель
Ненецкий АО,Каменск-Уральский,"наб. Портовая, д. 18",отправитель
Ханты-Мансийский АО,Подольск,"бул. Вольный, д. 74",получатель
Хабаровский край,Иваново,"пер. Гвардейский, д. 2",получатель
респ. Алтай,Грозный,"бул. Жуковского, д. 2",получатель
Приморский край,Сочи,"бул. Крайний, д. 679",получатель
Забайкальский край,Ижевск,"наб. Ивановская, д. 88 к. 98",получатель
респ. Марий-Эл,Пермь,"алл. Ореховая, д. 2 к. 8",получатель
респ. Коми,Иваново,"наб. 60 лет СССР, д. 6 стр. 8/4",получатель
Чукотский АО,Набережные Челны,"пер. Зеленый, д. 892 стр. 8/7",получатель
респ. Дагестан,Балашиха,"ш. Котовского, д. 6/1 к. 945",получатель
респ. Тыва,Ижевск,"бул. Геологический, д. 173 стр. 61",получатель
респ. Башкортостан,Якутск,"пер. Трудовой, д. 8 стр. 4/9",получатель
респ. Крым,Липецк,"алл. Путейская, д. 174 стр. 564",получатель
Чукотский АО,Балашиха,"ш. Заовражное, д. 823 стр. 73",получатель
Ямало-Ненецкий АО,Калининград,"алл. Пролетарская, д. 72 к. 4/3",отправитель
респ. Карачаево-Черкесия,Екатеринбург,"ул. Детская, д. 58 стр. 355",отправитель
Омская обл.,Сургут,"ул. Космонавтов, д. 8/2 стр. 67",отправитель
Ямало-Ненецкий АО,Иркутск,"пр. Коммунальный, д. 83 стр. 5/4",получатель
Ямало-Ненецкий АО,Владимир,"пр. Дальний, д. 69 стр. 611",отправитель
респ. Крым,Белгород,"алл. Курортная, д. 188",получатель
Белгородская обл.,Мурманск,"бул. Литейный, д. 9 к. 781",отправитель
Краснодарский край,Сочи,"бул. Новый, д. 64 к. 2/2",получатель
Пензенская обл.,Краснодар,"алл. Болотная, д. 708 к. 152",получатель
респ. Карачаево-Черкесия,Сызрань,"наб. Деповская, д. 760",получатель
респ. Удмуртия,Челябинск,"алл. Западная, д. 8",получатель
Еврейская АО,Хабаровск,"ул. Трактовая, д. 66 стр. 2",отправитель
респ. Карелия,Владивосток,"пр. Железнодорожный, д. 42 к. 22",получатель
Томская обл.,Стерлитамак,"бул. Титова, д. 6 стр. 386",отправитель
респ. Тыва,Волжский,"ул. Розы Люксембург, д. 26 к. 1/8",получатель
Еврейская АО,Хабаровск,"ш. Ясное, д. 99 стр. 3/5",получатель
Курганская обл.,Чита,"алл. Краснофлотская, д. 106",получатель
Краснодарский край,Кемерово,"пр. Коллективный, д. 7/7 стр. 5/4",отправитель
Ямало-Ненецкий АО,Пенза,"ш. Пирогова, д. 23 стр. 5/1",получатель
Ставропольский край,Ижевск,"ш. Кузнецова, д. 7 к. 182",отправитель
респ. Татарстан,Рязань,"пер. Сибирский, д. 67 к. 2/9",отправитель
респ. Калмыкия,Липецк,"ул. Привольная, д. 5/1 стр. 35",получатель
Смоленская обл.,Стерлитамак,"алл. Аэродромная, д. 16",получатель
Камчатский край,Чита,"ул. Выгонная, д. 4/7 к. 5",отправитель
Брянская обл.,Владимир,"наб. Клубная, д. 522",получатель
Калининградская обл.,Чебоксары,"алл. Речная, д. 4 стр. 86",получатель
Ставропольский край,Орёл,"пер. Чкалова, д. 92 к. 83",отправитель
Ханты-Мансийский АО,Нижний Тагил,"ул. Сибирская, д. 116",получатель
респ. Коми,Москва,"ш. Комарова, д. 57 к. 25",получатель
Ямало-Ненецкий АО,Ульяновск,"наб. Лунная, д. 205",получатель
Астраханская обл.,Ставрополь,"ш. Кирова, д. 997 стр. 734",отправитель
Орловская обл.,Смоленск,"ул. Сахалинская, д. 112",получатель
респ. Марий-Эл,Тверь,"пер. Кленовый, д. 1 стр. 2/5",отправитель
Камчатский край,Пенза,"ул. Журавлева, д. 5 стр. 5",получатель
Мурманская обл.,Новосибирск,"наб. Братская, д. 68 к. 55",получатель
Ханты-Мансийский АО,Шахты,"ул. Грибоедова, д. 407 к. 76",отправитель
Еврейская АО,Кемерово,"ул. Донская, д. 82 к. 10",получатель
Ненецкий АО,Череповец,"ш. Овражное, д. 426 к. 50",получатель
Ямало-Ненецкий АО,Королёв,"ш. Кирпичное, д. 18",получатель
респ. Алтай,Сочи,"пр. Юбилейный, д. 99 к. 66",получатель
Вологодская обл.,Тольятти,"пер. Семашко, д. 95 к. 272",получатель
Чукотский АО,Чебоксары,"ш. Краснофлотское, д. 2 к. 1/2",отправитель
респ. Чечня,Саратов,"бул. Коммуны, д. 3/1 стр. 2/8",отправитель
Краснодарский край,Ярославль,"пер. Тукая, д. 5/6 к. 865",получатель
Забайкальский край,Новосибирск,"наб. Февральская, д. 87 стр. 873",отправитель
Белгородская обл.,Волжский,"алл. Строителей, д. 89 стр. 5",получатель
Тюменская обл.,Новороссийск,"ул. Железнодорожная, д. 193 к. 285",получатель
Красноярский край,Смоленск,"алл. Восточная, д. 299 к. 887",получатель
Ленинградская обл.,Новосибирск,"ш. Космонавтов, д. 5 к. 838",отправитель
Ямало-Ненецкий АО,Самара,"наб. Сурикова, д. 41",получатель
респ. Крым,Оренбург,"наб. Аэродромная, д. 4 стр. 958",получатель
Краснодарский край,Екатеринбург,"пр. Сосновый, д. 430",получатель
респ. Чувашия,Химки,"наб. Энергетическая, д. 253",получатель
Камчатский край,Якутск,"пер. Добролюбова, д. 2 к. 5/2",отправитель
Ненецкий АО,Белгород,"бул. Шаумяна, д. 558 к. 795",получатель
Красноярский край,Каменск-Уральский,"пер. Огородный, д. 2/1",получатель
Чукотский АО,Кострома,"ш. Кочубея, д. 769 к. 9",получатель
респ. Саха (Якутия),Брянск,"бул. Мусы Джалиля, д. 65",получатель
респ. Калмыкия,Челябинск,"ш. Ленинградское, д. 6 стр. 271",получатель
респ. Саха (Якутия),Брянск,"ул. Аэродромная, д. 347 стр. 415",получатель
Калининградская обл.,Владикавказ,"алл. Юбилейная, д. 404",получатель
респ. Чечня,Ставрополь,"алл. 1 Мая, д. 1/9 к. 8",отправитель
Тюменская обл.,Москва,"бул. Станционный, д. 6",получатель
Оренбургская обл.,Тула,"ш. Кирпичное, д. 146",получатель
Приморский край,Барнаул,"ш. Тракторное, д. 216 к. 577",отправитель
респ. Татарстан,Пенза,"пер. Черняховского, д. 38",отправитель
респ. Адыгея,Томск,"пр. Просторный, д. 2 стр. 83",получатель
респ. Адыгея,Ярославль,"наб. Кленовая, д. 785 стр. 349",получатель
респ. Бурятия,Чита,"пер. Розы Люксембург, д. 2 к. 944",отправитель
Ханты-Мансийский АО,Брянск,"ш. Ореховое, д. 6",отправитель
Хабаровский край,Пенза,"пер. Светлый, д. 19",отправитель
Тамбовская обл.,Кострома,"ул. Советской Армии, д. 315",получатель
респ. Коми,Саратов,"бул. Юности, д. 9",получатель
Новгородская обл.,Кемерово,"наб. Дзержинского, д. 3 стр. 99",получатель
Ханты-Мансийский АО,Пермь,"пер. Революции, д. 5/3 стр. 86",получатель
Ненецкий АО,Чебоксары,"ш. Локомотивное, д. 618 стр. 9/2",отправитель
Ярославская обл.,Пермь,"алл. Революционная, д. 704",получатель
Ямало-Ненецкий АО,Тула,"пер. Вокзальный, д. 792 к. 8/8",получатель
Еврейская АО,Ярославль,"пр. Набережный, д. 7 к. 5",получатель
Ивановская обл.,Омск,"бул. Енисейский, д. 6 к. 92",получатель
Курская обл.,Нижний Тагил,"бул. Космонавтов, д. 4/8 стр. 5",получатель
Ростовская обл.,Белгород,"ул. Астраханская, д. 480 стр. 8",получатель
Пермский край,Орёл,"наб. Дзержинского, д. 8 к. 6",отправитель
Нижегородская обл.,Москва,"ул. Попова, д. 610",отправитель
респ. Коми,Череповец,"бул. Восточный, д. 7/1",отправитель
респ. Коми,Владимир,"алл. Хуторская, д. 369",отправитель
Сахалинская обл.,Набережные Челны,"бул. Строителей, д. 3 стр. 82",получатель
Липецкая обл.,Воронеж,"наб. Куйбышева, д. 839 к. 9",отправитель
Сахалинская обл.,Волгоград,"пер. Каштановый, д. 6 стр. 9",отправитель
Еврейская АО,Архангельск,"ш. Лесное, д. 6/4 стр. 727",получатель
Тульская обл.,Омск,"алл. Олимпийская, д. 2 стр. 7",отправитель
Ленинградская обл.,Пенза,"наб. Толстого, д. 365 к. 7",отправитель
Ненецкий АО,Курган,"ул. Ручейная, д. 359 стр. 766",получатель
Алтайский край,Иваново,"бул. Веселый, д. 9",получатель
Пермский край,Оренбург,"ш. Стадионное, д. 40 стр. 55",отправитель
респ. Тыва,Волгоград,"пер. Лермонтова, д. 7/4",отправитель
Ярославская обл.,Химки,"бул. Подгорный, д. 6/3 к. 2",получатель
Ханты-Мансийский АО,Стерлитамак,"алл. Южная, д. 8/1 к. 8/7",получатель
респ. Бурятия,Санкт-Петербург,"ш. Строителей, д. 7 стр. 5/6",отправитель
Пензенская обл.,Ростов-на-Дону,"алл. Октября, д. 8/2 стр. 3",получатель
респ. Адыгея,Екатеринбург,"ул. Челюскинцев, д. 160",отправитель
Камчатский край,Волжский,"наб. Чехова, д. 66",отправитель
Ненецкий АО,Калуга,"пер. Маркса, д. 90 к. 68",получатель
респ. Карачаево-Черкесия,Новороссийск,"пер. Толстого, д. 9",отправитель
Еврейская АО,Иркутск,"бул. Кольцова, д. 7/5 к. 2/2",получатель
Ханты-Мансийский АО,Химки,"наб. Линейная, д. 8/3 к. 862",получатель
Ханты-Мансийский АО,Химки,"ш. Радужное, д. 7 стр. 62",отправитель
Орловская обл.,Рязань,"ш. Малиновое, д. 6 стр. 8/9",отправитель
Ханты-Мансийский АО,Санкт-Петербург,"пер. Войкова, д. 2",получатель
Ростовская обл.,Сургут,"наб. Санаторная, д. 1 стр. 9/6",отправитель
респ. Чечня,Чебоксары,"алл. Кирпичная, д. 176",получатель
респ. Карелия,Тамбов,"пер. Азина, д. 1/4 стр. 2/2",получатель
Ненецкий АО,Королёв,"ул. Кочубея, д. 518 стр. 2/5",отправитель
Тюменская обл.,Воронеж,"бул. Моховой, д. 249 к. 288",отправитель
Вологодская обл.,Белгород,"ш. Малое, д. 7/9 к. 4",отправитель
Ненецкий АО,Каменск-Уральский,"пер. Горный, д. 9",отправитель
Еврейская АО,Набережные Челны,"ул. Щербакова, д. 6 к. 4/9",отправитель
Ямало-Ненецкий АО,Орёл,"ул. Горького, д. 120 к. 8",отправитель
респ. Мордовия,Брянск,"ул. З.Космодемьянской, д. 6/2",отправитель
Еврейская АО,Мурманск,"пр. Азина, д. 3 стр. 4",получатель
Ставропольский край,Новосибирск,"алл. Прибрежная, д. 3/9",отправитель
Калужская обл.,Владивосток,"ул. Лесозаводская, д. 4",получатель
Краснодарский край,Новороссийск,"пр. Кутузова, д. 3/2",отправитель
Ярославская обл.,Подольск,"пр. Базарный, д. 249",отправитель
респ. Чувашия,Волжский,"алл. Свердлова, д. 99 стр. 8",отправитель
респ. Саха (Якутия),Тюмень,"ул. Ясная, д. 448 стр. 42",получатель
Воронежская обл.,Омск,"бул. Пожарского, д. 3/3 к. 5/8",отправитель
Алтайский край,Уфа,"бул. Горняцкий, д. 133 стр. 82",отправитель
Приморский край,Рязань,"пер. Циолковского, д. 25 стр. 3",отправитель
Алтайский край,Комсомольск-на-Амуре,"пер. ДОС, д. 58 стр. 85",получатель
респ. Алтай,Смоленск,"пр. Фабричный, д. 1 к. 2",получатель
Ямало-Ненецкий АО,Тамбов,"ул. Маркса, д. 87 к. 721",отправитель
респ. Коми,Саратов,"ул. Мичурина, д. 7",отправитель
респ. Карачаево-Черкесия,Тамбов,"алл. Пограничная, д. 28",получатель
Еврейская АО,Челябинск,"пер. Угольный, д. 6",получатель
Самарская обл.,Самара,"пр. Свободный, д. 4 к. 57",отправитель
Еврейская АО,Барнаул,"алл. Клубная, д. 2/6 стр. 2",получатель
Хабаровский край,Чита,"бул. Учительский, д. 4/6",получатель
Приморский край,Ставрополь,"ш. Лунное, д. 6 к. 95",получатель
Ямало-Ненецкий АО,Ижевск,"наб. Рябиновая, д. 318",получатель
респ. Чечня,Тверь,"пер. Кубанский, д. 2/5",отправитель
респ. Татарстан,Омск,"бул. Свободный, д. 5 к. 328",отправитель
Ростовская обл.,Орёл,"ш. Механическое, д. 9 к. 479",получатель
респ. Удмуртия,Брянск,"наб. Республиканская, д. 14",отправитель
Забайкальский край,Волжский,"ш. Окружное, д. 6/9",получатель
респ. Адыгея,Хабаровск,"алл. Широкая, д. 6 к. 53",получатель
Смоленская обл.,Владимир,"алл. Володарского, д. 885",получатель
респ. Адыгея,Энгельс,"пер. Мусы Джалиля, д. 705",отправитель
Калужская обл.,Екатеринбург,"ул. Толстого, д. 28 стр. 2/1",получатель
Ульяновская обл.,Липецк,"пр. Кузнецкий, д. 2 к. 58",получатель
респ. Адыгея,Новосибирск,"ш. Клубное, д. 676",отправитель
респ. Ингушетия,Барнаул,"наб. Заречная, д. 4",отправитель
Самарская обл.,Череповец,"пер. Тимирязева, д. 8/2 к. 5/5",получатель
респ. Татарстан,Шахты,"ул. Трудовая, д. 3",получатель
Еврейская АО,Махачкала,"наб. Некрасова, д. 679 к. 47",отправитель
Ямало-Ненецкий АО,Каменск-Уральский,"пр. Строителей, д. 9/7",отправитель
Ставропольский край,Чита,"ш. Горное, д. 283 стр. 54",получатель
респ. Коми,Ростов-на-Дону,"алл. Речная, д. 4/4 стр. 4",отправитель
Алтайский край,Сызрань,"ул. М.Горького, д. 2/4",получатель
Пензенская обл.,Якутск,"ул. Правды, д. 48",получатель
Забайкальский край,Балашиха,"пр. Чернышевского, д. 523",отправитель
респ. Хакасия,Оренбург,"бул. Молодежный, д. 98 стр. 48",отправитель
Саратовская обл.,Тверь,"пер. Войкова, д. 553 стр. 9/2",отправитель
респ. Карачаево-Черкесия,Грозный,"наб. Подстанция, д. 1/5",получатель
респ. Карачаево-Черкесия,Кемерово,"наб. Коминтерна, д. 3/1 стр. 6/5",получатель
Амурская обл.,Челябинск,"пер. Пугачева, д. 437",получатель
Еврейская АО,Рязань,"пер. Леонова, д. 3/8",получатель
Тюменская обл.,Пермь,"ул. Тракторная, д. 8",отправитель
Алтайский край,Ижевск,"пр. Горького, д. 841 стр. 104",получатель
Пермский край,Череповец,"пр. Маяковского, д. 945 к. 5",получатель
Самарская обл.,Сочи,"ул. Кленовая, д. 5 к. 1",получатель
Краснодарский край,Киров,"наб. Кошевого, д. 295 к. 26",получатель
Ямало-Ненецкий АО,Комсомольск-на-Амуре,"пр. Толбухина, д. 482 к. 9",получатель
Краснодарский край,Астрахань,"алл. Интернациональная, д. 10",получатель
респ. Коми,Сочи,"ул. Авиационная, д. 229",получатель
респ. Татарстан,Новокузнецк,"алл. Казанская, д. 6 стр. 5/5",отправитель
Тверская обл.,Ярославль,"бул. Бульварный, д. 15 к. 623",получатель
Ямало-Ненецкий АО,Петрозаводск,"ул. Розы Люксембург, д. 83 к. 8/6",получатель
Камчатский край,Санкт-Петербург,"ш. Колхозное, д. 7/8 к. 2",отправитель
респ. Марий-Эл,Оренбург,"ш. Маркса Карла, д. 3/2 стр. 1",получатель
Ямало-Ненецкий АО,Сургут,"пер. Высоковольтный, д. 6",отправитель
респ. Карелия,Новосибирск,"пр. Речной, д. 7 к. 6",получатель
респ. Карачаево-Черкесия,Петрозаводск,"ул. Гаражная, д. 73 к. 5/7",отправитель
Ивановская обл.,Барнаул,"алл. Тельмана, д. 10 к. 3",получатель
Псковская обл.,Самара,"пр. Бригадный, д. 22 к. 700",получатель
Ульяновская обл.,Хабаровск,"алл. Южная, д. 1 стр. 248",получатель
Забайкальский край,Энгельс,"бул. Ворошилова, д. 68 к. 1/6",отправитель
респ. Башкортостан,Подольск,"ул. Достоевского, д. 1",отправитель
Ивановская обл.,Волгоград,"алл. Ильича, д. 1",отправитель
Хабаровский край,Сургут,"алл. Островского, д. 1 стр. 56",получатель
Курская обл.,Новороссийск,"пр. Дружбы, д. 2",отправитель
респ. Башкортостан,Оренбург,"алл. Братская, д. 31 стр. 782",отправитель
Алтайский край,Энгельс,"бул. Демьяна Бедного, д. 801 стр. 5/9",получатель
респ. Кабардино-Балкария,Химки,"бул. Тимирязева, д. 4/8 к. 5/7",отправитель
респ. Саха (Якутия),Уфа,"пер. Привольный, д. 4/8 стр. 9",получатель
респ. Ингушетия,Москва,"пер. Новостройка, д. 99 к. 8/7",получатель
Ханты-Мансийский АО,Уфа,"алл. Революции, д. 7/7 стр. 672",отправитель
Красноярский край,Тюмень,"алл. Тупиковая, д. 3 стр. 62",отправитель
Пермский край,Кострома,"наб. Заозерная, д. 40 стр. 76",отправитель
Курганская обл.,Новосибирск,"наб. Северная, д. 63 к. 3",получатель
Краснодарский край,Астрахань,"наб. Верхняя, д. 25",отправитель
Краснодарский край,Каменск-Уральский,"ш. Ростовское, д. 7 к. 118",получатель
респ. Крым,Омск,"ул. Центральная, д. 10 стр. 5/7",отправитель
Чукотский АО,Томск,"бул. Орловский, д. 4/2 стр. 97",отправитель
респ. Саха (Якутия),Тамбов,"ул. Чехова, д. 2 стр. 9/2",отправитель
респ. Крым,Магнитогорск,"пр. Щетинкина, д. 784 стр. 9",получатель
респ. Карелия,Калининград,"ул. Поперечная, д. 483 стр. 2/1",получатель
Чукотский АО,Рязань,"наб. З.Космодемьянской, д. 946",получатель
респ. Башкортостан,Астрахань,"ул. О.Кошевого, д. 379",отправитель
Смоленская обл.,Стерлитамак,"ул. Театральная, д. 107 стр. 7/8",отправитель
Приморский край,Подольск,"ул. Громова, д. 8/9 к. 641",получатель
Ненецкий АО,Кострома,"ш. Ставропольское, д. 344 к. 7/2",отправитель
Еврейская АО,Киров,"ш. Горное, д. 5 стр. 99",получатель
респ. Тыва,Сургут,"пер. Ударный, д. 9/4",получатель
Краснодарский край,Курск,"пр. Чайковского, д. 3 к. 147",получатель
респ. Марий-Эл,Чебоксары,"ш. Попова, д. 904",отправитель
Чукотский АО,Волжский,"бул. Рабочий, д. 7 к. 4",получатель
Краснодарский край,Калуга,"бул. Леонова, д. 9 к. 92",отправитель
Приморский край,Комсомольск-на-Амуре,"ул. Зои Космодемьянской, д. 9/8 стр. 33",получатель
Смоленская обл.,Ульяновск,"бул. Гастелло, д. 7 к. 2",получатель
Тамбовская обл.,Энгельс,"бул. Серова, д. 461 к. 230",получатель
респ. Калмыкия,Королёв,"бул. Ломоносова, д. 19",получатель
Ханты-Мансийский АО,Ставрополь,"алл. Минина, д. 430 стр. 37",получатель
респ. Татарстан,Нижний Тагил,"бул. Журавлева, д. 77",получатель
Чукотский АО,Стерлитамак,"наб. 8-е Марта, д. 171 стр. 31",отправитель
Алтайский край,Тверь,"бул. М.Горького, д. 247",отправитель
Чукотский АО,Иркутск,"пр. Придорожный, д. 26",получатель
респ. Удмуртия,Владикавказ,"бул. Ульянова, д. 79 стр. 4",отправитель
Красноярский край,Архангельск,"пер. Магистральный, д. 73 к. 8/9",получатель
респ. Алтай,Сочи,"бул. Карбышева, д. 3/7 стр. 7/8",получатель
респ. Карелия,Самара,"алл. Красногвардейская, д. 488 к. 613",отправитель
респ. Чувашия,Тюмень,"бул. Балтийский, д. 1 стр. 13",отправитель
Ставропольский край,Кемерово,"пер. Элеваторный, д. 2/9 к. 650",отправитель
Ямало-Ненецкий АО,Шахты,"ш. Флотское, д. 732",отправитель
респ. Карачаево-Черкесия,Волгоград,"ул. Чайкиной, д. 6/6 стр. 953",отправитель
респ. Хакасия,Шахты,"алл. Депутатская, д. 15",получатель
Пермский край,Иваново,"ул. Курортная, д. 586 стр. 8/5",получатель
Ярославская обл.,Пермь,"наб. Воровского, д. 533 к. 29",получатель
респ. Бурятия,Якутск,"бул. Заовражный, д. 926 к. 9/6",получатель
Пермский край,Томск,"пер. Огородный, д. 6/5 стр. 182",отправитель
респ. Кабардино-Балкария,Красноярск,"пр. Астраханский, д. 9 к. 8",получатель
Чукотский АО,Орёл,"ул. Совхозная, д. 374 стр. 63",отправитель
Астраханская обл.,Липецк,"ул. 9 Января, д. 654 стр. 2/9",отправитель
респ. Удмуртия,Химки,"пер. Московский, д. 9 стр. 570",отправитель
Пермский край,Новосибирск,"бул. Волочаевский, д. 23 стр. 84",отправитель
Свердловская обл.,Краснодар,"наб. Гоголя, д. 15 к. 5/3",получатель
респ. Хакасия,Томск,"ш. Зеленое, д. 5 к. 34",получатель
Ямало-Ненецкий АО,Ижевск,"пер. Морской, д. 78 к. 5",отправитель
респ. Тыва,Сызрань,"ул. Раздольная, д. 34 к. 212",отправитель
Ставропольский край,Якутск,"алл. Клары Цеткин, д. 7/2 стр. 7",отправитель
Еврейская АО,Новокузнецк,"алл. Иванова, д. 20 стр. 29",отправитель
Чукотский АО,Махачкала,"алл. Тельмана, д. 85 к. 1/3",получатель
Забайкальский край,Тамбов,"ш. З.Космодемьянской, д. 479 к. 7/8",получатель
респ. Саха (Якутия),Омск,"алл. Щорса, д. 7 стр. 3",получатель
Калужская обл.,Волжский,"алл. Станиславского, д. 25 стр. 1",отправитель
Хабаровский край,Владимир,"пер. Стахановский, д. 8/7",получатель
Еврейская АО,Пенза,"пр. Гражданский, д. 180",получатель
респ. Удмуртия,Хабаровск,"ш. Ульянова, д. 8/8 стр. 84",отправитель
респ. Алтай,Чита,"алл. Просвещения, д. 3/4 к. 37",отправитель
Пермский край,Барнаул,"ул. Ульяновская, д. 300",получатель
Чукотский АО,Волгоград,"ш. Заовражное, д. 78",получатель
респ. Карелия,Балашиха,"ш. 60 лет Октября, д. 994",получатель
Свердловская обл.,Петрозаводск,"наб. Коммунальная, д. 4",отправитель
Ханты-Мансийский АО,Шахты,"алл. Фабричная, д. 2/9",отправитель
Ярославская обл.,Саратов,"пер. Ленинградский, д. 1 к. 837",получатель
Калужская обл.,Химки,"алл. Высоковольтная, д. 494 к. 791",получатель
Хабаровский край,Уфа,"наб. Российская, д. 855 стр. 410",получатель
Красноярский край,Пермь,"ул. Ореховая, д. 55 к. 256",отправитель
Ямало-Ненецкий АО,Владимир,"бул. Больничный, д. 5 к. 6",получатель
Чукотский АО,Подольск,"пр. Буденного, д. 5/3 к. 98",отправитель
респ. Калмыкия,Новосибирск,"алл. Вокзальная, д. 4/7 стр. 9",получатель
Алтайский край,Екатеринбург,"алл. Ульяновская, д. 9",получатель
Хабаровский край,Красноярск,"бул. Красных Партизан, д. 1/9",получатель
Алтайский край,Грозный,"ул. Ворошилова, д. 5/2 стр. 13",отправитель
Магаданская обл.,Иваново,"бул. Омский, д. 4/1",отправитель
Еврейская АО,Калининград,"наб. Толбухина, д. 329 стр. 270",отправитель
респ. Калмыкия,Краснодар,"наб. Попова, д. 4",получатель
Чукотский АО,Сызрань,"пр. Волочаевский, д. 4/7",отправитель
Камчатский край,Новосибирск,"пр. Тюленина, д. 86 к. 462",получатель
Хабаровский край,Иркутск,"бул. Мусы Джалиля, д. 8/2",отправитель
Ненецкий АО,Подольск,"наб. Высокая, д. 927",отправитель
респ. Марий-Эл,Тольятти,"пер. Нагорный, д. 3/2",получатель
Приморский край,Иваново,"бул. Кирпичный, д. 81 к. 53",отправитель
Забайкальский край,Иваново,"бул. Майский, д. 5 к. 1",отправитель
Приморский край,Балашиха,"алл. Новгородская, д. 6/4 стр. 447",отправитель
Краснодарский край,Нижний Новгород,"бул. Краснознаменный, д. 95 к. 9/8",получатель
Пермский край,Новокузнецк,"алл. Гражданская, д. 7/9",отправитель
Ханты-Мансийский АО,Волжский,"бул. ДОС, д. 2",отправитель
Тульская обл.,Шахты,"наб. Свободная, д. 4/4",отправитель
Забайкальский край,Брянск,"ул. Октября, д. 8 к. 2",получатель
Псковская обл.,Брянск,"бул. О.Кошевого, д. 2 к. 1",получатель
Приморский край,Брянск,"алл. Жданова, д. 76 к. 7/2",отправитель
респ. Калмыкия,Новороссийск,"ш. Республиканское, д. 1 стр. 8",отправитель
Ямало-Ненецкий АО,Москва,"ул. Кузнецкая, д. 414",получатель
респ. Крым,Хабаровск,"ул. Омская, д. 74",отправитель
Курганская обл.,Архангельск,"наб. Элеваторная, д. 409 к. 9",получатель
Пермский край,Шахты,"пер. Зои Космодемьянской, д. 6/8",отправитель
Ивановская обл.,Нижний Тагил,"пр. Карла Либкнехта, д. 898",отправитель
респ. Татарстан,Тверь,"пр. Учительский, д. 288 к. 8",отправитель
Ханты-Мансийский АО,Екатеринбург,"ул. Овражная, д. 938 к. 144",отправитель
Ненецкий АО,Челябинск,"наб. Дальневосточная, д. 7 стр. 3/3",получатель
Чукотский АО,Владимир,"ул. Геологов, д. 389 к. 4/4",отправитель
респ. Кабардино-Балкария,Киров,"пр. Красногвардейский, д. 45 стр. 231",получатель
Чукотский АО,Архангельск,"ул. Павлова, д. 7/4 к. 4/1",отправитель
Еврейская АО,Архангельск,"пер. Циолковского, д. 4",отправитель
респ. Коми,Нижний Новгород,"наб. Разина, д. 7 стр. 8",отправитель
респ. Ингушетия,Чебоксары,"наб. Лермонтова, д. 6/3 к. 5/9",получатель
респ. Мордовия,Сургут,"наб. Юбилейная, д. 2 к. 2/9",отправитель
Новгородская обл.,Сызрань,"наб. Строителей, д. 8/8 к. 4",отправитель
респ. Бурятия,Новокузнецк,"пр. Плеханова, д. 20 стр. 3/3",получатель
Белгородская обл.,Тамбов,"ул. Братская, д. 371",отправитель
респ. Мордовия,Сызрань,"бул. Челюскинцев, д. 477 стр. 1",получатель
Вологодская обл.,Белгород,"наб. Полтавская, д. 6/4",получатель
Ханты-Мансийский АО,Омск,"алл. Загородная, д. 888 к. 7",отправитель
Чукотский АО,Новороссийск,"алл. Пугачева, д. 52 к. 58",отправитель
респ. Карелия,Тула,"алл. Черемушки, д. 2/1 стр. 7/6",отправитель
респ. Дагестан,Воронеж,"наб. Краснознаменная, д. 4/3",получатель
Ненецкий АО,Иваново,"ул. Горная, д. 8/5",получатель
Ставропольский край,Владимир,"пер. Кольцова, д. 2 к. 245",получатель
Белгородская обл.,Барнаул,"бул. Энгельса, д. 5 к. 12",получатель
Нижегородская обл.,Екатеринбург,"бул. Глинки, д. 4 к. 109",отправитель
Кировская обл.,Мурманск,"алл. Докучаева, д. 17",получатель
респ. Крым,Ставрополь,"пер. Васильковый, д. 40 стр. 5",отправитель
респ. Коми,Новокузнецк,"пер. Грибоедова, д. 36 к. 97",отправитель
Амурская обл.,Челябинск,"наб. Есенина, д. 4 стр. 653",получатель
Кемеровская обл.,Ижевск,"ул. Крупской, д. 55 к. 654",получатель
Чукотский АО,Калининград,"ул. Терешковой, д. 42 стр. 9",отправитель
Красноярский край,Владимир,"пр. Олега Кошевого, д. 777 к. 5",получатель
Красноярский край,Красноярск,"ш. Фестивальное, д. 256 стр. 6",получатель
респ. Тыва,Курган,"наб. Садовая, д. 2 к. 18",отправитель
Ханты-Мансийский АО,Сызрань,"бул. Серафимовича, д. 7/8 к. 5",получатель
Приморский край,Каменск-Уральский,"пр. Запрудный, д. 2/4",получатель
Еврейская АО,Красноярск,"наб. Ручейная, д. 226 к. 7/8",отправитель
Пермский край,Москва,"пр. Комсомольский, д. 2 к. 9/2",получатель
Алтайский край,Энгельс,"пер. Ветеранов, д. 259",получатель
Чукотский АО,Новосибирск,"пер. Энергетиков, д. 3",получатель
Хабаровский край,Махачкала,"алл. Северная, д. 9 стр. 7",отправитель
респ. Чечня,Сызрань,"бул. Октябрьский, д. 53 стр. 4",получатель
Владимирская обл.,Череповец,"ш. Кочубея, д. 96 стр. 88",получатель
Приморский край,Калининград,"ш. Солнечное, д. 3",отправитель
респ. Хакасия,Брянск,"бул. Полевой, д. 571 к. 686",получатель
респ. Калмыкия,Калуга,"ул. Колхозная, д. 525 к. 5",получатель
респ. Бурятия,Омск,"наб. Энергетическая, д. 257 к. 700",получатель
Хабаровский край,Красноярск,"ул. Дружбы, д. 7/6 стр. 93",получатель
Приморский край,Томск,"пр. Песочный, д. 27 стр. 3/9",отправитель
респ. Башкортостан,Казань,"наб. Петровская, д. 131 стр. 53",отправитель
респ. Крым,Ульяновск,"пр. Волгоградский, д. 332 стр. 8/8",получатель
Алтайский край,Грозный,"алл. Интернациональная, д. 8/8 стр. 193",получатель
Самарская обл.,Астрахань,"пр. Грибоедова, д. 517 к. 1",получатель
Ямало-Ненецкий АО,Астрахань,"пр. Просвещения, д. 836 к. 121",отправитель
Чукотский АО,Мурманск,"ул. Ленинградская, д. 8/7 к. 6/4",отправитель
Костромская обл.,Самара,"бул. Карбышева, д. 94 стр. 4/8",получатель
респ. Калмыкия,Красноярск,"наб. Ягодная, д. 579",отправитель
Камчатский край,Смоленск,"наб. Чапаева, д. 1",получатель
респ. Чечня,Сургут,"ш. Луговое, д. 96 стр. 53",получатель
Алтайский край,Томск,"наб. Юбилейная, д. 33 стр. 41",получатель
Хабаровский край,Рязань,"пр. К.Маркса, д. 2 к. 902",отправитель
Ленинградская обл.,Комсомольск-на-Амуре,"бул. Бригадный, д. 68 стр. 7",получатель
Красноярский край,Тамбов,"ул. 70 лет Октября, д. 5/6 к. 93",отправитель
респ. Чечня,Белгород,"ул. Астраханская, д. 6/6 стр. 1/5",получатель
Чукотский АО,Кострома,"пр. Сурикова, д. 1",отправитель
Костромская обл.,Курск,"наб. Колхозная, д. 746",отправитель
респ. Бурятия,Петрозаводск,"ш. Казанское, д. 444",отправитель
Чукотский АО,Кострома,"ул. Проточная, д. 54",получатель
Чукотский АО,Подольск,"наб. Мирная, д. 759 к. 971",получатель
Приморский край,Ставрополь,"наб. Тупиковая, д. 8/6",получатель
Еврейская АО,Тамбов,"пр. Толбухина, д. 1",получатель
респ. Бурятия,Орёл,"наб. Школьная, д. 28 к. 91",получатель
респ. Башкортостан,Чита,"алл. Прохладная, д. 76 стр. 26",отправитель
Еврейская АО,Ярославль,"бул. Медицинский, д. 3/9 к. 25",получатель
Приморский край,Иваново,"ш. Свободы, д. 827 стр. 78",отправитель
Приморский край,Архангельск,"пр. Дорожный, д. 6/5 стр. 2",отправитель
Чукотский АО,Грозный,"ш. Водопроводное, д. 475 стр. 25",отправитель
респ. Чечня,Рязань,"наб. Харьковская, д. 127 к. 739",получатель
Забайкальский край,Тверь,"алл. Кольцевая, д. 34 стр. 6/8",отправитель
Еврейская АО,Волжский,"ул. Папанина, д. 863 стр. 7",отправитель
Ненецкий АО,Саратов,"пер. Прохладный, д. 993 к. 300",получатель
респ. Чувашия,Ижевск,"ул. Подлесная, д. 524 к. 56",получатель
респ. Дагестан,Владивосток,"пр. Курортный, д. 9 стр. 43",получатель
респ. Удмуртия,Ижевск,"ш. Крылова, д. 43",получатель
Хабаровский край,Чита,"ул. Ломоносова, д. 8 стр. 1/2",отправитель
Ненецкий АО,Астрахань,"пер. 30 лет Победы, д. 5 к. 69",получатель
Пензенская обл.,Каменск-Уральский,"ул. Разина, д. 1 к. 6/3",отправитель
респ. Коми,Балашиха,"бул. Минский, д. 6 стр. 8/6",отправитель
респ. Северная Осетия - Алания,Курган,"пр. Черемушки, д. 74 к. 775",получатель
Пермский край,Якутск,"наб. Фадеева, д. 453",получатель
Чукотский АО,Кострома,"пр. Микрорайон, д. 656 к. 3/7",получатель
Ставропольский край,Сургут,"бул. Котовского, д. 28",получатель
респ. Дагестан,Орёл,"ш. Южное, д. 5",отправитель
Ханты-Мансийский АО,Краснодар,"наб. Тупиковая, д. 31",отправитель
Ямало-Ненецкий АО,Новосибирск,"наб. Брянская, д. 3",отправитель
Томская обл.,Калининград,"ул. Стахановская, д. 20",получатель
респ. Марий-Эл,Магнитогорск,"алл. Ветеранов, д. 71",получатель
Пермский край,Санкт-Петербург,"ул. Бажова, д. 51 к. 105",получатель
Ханты-Мансийский АО,Пермь,"пр. Покровский, д. 4 стр. 54",отправитель
Пермский край,Тверь,"алл. Белинского, д. 4/2",получатель
респ. Чувашия,Новороссийск,"ш. Широкое, д. 9 к. 1/4",получатель
Ханты-Мансийский АО,Сызрань,"пер. Панфилова, д. 8",отправитель
Ямало-Ненецкий АО,Чебоксары,"бул. Механический, д. 57 стр. 787",отправитель
Ханты-Мансийский АО,Краснодар,"ш. Геологов, д. 1/7 к. 734",получатель
респ. Тыва,Чита,"пр. Ленский, д. 2/4 стр. 5/7",отправитель
респ. Ингушетия,Пермь,"ш. Песчаное, д. 2 к. 4/5",получатель
Курская обл.,Омск,"ул. Геологическая, д. 757",отправитель
Ханты-Мансийский АО,Брянск,"алл. Фрунзе, д. 649 к. 82",получатель
респ. Дагестан,Самара,"алл. Привольная, д. 13 стр. 99",получатель
респ. Татарстан,Каменск-Уральский,"пр. Никитина, д. 8/5 к. 24",получатель
Ямало-Ненецкий АО,Москва,"пр. К.Маркса, д. 6 к. 446",получатель
Орловская обл.,Владимир,"пр. Озерный, д. 135 к. 92",получатель
Ставропольский край,Пенза,"наб. Овражная, д. 31 стр. 6/5",получатель
Ненецкий АО,Липецк,"пр. Менделеева, д. 92 к. 174",получатель
Псковская обл.,Калининград,"ул. Гаражная, д. 389 к. 66",отправитель
Омская обл.,Воронеж,"бул. Главный, д. 9/6",отправитель
респ. Мордовия,Чебоксары,"бул. Гафури, д. 62 к. 7",отправитель
Архангельская обл.,Тольятти,"ул. Луначарского, д. 8/2 стр. 9/8",отправитель
Еврейская АО,Петрозаводск,"ш. Карбышева, д. 13 стр. 3",отправитель
респ. Кабардино-Балкария,Тюмень,"бул. Вокзальный, д. 2",отправитель
респ. Крым,Санкт-Петербург,"ул. Малиновая, д. 2 к. 5/8",отправитель
респ. Башкортостан,Краснодар,"пр. Сурикова, д. 340 стр. 331",получатель
Ненецкий АО,Курск,"ул. Малая, д. 202 к. 76",отправитель
респ. Карелия,Чебоксары,"пер. Краснопартизанский, д. 5/5 к. 69",получатель
Камчатский край,Иркутск,"ш. Никитина, д. 316 стр. 7",отправитель
Чукотский АО,Комсомольск-на-Амуре,"наб. Водопроводная, д. 42 к. 5",отправитель
Ростовская обл.,Сызрань,"пр. Революции, д. 715 к. 156",получатель
Иркутская обл.,Калуга,"пер. Кирова, д. 79",отправитель
респ. Чечня,Курган,"ул. Казанская, д. 76 к. 15",отправитель
Ленинградская обл.,Брянск,"алл. Индустриальная, д. 863 к. 87",отправитель
Новгородская обл.,Пенза,"алл. Запрудная, д. 6 стр. 81",отправитель
респ. Карачаево-Черкесия,Курск,"бул. Урожайный, д. 7/4 стр. 4",отправитель
Краснодарский край,Владимир,"наб. Королева, д. 8",отправитель
Ямало-Ненецкий АО,Астрахань,"наб. Иркутская, д. 3/6 к. 349",отправитель
Пермский край,Пенза,"ш. Нахимова, д. 9/3 стр. 88",отправитель
респ. Коми,Оренбург,"бул. Камский, д. 2/5 стр. 3",отправитель
Краснодарский край,Комсомольск-на-Амуре,"пр. Олега Кошевого, д. 879 стр. 375",получатель
Челябинская обл.,Ростов-на-Дону,"пр. 60 лет Октября, д. 308 к. 8",отправитель
Хабаровский край,Хабаровск,"бул. 8 Марта, д. 8/6 стр. 2/1",получатель
респ. Карачаево-Черкесия,Ставрополь,"ш. Февральское, д. 1/6",отправитель
Еврейская АО,Сочи,"пр. Макаренко, д. 7 стр. 91",отправитель
Ямало-Ненецкий АО,Архангельск,"алл. Плеханова, д. 296 стр. 9/6",получатель
респ. Саха (Якутия),Челябинск,"бул. Красный, д. 3/5 стр. 23",отправитель
респ. Чечня,Рязань,"бул. Просторный, д. 19 к. 814",отправитель
Ставропольский край,Магнитогорск,"алл. Сенная, д. 5/1 к. 167",отправитель
Ханты-Мансийский АО,Ижевск,"ул. Минина, д. 443 к. 132",отправитель
Чукотский АО,Магнитогорск,"алл. Тракторная, д. 6/9",отправитель
респ. Дагестан,Волгоград,"алл. Короткая, д. 54 стр. 1/2",отправитель
Пермский край,Сочи,"пр. Высоковольтный, д. 59",отправитель
Ямало-Ненецкий АО,Волгоград,"бул. Брянский, д. 7/4 стр. 121",отправитель
Ханты-Мансийский АО,Новороссийск,"наб. Репина, д. 77 к. 1",получатель
Амурская обл.,Воронеж,"наб. Снежная, д. 224 стр. 93",получатель
Ямало-Ненецкий АО,Липецк,"наб. Красногвардейская, д. 95",отправитель
Ямало-Ненецкий АО,Чита,"пр. Социалистический, д. 513 к. 5/1",получатель
Алтайский край,Грозный,"ш. Республиканское, д. 8 стр. 7",получатель
Ямало-Ненецкий АО,Воронеж,"алл. Кольцова, д. 875 к. 9",получатель
респ. Северная Осетия - Алания,Пенза,"бул. Лесхозный, д. 726 стр. 2",получатель
респ. Крым,Каменск-Уральский,"ш. Дружба, д. 25 стр. 2/6",отправитель
респ. Чувашия,Каменск-Уральский,"бул. Тенистый, д. 2/3 к. 748",отправитель
Камчатский край,Брянск,"наб. Блюхера, д. 23 к. 5",получатель
Ярославская обл.,Курск,"алл. Розы Люксембург, д. 1",отправитель
Краснодарский край,Саратов,"алл. Достоевского, д. 553",получатель
Московская обл.,Ставрополь,"наб. Воронежская, д. 9 стр. 3",отправитель
респ. Дагестан,Иваново,"алл. Малая, д. 53 стр. 1/8",получатель
Ставропольский край,Сызрань,"бул. Степана Разина, д. 3/4 к. 4/8",отправитель
Алтайский край,Пенза,"пер. Хвойный, д. 361",отправитель
Ярославская обл.,Красноярск,"ш. 1 Мая, д. 5/7 к. 82",отправитель
Еврейская АО,Кемерово,"бул. Луначарского, д. 961",отправитель
Курганская обл.,Химки,"пр. Ленина, д. 4 стр. 526",отправитель
Чукотский АО,Иркутск,"ул. Пирогова, д. 84 к. 5",получатель
Ханты-Мансийский АО,Ижевск,"пр. Березовый, д. 2/7 к. 4",получатель
Пензенская обл.,Брянск,"алл. Таежная, д. 7",отправитель
Ямало-Ненецкий АО,Балашиха,"бул. Полярный, д. 350 стр. 8",отправитель
Курганская обл.,Тамбов,"наб. Есенина, д. 3 стр. 49",отправитель
респ. Марий-Эл,Смоленск,"пер. Ударный, д. 676 стр. 1/1",получатель
респ. Саха (Якутия),Набережные Челны,"ш. Докучаева, д. 377 стр. 9/6",отправитель
Красноярский край,Орёл,"пер. Фестивальный, д. 78 стр. 2",получатель
Еврейская АО,Уфа,"ул. Ульяновская, д. 90 к. 5/1",отправитель
Приморский край,Ростов-на-Дону,"бул. Тимирязева, д. 22 стр. 898",отправитель
Курганская обл.,Ульяновск,"пр. Молодежный, д. 3",отправитель
Хабаровский край,Тамбов,"пр. 40 лет Октября, д. 1/1 стр. 91",отправитель
Сахалинская обл.,Казань,"алл. Пугачева, д. 7/3 к. 3",получатель
респ. Бурятия,Смоленск,"ш. Механическое, д. 9/6 к. 41",получатель
Ямало-Ненецкий АО,Тольятти,"пр. Титова, д. 694",получатель
Чукотский АО,Рязань,"пр. Советов, д. 258 стр. 901",получатель
респ. Карелия,Смоленск,"пер. Бригадный, д. 4 стр. 58",отправитель
респ. Саха (Якутия),Стерлитамак,"наб. Слободская, д. 711 стр. 66",отправитель
Ямало-Ненецкий АО,Орёл,"алл. Тульская, д. 2",получатель
Краснодарский край,Челябинск,"ул. Фабричная, д. 352 стр. 4/4",отправитель
Чукотский АО,Орёл,"алл. Маяковского, д. 17",отправитель
Хабаровский край,Курган,"ш. Толстого, д. 5/9 стр. 7",отправитель
Пермский край,Тюмень,"ш. Льва Толстого, д. 8/1 к. 231",получатель
Сахалинская обл.,Томск,"ш. Мирное, д. 3/6 стр. 5/8",отправитель
Приморский край,Челябинск,"ул. Широкая, д. 878 к. 824",получатель
Белгородская обл.,Новороссийск,"ул. Кубанская, д. 8/1 к. 72",отправитель
Камчатский край,Иваново,"ул. Индустриальная, д. 50 стр. 9",получатель
Орловская обл.,Астрахань,"пр. Демьяна Бедного, д. 75 к. 324",отправитель
Чукотский АО,Курган,"пр. Омский, д. 5",получатель
Забайкальский край,Москва,"ул. Прибрежная, д. 5",отправитель
респ. Карелия,Санкт-Петербург,"пр. Тенистый, д. 4 к. 88",получатель
Ненецкий АО,Оренбург,"пр. Лесозаводский, д. 6 к. 4",получатель
Ханты-Мансийский АО,Химки,"пр. Флотский, д. 63 к. 636",отправитель
Рязанская обл.,Челябинск,"ш. Огородное, д. 20",отправитель
Еврейская АО,Комсомольск-на-Амуре,"алл. Трактовая, д. 20",получатель
Пермский край,Томск,"пр. Мостовой, д. 7/9 к. 625",отправитель
респ. Удмуртия,Томск,"бул. Белинского, д. 24 стр. 5/8",отправитель
Пермский край,Курган,"ул. Аэродромная, д. 98 к. 3",отправитель
Красноярский край,Иркутск,"ул. Придорожная, д. 7 к. 79",получатель
Пермский край,Воронеж,"алл. Ярославская, д. 1/1 к. 4/7",отправитель
респ. Калмыкия,Калининград,"ул. 9 Января, д. 2/4 стр. 760",отправитель
Камчатский край,Киров,"алл. Пушкина, д. 4 стр. 55",отправитель
Еврейская АО,Иваново,"ул. Южная, д. 296 стр. 8/9",отправитель
респ. Северная Осетия - Алания,Балашиха,"пр. Коммунальный, д. 1/9",получатель
респ. Ингушетия,Липецк,"пер. Чайковского, д. 39 стр. 44",отправитель
респ. Алтай,Тамбов,"пр. Шахтерский, д. 5/6 стр. 474",получатель
Нижегородская обл.,Челябинск,"ш. Никитина, д. 22",отправитель
Хабаровский край,Якутск,"ул. Юности, д. 3 к. 16",отправитель
Кемеровская обл.,Тольятти,"ул. 8-е Марта, д. 1",отправитель
Ставропольский край,Курск,"пер. Мая 1, д. 193",отправитель
Еврейская АО,Якутск,"пер. Проточный, д. 8/8 стр. 7/9",отправитель
Орловская обл.,Шахты,"алл. Тракторная, д. 72 стр. 45",отправитель
Иркутская обл.,Новокузнецк,"бул. Ульянова, д. 631",отправитель
Пермский край,Брянск,"ул. Кирпичная, д. 7/3 к. 9/2",получатель
Алтайский край,Челябинск,"алл. Детская, д. 46",получатель
Чукотский АО,Екатеринбург,"алл. Амурская, д. 5",отправитель
Ханты-Мансийский АО,Тюмень,"пр. Фадеева, д. 75",отправитель
Иркутская обл.,Красноярск,"наб. Рябиновая, д. 6",отправитель
Мурманская обл.,Липецк,"ш. Чайковского, д. 105",отправитель
Чукотский АО,Орёл,"пр. Малый, д. 6/3 стр. 2",получатель
Ханты-Мансийский АО,Курган,"пер. Луговой, д. 5/7 к. 7/9",отправитель
респ. Адыгея,Тверь,"пр. Новосельский, д. 27 к. 9",отправитель
респ. Ингушетия,Краснодар,"ш. Парижской Коммуны, д. 967 стр. 632",получатель
Ямало-Ненецкий АО,Ижевск,"пр. Чернышевского, д. 1",получатель
Астраханская обл.,Калининград,"ул. Морская, д. 59 к. 8/2",отправитель
Калининградская обл.,Махачкала,"ул. Тепличная, д. 6/1 стр. 3",отправитель
Ханты-Мансийский АО,Пермь,"бул. Центральный, д. 958 стр. 3/1",получатель
респ. Алтай,Череповец,"наб. Одесская, д. 6 стр. 81",получатель
респ. Мордовия,Сызрань,"ш. Омское, д. 7/5 стр. 644",отправитель
Оренбургская обл.,Тула,"пер. Ключевой, д. 8/5 к. 7/4",получатель
респ. Кабардино-Балкария,Мурманск,"ш. Волжское, д. 3",отправитель
Камчатский край,Нижний Новгород,"ш. Олимпийское, д. 41",получатель
респ. Саха (Якутия),Ульяновск,"пер. Гастелло, д. 492",получатель
Белгородская обл.,Краснодар,"пр. Невского, д. 4",отправитель
Ленинградская обл.,Новосибирск,"алл. Чапаева, д. 53",отправитель
Ямало-Ненецкий АО,Ростов-на-Дону,"пр. Загородный, д. 6 стр. 8",отправитель
респ. Северная Осетия - Алания,Сызрань,"ул. Беляева, д. 1/6 стр. 3",получатель
респ. Карелия,Хабаровск,"ул. Калужская, д. 5 стр. 86",отправитель
Московская обл.,Саратов,"алл. Троицкая, д. 38 к. 1/5",получатель
респ. Алтай,Иркутск,"алл. Горняцкая, д. 4/7 стр. 53",отправитель
Ханты-Мансийский АО,Сургут,"пр. Воронежский, д. 4 стр. 6",получатель
респ. Дагестан,Каменск-Уральский,"бул. Инженерный, д. 5",получатель
Краснодарский край,Москва,"ш. ДОС, д. 99 стр. 910",отправитель
Красноярский край,Сочи,"пр. ДОС, д. 7/5 стр. 61",отправитель
Ненецкий АО,Челябинск,"алл. Ушакова, д. 5/6 к. 970",получатель
респ. Карачаево-Черкесия,Ставрополь,"пер. Гражданский, д. 2",отправитель
Архангельская обл.,Стерлитамак,"пер. Тульский, д. 925 к. 1/3",получатель
респ. Удмуртия,Сочи,"наб. Кольцевая, д. 85",отправитель
респ. Карачаево-Черкесия,Чебоксары,"ш. Королева, д. 71",получатель
Саратовская обл.,Смоленск,"пер. Революции, д. 815 стр. 1",отправитель
Приморский край,Киров,"пр. Гончарова, д. 39 к. 8",получатель
Чукотский АО,Сочи,"пр. Тельмана, д. 3/1 к. 840",отправитель
Приморский край,Саратов,"пр. Астраханский, д. 64",отправитель
Ставропольский край,Сочи,"ул. Привольная, д. 8/8 к. 5/5",отправитель
Хабаровский край,Кемерово,"бул. Геологов, д. 3 стр. 7/8",получатель
Костромская обл.,Москва,"бул. Трудовой, д. 2",отправитель
респ. Чувашия,Брянск,"бул. Рыбацкий, д. 6 стр. 8",получатель
респ. Калмыкия,Грозный,"наб. Ленская, д. 297 стр. 8",отправитель
Пермский край,Владикавказ,"алл. Краснодарская, д. 9 к. 6/1",получатель
Липецкая обл.,Якутск,"пр. Космический, д. 1",отправитель
Забайкальский край,Мурманск,"пер. Сахалинский, д. 736 к. 480",получатель
Костромская обл.,Киров,"пер. Сахалинский, д. 699 стр. 8/6",отправитель
Ненецкий АО,Грозный,"бул. Ветеранов, д. 224 стр. 32",отправитель
Ханты-Мансийский АО,Каменск-Уральский,"пер. Лунный, д. 7/1 к. 364",получатель
Ямало-Ненецкий АО,Санкт-Петербург,"наб. Есенина, д. 67 стр. 3/9",получатель
Ростовская обл.,Ульяновск,"бул. Березовый, д. 451 к. 32",получатель
Ханты-Мансийский АО,Оренбург,"ул. 50 лет ВЛКСМ, д. 363",отправитель
Курская обл.,Красноярск,"ш. Интернациональное, д. 2 к. 15",получатель
респ. Адыгея,Стерлитамак,"ш. О.Кошевого, д. 5",получатель
Камчатский край,Тамбов,"наб. Правды, д. 289 к. 8/1",получатель
Ненецкий АО,Екатеринбург,"ш. Волжское, д. 7 стр. 5/9",отправитель
Ставропольский край,Пенза,"бул. Докучаева, д. 17 стр. 534",получатель
Приморский край,Ульяновск,"ул. Фестивальная, д. 811 стр. 7",получатель
Чукотский АО,Новосибирск,"ул. Красноярская, д. 390",отправитель
респ. Карачаево-Черкесия,Краснодар,"наб. Комсомольская, д. 41 к. 9",получатель
респ. Коми,Архангельск,"наб. Маяковского, д. 90 к. 563",отправитель
Ханты-Мансийский АО,Грозный,"ул. Культуры, д. 1/8",получатель
Еврейская АО,Владимир,"ул. Красноармейская, д. 7 к. 93",получатель
Камчатский край,Волгоград,"ш. Южное, д. 6",отправитель
Ненецкий АО,Калуга,"пр. Заливный, д. 8",получатель
Алтайский край,Воронеж,"пр. Зеленый, д. 849",получатель
Чукотский АО,Петрозаводск,"алл. Казачья, д. 2 к. 5/4",получатель
респ. Адыгея,Каменск-Уральский,"ш. Дальневосточное, д. 22 к. 306",получатель
Саратовская обл.,Энгельс,"алл. Гражданская, д. 81 стр. 555",отправитель
Смоленская обл.,Петрозаводск,"пер. Гафури, д. 133",отправитель
Ямало-Ненецкий АО,Москва,"алл. Снежная, д. 11 к. 4",отправитель
Ханты-Мансийский АО,Курган,"бул. Логовой, д. 6/3",получатель
Ненецкий АО,Мурманск,"бул. Горького, д. 1 к. 2/4",получатель
Красноярский край,Оренбург,"ул. Смирнова, д. 8/3",получатель
Камчатский край,Набережные Челны,"бул. Бажова, д. 3/7 стр. 88",отправитель
Саратовская обл.,Набережные Челны,"пер. Журавлева, д. 160 к. 718",отправитель
респ. Чувашия,Уфа,"ш. Блюхера, д. 4/5",отправитель
респ. Северная Осетия - Алания,Пермь,"ш. Ярославское, д. 5 стр. 5",отправитель
Чукотский АО,Ярославль,"наб. Морозова, д. 5",отправитель
респ. Коми,Новосибирск,"пр. Индустриальный, д. 8/4 к. 3",получатель
респ. Марий-Эл,Ставрополь,"бул. Чехова, д. 4/8 стр. 5/5",получатель
Ненецкий АО,Ставрополь,"наб. Механическая, д. 681",получатель
Красноярский край,Калининград,"алл. Вольная, д. 9",отправитель
Вологодская обл.,Орёл,"алл. Революции, д. 2/6 стр. 504",отправитель
респ. Адыгея,Тула,"наб. Заозерная, д. 76 стр. 5",отправитель
Липецкая обл.,Балашиха,"пр. Западный, д. 1 стр. 7",отправитель
Пермский край,Сызрань,"ул. Луговая, д. 459 стр. 625",отправитель
Курская обл.,Балашиха,"пр. Шевченко, д. 7",получатель
Хабаровский край,Калининград,"пер. Тенистый, д. 275",отправитель
Приморский край,Липецк,"бул. Бабушкина, д. 813 стр. 79",получатель
Ненецкий АО,Рязань,"пр. Королева, д. 251 к. 87",отправитель
Еврейская АО,Владивосток,"ул. Клубная, д. 12",отправитель
респ. Башкортостан,Тула,"алл. Космодемьянской, д. 4",получатель
Еврейская АО,Рязань,"алл. Средняя, д. 735 стр. 3",отправитель
Воронежская обл.,Санкт-Петербург,"ул. Мелиораторов, д. 7/1 к. 47",отправитель
Камчатский край,Пермь,"пр. Заовражный, д. 1/4",отправитель
Пермский край,Балашиха,"алл. Октябрьская, д. 5 к. 31",получатель
Хабаровский край,Тула,"ш. Кольцова, д. 143 стр. 6/9",отправитель
Ямало-Ненецкий АО,Архангельск,"ш. Нефтяников, д. 879 к. 348",отправитель
респ. Чечня,Воронеж,"бул. Красных Партизан, д. 5",отправитель
Сахалинская обл.,Смоленск,"ул. Пархоменко, д. 377 стр. 506",получатель
Алтайский край,Балашиха,"бул. Толбухина, д. 46 стр. 3",получатель
Ханты-Мансийский АО,Казань,"алл. Щорса, д. 9 к. 63",отправитель
Самарская обл.,Владимир,"бул. Горького, д. 9 к. 5/9",получатель
Ямало-Ненецкий АО,Иркутск,"ш. Л.Толстого, д. 71 к. 8/2",отправитель
респ. Ингушетия,Калуга,"ул. Серова, д. 34",получатель
респ. Бурятия,Магнитогорск,"ш. Юбилейное, д. 95",получатель
респ. Чувашия,Самара,"бул. Сплавный, д. 8/3 стр. 6",получатель
Пермский край,Курган,"ш. Водников, д. 92 к. 678",получатель
Кировская обл.,Нижний Тагил,"пер. Рылеева, д. 9 к. 41",получатель
Ивановская обл.,Кемерово,"пер. Коммуны, д. 274",отправитель
Ямало-Ненецкий АО,Химки,"бул. Амурский, д. 310 стр. 18",получатель
Ханты-Мансийский АО,Иркутск,"бул. Верхний, д. 4/1",отправитель
респ. Тыва,Махачкала,"ул. Первомайская, д. 3/9 стр. 821",получатель
Тульская обл.,Тула,"ул. Ясная, д. 1/8",получатель
Ханты-Мансийский АО,Оренбург,"бул. Циолковского, д. 2/8",отправитель
респ. Мордовия,Самара,"пер. Байкальский, д. 5 к. 63",отправитель
Орловская обл.,Чебоксары,"ул. Буденного, д. 94 стр. 93",получатель
Чукотский АО,Смоленск,"пер. Ленинградский, д. 84 к. 91",отправитель
Самарская обл.,Волжский,"ш. 70 лет Октября, д. 997 стр. 706",отправитель
Белгородская обл.,Новокузнецк,"алл. Троицкая, д. 78",отправитель
Красноярский край,Калуга,"алл. Цветочная, д. 6 стр. 2",отправитель
Камчатский край,Набережные Челны,"пр. Ручейный, д. 477",получатель
респ. Марий-Эл,Тамбов,"наб. Космическая, д. 4/9 стр. 6/6",отправитель
Приморский край,Екатеринбург,"пер. Октября, д. 5/5 к. 119",получатель
Приморский край,Москва,"ш. Есенина, д. 3",получатель
Красноярский край,Екатеринбург,"ул. Кооперативная, д. 64 к. 6",получатель
Чукотский АО,Петрозаводск,"пр. Мирный, д. 6 стр. 8/5",получатель
Приморский край,Белгород,"алл. Дальняя, д. 75 стр. 5/8",получатель
Камчатский край,Новороссийск,"пер. Тульский, д. 76 к. 6/4",получатель
Ставропольский край,Владивосток,"ш. Союзное, д. 6 к. 4/3",получатель
респ. Кабардино-Балкария,Иваново,"ул. Карбышева, д. 59 к. 476",отправитель
респ. Татарстан,Новосибирск,"пер. Николаева, д. 2/5",отправитель
Ямало-Ненецкий АО,Саратов,"пр. Плеханова, д. 5 к. 69",отправитель
Липецкая обл.,Нижний Новгород,"пр. Комсомольский, д. 7/5 стр. 42",получатель
Пермский край,Сочи,"ул. Крылова, д. 515 к. 9",отправитель
Чукотский АО,Ижевск,"бул. Красноармейский, д. 3/5 к. 3",получатель
Хабаровский край,Пенза,"пер. Новоселов, д. 104",получатель
Свердловская обл.,Стерлитамак,"пр. Речной, д. 7/8 к. 2",получатель
Саратовская обл.,Калининград,"ш. Краснознаменное, д. 557",отправитель
Волгоградская обл.,Чита,"пр. Ореховый, д. 318",получатель
респ. Бурятия,Иваново,"ш. Орджоникидзе, д. 3/4",получатель
респ. Коми,Энгельс,"наб. Тимирязева, д. 555 стр. 4/4",отправитель
респ. Хакасия,Омск,"пер. Толстого, д. 17",отправитель
Краснодарский край,Ярославль,"наб. Амурская, д. 26 стр. 3/3",получатель
респ. Чувашия,Кемерово,"наб. Карбышева, д. 7/2 к. 31",отправитель
Чукотский АО,Чита,"ш. Ленское, д. 6/1 стр. 4",отправитель
Красноярский край,Тамбов,"бул. Ульянова, д. 3/5 стр. 4/9",получатель
Кемеровская обл.,Королёв,"пр. Северный, д. 156 к. 18",получатель
Ленинградская обл.,Пермь,"наб. Угловая, д. 424",получатель
Приморский край,Барнаул,"алл. Учительская, д. 6 к. 57",получатель
Челябинская обл.,Киров,"ш. Станционное, д. 9",отправитель
респ. Удмуртия,Барнаул,"алл. Куйбышева, д. 7/2",отправитель
Владимирская обл.,Новороссийск,"бул. Хвойный, д. 12 к. 6",получатель
респ. Башкортостан,Новокузнецк,"алл. Народная, д. 241 к. 5",получатель
Ямало-Ненецкий АО,Каменск-Уральский,"алл. М.Горького, д. 38 стр. 7/9",отправитель
Ненецкий АО,Иваново,"пр. Производственный, д. 91",отправитель
Омская обл.,Комсомольск-на-Амуре,"наб. Запрудная, д. 8/2",получатель
Ставропольский край,Сызрань,"ш. 8 Марта, д. 4 к. 9",отправитель
Краснодарский край,Липецк,"наб. Кузнецкая, д. 49",получатель
респ. Чечня,Махачкала,"алл. Крестьянская, д. 642 к. 6",отправитель
Тверская обл.,Томск,"ул. Большая, д. 51 к. 430",отправитель
респ. Северная Осетия - Алания,Калуга,"бул. Белинского, д. 77",отправитель
респ. Башкортостан,Новокузнецк,"пр. Российский, д. 95 к. 96",отправитель
Владимирская обл.,Саратов,"ш. Демьяна Бедного, д. 274 стр. 7/7",получатель
респ. Карачаево-Черкесия,Мурманск,"наб. Физкультурная, д. 9",получатель
Орловская обл.,Саратов,"бул. Заовражный, д. 354 стр. 239",получатель
респ. Саха (Якутия),Курган,"бул. Красный, д. 89 к. 70",отправитель
Брянская обл.,Чита,"пер. Дорожный, д. 2/1 к. 121",отправитель
Ханты-Мансийский АО,Ростов-на-Дону,"пер. Советов, д. 861 стр. 53",получатель
респ. Кабардино-Балкария,Иваново,"алл. Серова, д. 227 к. 327",получатель
Чукотский АО,Грозный,"ул. Курортная, д. 7",отправитель
респ. Марий-Эл,Москва,"наб. Советской Армии, д. 217",отправитель
Еврейская АО,Ростов-на-Дону,"бул. Курганный, д. 3",получатель
Оренбургская обл.,Новокузнецк,"алл. 50 лет Победы, д. 666 к. 16",отправитель
Калужская обл.,Ижевск,"ш. Киевское, д. 9/1 стр. 5/2",получатель
Алтайский край,Ставрополь,"наб. Рябиновая, д. 462 к. 9/4",отправитель
респ. Бурятия,Чебоксары,"ул. Ореховая, д. 22 стр. 6",получатель
респ. Дагестан,Волжский,"алл. Заводская, д. 9/8 стр. 214",получатель
респ. Удмуртия,Саратов,"пер. Родниковый, д. 86",отправитель
Нижегородская обл.,Оренбург,"бул. Шолохова, д. 32",отправитель
Московская обл.,Томск,"ул. Придорожная, д. 5 к. 9",отправитель
Ненецкий АО,Владикавказ,"ул. Тюленина, д. 71 стр. 675",получатель
Ненецкий АО,Магнитогорск,"ш. Кирова, д. 478 к. 3",отправитель
Пермский край,Калининград,"бул. Баумана, д. 97 стр. 3/2",отправитель
респ. Карелия,Архангельск,"бул. Правды, д. 79 к. 57",отправитель
Сахалинская обл.,Владивосток,"ш. Журавлева, д. 348 к. 812",получатель
Пензенская обл.,Пермь,"наб. Прохладная, д. 30 стр. 1",получатель
Ямало-Ненецкий АО,Санкт-Петербург,"пер. Советской Армии, д. 9/7 стр. 216",отправитель
Ненецкий АО,Сызрань,"наб. Красногвардейская, д. 1 к. 7",отправитель
Красноярский край,Ставрополь,"ш. Ульянова, д. 4/5",отправитель
респ. Хакасия,Смоленск,"ул. Специалистов, д. 9 стр. 8",получатель
Пермский край,Владивосток,"наб. Шолохова, д. 85",получатель
респ. Мордовия,Энгельс,"наб. Радужная, д. 6/4 стр. 50",получатель
респ. Кабардино-Балкария,Грозный,"алл. Техническая, д. 4 к. 6/3",отправитель
Хабаровский край,Тюмень,"пр. Микрорайон, д. 566",получатель
Забайкальский край,Сочи,"пр. Рябиновый, д. 9 стр. 7",получатель
Пермский край,Петрозаводск,"алл. Фабричная, д. 8/7 стр. 276",отправитель
респ. Дагестан,Кострома,"наб. Ореховая, д. 69 к. 7/2",отправитель
Забайкальский край,Белгород,"пр. Амурский, д. 6/8 к. 689",получатель
Ямало-Ненецкий АО,Ставрополь,"наб. Тимирязева, д. 87 к. 712",получатель
Чукотский АО,Иваново,"наб. Ленинская, д. 6 стр. 606",отправитель
Курская обл.,Ставрополь,"пер. Привокзальный, д. 4 к. 386",получатель
Ульяновская обл.,Тула,"бул. Свердлова, д. 1/9 стр. 5",отправитель
Кемеровская обл.,Комсомольск-на-Амуре,"пр. Заовражный, д. 267 к. 18",получатель
респ. Чечня,Балашиха,"ул. Гагарина, д. 51",отправитель
Тверская обл.,Самара,"ш. Гайдара, д. 7 стр. 4/4",получатель
Ненецкий АО,Тверь,"ш. Добролюбова, д. 5/1 к. 96",получатель
респ. Алтай,Шахты,"пер. Байкальский, д. 3 к. 2",отправитель
респ. Саха (Якутия),Липецк,"алл. Угловая, д. 69 стр. 63",получатель
Красноярский край,Барнаул,"ш. Среднее, д. 136 к. 884",отправитель
