name,surname,patronymic,phone,status
Иосифович,Леонтий,Комаров,8 519 462 1887,занят
Марина,Калинина,Леонидовна,8 436 555 4503,свободен
Геннадиевна,Людмила,Фомина,8 (433) 937-0769,свободен
Константиновна,Екатерина,Козлова,8 (327) 520-33-65,занят
Лидия,Лобанова,Рубеновна,+7 194 229 17 79,свободен
Михаил,Буров,Антипович,+7 428 032 8539,свободен
Георгиевич,Ратибор,Сергеев,+7 (423) 414-2298,свободен
Татьяна,Панфилова,Григорьевна,+7 175 885 20 85,занят
Тимур,Жданов,Евсеевич,+7 (851) 037-9815,свободен
Светлана,Анисимова,Семеновна,+7 (416) 060-2563,занят
Таисия,Карпова,Кирилловна,8 (643) 610-73-32,в пути
Зиновьевич,Евстигней,Козлов,8 (933) 318-4075,в пути
Эдгардович,Самуил,Ермаков,+7 (534) 031-3831,свободен
Егоровна,Вера,Юдина,8 (893) 486-5152,свободен
Алла,Чернова,Альбертовна,+7 632 267 1760,в пути
Христофор,Елисеев,Ильич,8 (464) 332-60-30,в пути
Андреевич,Поликарп,Самойлов,8 520 780 9162,свободен
Феофан,Андреев,Тарасович,+7 (562) 249-5033,в пути
Руслан,Суханов,Авдеевич,+72780139385,свободен
Жанович,Виталий,Ларионов,+7 (296) 797-42-45,свободен
Гаврилович,Ладислав,Блинов,+7 133 798 2956,занят
Вениаминовна,Регина,Князева,+74247991448,свободен
Евстигней,Щербаков,Фокич,8 037 573 9351,занят
Флорентин,Устинов,Елизарович,8 (273) 177-1884,в пути
Аксенов,тов.,Ювеналий,+7 951 557 18 52,занят
Викторовна,Ираида,Потапова,81642983525,свободен
Анна,Зыкова,Геннадиевна,+75128835211,в пути
Радован,Захаров,Валерьянович,+74902189757,свободен
Платон,Трофимов,Елисеевич,+7 775 019 20 21,свободен
Любовь,Федосеева,Кузьминична,+7 008 120 7631,свободен
Ждановна,Лидия,Рябова,87411059153,занят
Ювеналий,Коновалов,Измаилович,8 (684) 093-77-91,в пути
Вацлав,Веселов,Глебович,8 (114) 047-09-60,занят
Оскаровна,Антонина,Сидорова,+78677484594,в пути
Брониславович,Иларион,Куликов,+7 (820) 321-1958,занят
Болеславовна,Евгения,Зиновьева,+71117389708,свободен
Станиславовна,София,Логинова,8 (953) 091-5892,занят
Фадей,Воронов,Ярославович,+7 (938) 062-6602,в пути
Нонна,Юдина,Болеславовна,8 408 420 0659,занят
Анастасия,Комиссарова,Мироновна,+7 (153) 505-00-89,занят
Савва,Семенов,Власович,8 (637) 189-65-03,в пути
Артёмович,Кир,Дьячков,+7 296 440 10 29,в пути
Марфа,Ларионова,Тарасовна,+7 563 795 72 25,свободен
Аксёнович,Радован,Шаров,+7 (607) 720-0514,свободен
Альбертовна,Фёкла,Попова,88736566696,в пути
Зинаида,Громова,Ивановна,+7 400 078 1170,занят
Прасковья,Рябова,Тимуровна,+7 (630) 347-44-69,свободен
Евпраксия,Данилова,Петровна,8 (827) 696-6702,в пути
Александр,Некрасов,Ильясович,+7 (240) 335-84-81,в пути
Евпраксия,Селезнева,Егоровна,8 (207) 598-1548,свободен
Геннадьевна,Варвара,Аксенова,88259319971,свободен
Игоревич,Галактион,Козлов,8 982 085 87 96,занят
Денис,Воробьев,Дмитриевич,+7 294 930 52 21,свободен
Филиппович,Христофор,Титов,+7 (785) 736-6132,свободен
Прохор,Субботин,Ефимович,+7 100 720 91 06,свободен
Даниловна,Элеонора,Григорьева,8 (811) 004-9521,в пути
Архиповна,Регина,Зыкова,8 (843) 185-15-37,занят
Исидорович,Влас,Якушев,+7 (744) 562-19-86,занят
Таисия,Хохлова,Натановна,+7 177 871 3112,в пути
Евпраксия,Доронина,Аскольдовна,+7 087 004 2396,занят
Феодосьевич,Максим,Селиверстов,+7 069 996 0435,свободен
Болеславовна,Агафья,Полякова,+7 (351) 088-32-00,в пути
Иннокентий,Гордеев,Устинович,+7 514 421 5107,свободен
Матвей,Гущин,Ануфриевич,+77270585242,свободен
Елена,Колобова,Болеславовна,88834672973,занят
Святославовна,Юлия,Белозерова,+7 (501) 053-9350,занят
Демьян,Блохин,Эдуардович,+7 415 012 75 41,занят
Акулина,Морозова,Филипповна,+7 (800) 508-25-90,в пути
Блинова,г-жа,Марфа,8 775 263 1395,в пути
Наумовна,Евдокия,Щукина,8 844 819 82 18,занят
Аггей,Виноградов,Дорофеевич,+74422559686,в пути
Конон,Силин,Матвеевич,8 (309) 519-06-20,занят
Иванна,Горбунова,Тимуровна,+7 427 906 59 58,свободен
Тамара,Назарова,Рубеновна,8 (207) 681-32-97,в пути
Антипович,Нифонт,Воронов,+7 745 888 57 03,в пути
Захарьевич,Федосий,Красильников,+74259204778,свободен
Марина,Муравьева,Максимовна,8 (648) 365-34-82,свободен
Ираида,Фадеева,Ефимовна,82604097801,занят
Елизавета,Самойлова,Григорьевна,8 (066) 065-6320,в пути
Матвеевна,Лора,Исакова,+73207819565,в пути
Трофимович,Гостомысл,Панфилов,+7 (485) 754-2928,свободен
Викторин,Сорокин,Аксёнович,8 (564) 616-4429,свободен
Сафонова,г-жа,Елизавета,85831267189,в пути
Васильевич,Эмиль,Титов,82788008254,занят
Ирина,Богданова,Борисовна,8 (254) 933-23-82,свободен
Тимурович,Никон,Назаров,+7 (931) 209-4663,занят
Осип,Медведев,Харлампович,+75409164488,свободен
Аксёнович,Яков,Кондратьев,+7 518 943 8436,свободен
Эдуардович,Светозар,Семенов,8 (845) 217-52-29,свободен
Жанович,Варлаам,Горбачев,+73687467036,свободен
Семеновна,Мария,Кузнецова,84706082700,свободен
Клавдий,Воронов,Ильясович,+7 (101) 302-7808,свободен
Сергеевна,Нина,Дорофеева,+7 533 111 2134,свободен
Егор,Пестов,Иосифович,8 456 423 15 68,в пути
Тимофеевна,Агафья,Герасимова,87604333621,занят
Юльевна,Галина,Дорофеева,8 603 490 0040,занят
Евфросиния,Никонова,Феликсовна,+7 (985) 700-80-01,свободен
Вадимовна,Евпраксия,Богданова,+7 231 483 3235,свободен
Алина,Орлова,Романовна,85351672186,свободен
Фома,Хохлов,Гурьевич,+71200332629,занят
Юрий,Терентьев,Устинович,8 (883) 980-83-87,занят
Лавр,Филатов,Анисимович,+7 (435) 814-13-92,в пути
Борисович,Владислав,Рогов,8 861 701 95 07,в пути
Елизавета,Зимина,Борисовна,8 831 153 3643,занят
Фаина,Кудряшова,Робертовна,+77263826233,занят
Викентий,Третьяков,Геннадиевич,+7 (447) 924-9545,свободен
Ян,Волков,Давидович,8 (162) 064-7026,в пути
Оксана,Колобова,Антоновна,8 (963) 024-9006,свободен
Прасковья,Соловьева,Руслановна,82625204713,в пути
Юлианович,Эммануил,Авдеев,8 (086) 749-8906,свободен
Валерианович,Светозар,Беспалов,8 474 996 94 80,занят
Прасковья,Ширяева,Тимофеевна,+7 506 386 8055,свободен
Владиславович,Игнатий,Агафонов,8 509 410 85 70,в пути
Радислав,Миронов,Валерианович,8 215 760 4762,в пути
Антонина,Филатова,Михайловна,+7 (164) 838-1408,занят
Аскольдовна,Синклитикия,Беспалова,+7 (597) 867-5525,в пути
Стоян,Дьячков,Тихонович,8 211 663 19 58,занят
Михайловна,Пелагея,Романова,85575195927,занят
Олеговна,Глафира,Степанова,+7 053 793 76 35,в пути
Маргарита,Красильникова,Робертовна,8 656 429 3048,занят
Раиса,Сысоева,Кузьминична,8 (364) 968-91-77,занят
Валентина,Орлова,Александровна,+7 (703) 809-78-17,занят
Илья,Морозов,Фомич,+7 (846) 571-67-04,в пути
Никандр,Григорьев,Ильясович,+7 (481) 518-3850,в пути
Максимовна,Варвара,Фадеева,8 038 679 49 71,занят
Анжела,Овчинникова,Альбертовна,+7 (526) 974-1391,свободен
Федоровна,Феврония,Крюкова,+7 (004) 097-38-83,свободен
Филимонович,Будимир,Панфилов,8 (698) 446-1639,занят
Аполлон,Логинов,Марсович,+7 550 328 09 34,в пути
Зинаида,Никонова,Юльевна,+7 523 001 5549,занят
Вероника,Воронцова,Альбертовна,8 619 516 9722,занят
Львовна,Ольга,Лукина,+75613531276,в пути
Дорофей,Фомин,Феофанович,+7 630 826 3993,свободен
Харитонович,Велимир,Трофимов,82316947485,в пути
Петровна,Анжелика,Елисеева,+7 010 016 1844,в пути
Вилорович,Давыд,Петухов,+7 132 237 27 85,занят
Ефимович,Симон,Федосеев,+7 203 056 3295,в пути
Федосий,Степанов,Демидович,+7 107 776 0673,в пути
Гаврилович,Пров,Дроздов,+78466532470,занят
Юльевич,Виталий,Рябов,+7 907 904 92 56,в пути
Эмилия,Гусева,Богдановна,8 890 271 80 68,в пути
Агафон,Карпов,Жанович,+7 (921) 465-3863,занят
Жанна,Голубева,Григорьевна,+7 533 095 72 13,в пути
Геннадиевна,Лариса,Третьякова,82734681330,свободен
Денисович,Тимур,Костин,+7 (966) 145-6151,занят
Филимонович,Тимур,Рожков,8 (078) 860-8234,свободен
Никодим,Кудряшов,Даниилович,+7 213 982 7926,занят
Ефстафьевич,Ян,Юдин,+78053499438,занят
Федоровна,Агата,Цветкова,+7 (701) 042-75-62,в пути
Фока,Рябов,Артемьевич,8 809 851 2667,свободен
Кондратий,Прохоров,Захарьевич,80763326858,свободен
Степан,Пахомов,Елисеевич,+7 153 282 63 30,в пути
Афанасьевич,Вацлав,Яковлев,8 (367) 838-3347,свободен
Виктор,Мишин,Филатович,8 172 218 77 54,свободен
Ираида,Евсеева,Матвеевна,87426177259,занят
Валентинович,Афанасий,Казаков,+7 919 158 5823,занят
Гаврилович,Фирс,Лапин,8 294 291 57 41,свободен
Ираида,Романова,Юльевна,+78565302472,занят
Давыдович,Август,Семенов,8 (023) 656-1252,занят
Харлампович,Ерофей,Поляков,+7 (235) 297-5879,свободен
Адрианович,Владислав,Кузнецов,82384378525,в пути
Ия,Якушева,Николаевна,8 (202) 195-5545,в пути
Олимпиада,Шестакова,Алексеевна,8 (307) 763-8657,в пути
Аскольдовна,Лора,Воробьева,8 (967) 739-54-76,свободен
Маргарита,Зиновьева,Эльдаровна,8 217 012 79 84,в пути
Пелагея,Котова,Артемовна,8 924 385 8066,занят
Евгеньевна,Эмилия,Матвеева,8 356 324 46 69,в пути
Дмитриевич,Агап,Щербаков,8 714 229 8706,занят
Викторин,Абрамов,Ерофеевич,+76074468169,в пути
Мария,Морозова,Степановна,+7 (227) 518-8244,в пути
Валериевна,Полина,Лебедева,89298659975,свободен
Августович,Мефодий,Галкин,8 353 960 52 30,занят
Ольга,Антонова,Владиславовна,8 (752) 901-2853,свободен
Моисей,Вишняков,Филатович,8 109 474 2426,свободен
Исидорович,Творимир,Котов,8 (226) 754-18-06,свободен
Викентьевич,Леон,Тетерин,8 967 411 7047,занят
Филатович,Юлий,Титов,8 (064) 992-64-85,занят
Валентиновна,Виктория,Ефимова,+7 (456) 444-9606,в пути
Олимпиада,Соколова,Наумовна,8 468 898 84 88,занят
Елизавета,Воробьева,Григорьевна,+7 498 350 28 55,свободен
Давыдович,Андрон,Сергеев,8 972 328 5653,свободен
Ярославович,Фрол,Архипов,8 (020) 179-25-61,в пути
Филиппович,Парфен,Белозеров,8 626 477 2080,занят
Наина,Калинина,Михайловна,8 (138) 283-2158,свободен
Иосипович,Будимир,Волков,+7 (585) 013-41-92,в пути
Данила,Дроздов,Артурович,+7 (897) 520-68-72,свободен
Казимир,Рыбаков,Тимурович,+7 (620) 312-2655,занят
Фролович,Радим,Мартынов,+7 (720) 713-49-21,свободен
Ирина,Богданова,Наумовна,+7 (818) 806-53-94,занят
Игнатович,Любим,Константинов,8 (851) 002-44-01,занят
Эдуардовна,Зоя,Ширяева,85858164659,свободен
Софрон,Лукин,Исидорович,+7 (774) 399-10-61,свободен
Феликс,Яковлев,Аверьянович,8 272 574 0864,в пути
Аполлон,Беляков,Архипович,8 (090) 867-7557,в пути
Витальевич,Соломон,Агафонов,8 707 184 80 94,занят
Анна,Моисеева,Владиславовна,+7 548 228 6879,в пути
Зиновьевич,Ювеналий,Сергеев,+7 674 675 6117,занят
Михайловна,Елена,Фомина,8 (854) 894-6912,в пути
Геннадиевна,Людмила,Павлова,8 (908) 223-24-95,занят
Анисимович,Боян,Самойлов,8 381 040 7288,занят
Антоновна,Эмилия,Ефимова,8 949 673 89 17,занят
Ангелина,Селиверстова,Петровна,8 (266) 120-9899,свободен
Анжела,Давыдова,Владимировна,+76709460662,занят
Евстафий,Молчанов,Давыдович,8 204 389 59 78,занят
Алексеевич,Лазарь,Маслов,8 (587) 340-8674,свободен
Вера,Белякова,Петровна,8 (319) 332-9922,в пути
Матвеевна,Пелагея,Карпова,86667712672,занят
Викторович,Лазарь,Кононов,8 (021) 717-68-04,в пути
Теймуразович,Пахом,Силин,8 (695) 425-67-38,в пути
Клавдий,Федотов,Андреевич,+71807940348,в пути
Октябрина,Турова,Васильевна,8 735 382 0217,свободен
Кузьминична,Майя,Игнатова,8 555 125 1127,свободен
Натановна,Ольга,Зайцева,+72552729778,свободен
Иосифович,Бажен,Пономарев,+73519721927,занят
Жанна,Соловьева,Макаровна,84198404214,в пути
Евгения,Князева,Болеславовна,+78371873799,занят
Лукия,Осипова,Романовна,8 779 822 7506,свободен
Рубеновна,София,Харитонова,+7 074 632 98 89,в пути
Изот,Фокин,Феофанович,8 (643) 038-73-97,в пути
Гаврилович,Михаил,Рожков,+7 (594) 085-00-32,в пути
Регина,Бурова,Викторовна,8 062 519 1547,свободен
Аксёнович,Святополк,Белов,87013329106,свободен
Мирон,Федосеев,Ефстафьевич,+76869812328,в пути
Степан,Афанасьев,Жоресович,+7 (516) 495-0409,в пути
Екатерина,Маслова,Георгиевна,8 298 308 42 23,занят
Зоя,Игнатова,Натановна,+7 549 362 35 22,занят
Севастьян,Зиновьев,Яковлевич,85671813305,свободен
Филимонович,Денис,Филатов,+7 (816) 564-94-24,в пути
Спартак,Прохоров,Давыдович,8 020 481 5315,занят
Елена,Баранова,Максимовна,81456125994,в пути
Марк,Никифоров,Демьянович,8 533 313 29 95,свободен
Антонин,Наумов,Жоресович,+7 (128) 439-6274,в пути
Максимовна,Лидия,Боброва,8 (143) 249-7120,занят
Николаевна,Юлия,Гуляева,8 604 240 19 78,в пути
Максимильян,Муравьев,Эдгарович,8 (858) 452-3649,занят
Юлианович,Михей,Баранов,81315805298,свободен
Геннадиевна,Агата,Галкина,+7 (122) 393-9702,свободен
Максимильян,Белоусов,Эдгардович,+7 455 060 22 11,занят
Ефимович,Епифан,Блинов,+7 624 602 0592,свободен
Нонна,Калинина,Сергеевна,+7 (288) 066-85-56,свободен
Федосьевич,Бронислав,Козлов,+70154457735,свободен
Глафира,Устинова,Захаровна,+7 (938) 209-61-35,свободен
Радислав,Лапин,Харитонович,8 (787) 422-9682,свободен
Егорович,Потап,Устинов,8 487 939 6369,в пути
Данилович,Лучезар,Панов,8 (236) 379-3753,занят
Изот,Лебедев,Евсеевич,+7 (160) 061-6607,занят
Лора,Трофимова,Степановна,+7 (990) 000-80-02,в пути
Лука,Носов,Зиновьевич,8 081 883 0205,свободен
Борисович,Ладислав,Громов,8 842 490 3594,в пути
Пелагея,Лыткина,Игоревна,+77069755365,свободен
Анжелика,Фокина,Игоревна,+7 314 330 8066,свободен
Моисей,Копылов,Ефстафьевич,+7 229 119 46 52,в пути
Тамара,Трофимова,Александровна,+7 848 747 0019,свободен
Синклитикия,Кулакова,Тимофеевна,+7 899 602 29 90,свободен
Болеславовна,Феврония,Стрелкова,8 635 470 36 16,в пути
Евгения,Калинина,Львовна,+7 427 266 8344,занят
Пелагея,Мясникова,Валериевна,+70351371002,занят
Артурович,Афиноген,Семенов,8 097 230 02 40,в пути
Конон,Шестаков,Гавриилович,+7 (844) 078-6008,в пути
Лариса,Селиверстова,Олеговна,8 549 637 89 42,свободен
Вера,Карпова,Кузьминична,8 091 171 42 94,свободен
Федотович,Ерофей,Терентьев,+7 422 972 2570,в пути
Лора,Назарова,Ивановна,+7 058 448 7508,занят
Геннадьевна,Виктория,Трофимова,+79957098798,свободен
Лукия,Назарова,Степановна,+78257674024,занят
Милица,Белоусова,Богдановна,8 376 500 5885,занят
Серафим,Сысоев,Герасимович,8 170 196 35 13,в пути
Радим,Исаков,Артемьевич,8 119 569 72 77,занят
Дмитриевна,Клавдия,Бурова,+7 (453) 649-29-71,свободен
Демьян,Мельников,Игоревич,8 (950) 920-7394,занят
Всеволодович,Гостомысл,Мамонтов,+7 (826) 599-99-12,занят
Константиновна,Анжела,Большакова,+7 (042) 582-8607,в пути
Яковлевна,Варвара,Михайлова,+7 895 737 3671,свободен
Дроздов,г-н,Милован,+7 191 673 2543,занят
Пантелеймон,Быков,Харламович,8 395 233 51 55,свободен
Альбертовна,Тамара,Степанова,+7 096 081 78 84,свободен
Артёмович,Онуфрий,Сергеев,87975860436,свободен
Тит,Герасимов,Гурьевич,+7 394 383 61 66,в пути
Евсей,Блохин,Яковлевич,+7 (007) 901-06-73,свободен
Павловна,Наина,Кондратьева,+7 656 499 86 76,занят
Тимурович,Денис,Тимофеев,+7 423 732 23 11,в пути
Аким,Кулаков,Марсович,8 034 745 2688,в пути
Устинович,Август,Никитин,+7 034 690 8892,занят
Игоревна,Марина,Терентьева,8 (420) 913-1884,в пути
Горбунова,г-жа,Евфросиния,+72536356286,свободен
Харламович,Герасим,Щербаков,+7 742 202 67 53,свободен
Игоревна,Глафира,Шашкова,+7 (865) 694-8600,в пути
Галактион,Козлов,Ефимович,+78751237168,свободен
Фёкла,Белоусова,Николаевна,+7 (010) 928-1340,в пути
Светлана,Шестакова,Филипповна,+7 691 083 9694,в пути
Куприян,Шаров,Феодосьевич,+74909294406,занят
Фотий,Хохлов,Глебович,8 245 146 2236,занят
Максимильян,Белов,Фомич,+7 147 536 5904,в пути
Евсей,Филатов,Устинович,80862931791,занят
Львовна,Марфа,Борисова,+7 (035) 386-38-73,в пути
Фирс,Николаев,Алексеевич,+79456627696,в пути
Лев,Казаков,Авдеевич,8 583 518 1363,в пути
Марфа,Петухова,Захаровна,8 916 334 17 25,занят
Лыткин,г-н,Дементий,8 938 715 6013,свободен
Аскольдовна,Клавдия,Макарова,81859790733,свободен
Робертовна,Юлия,Сысоева,8 483 706 5089,в пути
Елизавета,Захарова,Аскольдовна,+76931051971,свободен
Милица,Некрасова,Афанасьевна,+7 (503) 000-3038,занят
Александрович,Валерьян,Поляков,+7 278 588 4761,свободен
Мечислав,Лыткин,Феоктистович,+7 (105) 811-17-43,свободен
Лариса,Быкова,Александровна,8 (884) 182-44-21,в пути
Жанна,Маркова,Мироновна,+7 (980) 318-6685,в пути
Александровна,Прасковья,Турова,8 (505) 558-7384,свободен
Альбертовна,Надежда,Веселова,8 116 813 45 32,занят
Лыткина,тов.,Татьяна,+7 885 548 1661,в пути
Арсеньевич,Виссарион,Воронов,+7 (885) 685-9490,занят
Аксёнович,Ян,Лапин,+7 147 405 45 50,занят
Робертовна,Элеонора,Волкова,+7 (012) 552-4513,занят
Леоновна,Елена,Яковлева,8 (823) 880-17-92,свободен
Сигизмунд,Мухин,Игнатьевич,8 (961) 484-23-11,занят
Мир,Шестаков,Бориславович,81302033239,в пути
Варфоломей,Блинов,Тарасович,+77189593532,свободен
Николай,Горбачев,Герасимович,8 (744) 391-1238,занят
Рудольфовна,Василиса,Костина,+7 495 852 08 26,в пути
Евпраксия,Крюкова,Олеговна,8 124 006 86 64,в пути
Нонна,Некрасова,Мироновна,+72480056308,свободен
Трифон,Крылов,Феликсович,8 727 598 94 41,свободен
Тимофеевна,Любовь,Пономарева,+7 (986) 504-92-27,свободен
Ааронович,Викентий,Кабанов,8 (752) 899-51-78,в пути
Агап,Меркушев,Демидович,88206174024,занят
Натановна,Надежда,Егорова,8 (530) 944-1050,занят
Анисимович,Демид,Владимиров,8 368 108 26 66,в пути
Таисия,Субботина,Харитоновна,8 (942) 836-77-63,свободен
Вячеславович,Гаврила,Симонов,8 857 011 95 21,занят
Игоревич,Митофан,Ефимов,8 270 070 27 27,свободен
Лучезар,Петров,Анатольевич,8 690 896 65 37,свободен
Вера,Суханова,Геннадьевна,81419422649,в пути
Лариса,Шубина,Святославовна,8 842 109 0202,в пути
Феоктистович,Валерьян,Мельников,8 788 088 5583,свободен
Регина,Волкова,Геннадьевна,8 985 735 11 73,в пути
Афанасьевич,Порфирий,Ефимов,8 911 073 5484,в пути
Яков,Никонов,Алексеевич,+75735062283,в пути
Гурьевич,Флорентин,Кошелев,8 (574) 775-32-64,занят
Давидович,Виссарион,Давыдов,8 (135) 692-4095,свободен
Антоновна,Лукия,Савельева,8 (756) 495-86-54,свободен
Григорьевна,Ксения,Афанасьева,8 738 704 7815,свободен
Сильвестр,Кононов,Игнатович,+7 (048) 582-45-63,в пути
Фаина,Комиссарова,Игоревна,8 302 218 34 47,свободен
Ольга,Лихачева,Викторовна,+7 (741) 299-75-60,в пути
Ярослав,Денисов,Федотович,+72424693980,в пути
Валерианович,Стоян,Некрасов,+7 (578) 195-4137,в пути
Эммануил,Лобанов,Харлампович,+7 (389) 906-2882,занят
Гаврила,Моисеев,Викентьевич,8 013 544 0738,в пути
Ярославович,Тит,Семенов,+72337990891,в пути
Ниловна,Светлана,Лебедева,+73478473578,занят
Майя,Егорова,Романовна,+7 (657) 883-27-17,занят
Мина,Никифоров,Филимонович,+7 545 199 32 43,свободен
Кузьминична,Клавдия,Кудряшова,+7 949 498 7935,свободен
Георгиевна,Иванна,Одинцова,+7 705 682 7079,занят
Ираида,Быкова,Николаевна,+75203813506,занят
Мясникова,г-жа,Лидия,+7 (716) 577-8491,в пути
Борисович,Севастьян,Чернов,+7 941 043 9830,занят
Харитоновна,Лариса,Афанасьева,+70587726305,занят
Артемий,Мясников,Фокич,8 597 159 8280,занят
Игоревич,Эрнест,Власов,8 (795) 496-7911,занят
Ануфриевич,Мартын,Емельянов,8 733 898 94 40,свободен
Евсей,Белоусов,Богданович,8 642 152 7099,свободен
Агафья,Молчанова,Георгиевна,8 829 564 4254,в пути
Павловна,Элеонора,Соколова,+7 (677) 640-0338,в пути
Вадимовна,Элеонора,Миронова,8 (949) 393-4974,в пути
Валентина,Назарова,Валентиновна,8 (349) 445-5402,в пути
Ирина,Иванова,Болеславовна,8 (165) 379-62-21,свободен
Ерофеевич,Евстигней,Карпов,8 (415) 659-8350,занят
Трофимович,Мирослав,Молчанов,8 (257) 809-70-25,в пути
Вениаминовна,Эмилия,Алексеева,82647507381,свободен
Эмилия,Кулагина,Ефимовна,8 773 832 85 28,в пути
Агата,Белозерова,Александровна,+78671781973,занят
Пахом,Кириллов,Венедиктович,8 (810) 240-7879,свободен
Артёмович,Родион,Павлов,+7 485 016 8340,в пути
Евгеньевна,Алина,Павлова,+7 (747) 776-28-84,свободен
Валерия,Чернова,Николаевна,+7 983 255 4785,в пути
Александровна,Надежда,Брагина,+7 743 879 72 43,занят
Лариса,Никитина,Геннадиевна,8 441 697 03 17,свободен
Лидия,Иванова,Евгеньевна,+7 739 973 0664,занят
Клавдия,Сазонова,Захаровна,+71662996206,свободен
Эдуардовна,Юлия,Пахомова,+7 (511) 063-82-75,занят
Феоктист,Некрасов,Брониславович,8 (287) 154-6409,занят
Тамара,Соколова,Наумовна,8 929 871 4879,занят
Артёмович,Мариан,Кудрявцев,8 (339) 341-5844,свободен
Григорьевна,Регина,Самойлова,+7 647 851 3385,занят
Любосмысл,Виноградов,Фролович,+7 (722) 869-69-43,в пути
Эмилия,Пестова,Афанасьевна,8 (299) 502-3416,занят
Дарья,Давыдова,Ивановна,+7 067 113 9310,в пути
Лихачева,тов.,Вероника,8 (945) 307-4297,занят
Робертовна,Алевтина,Орехова,8 068 828 7302,занят
Евфросиния,Евсеева,Борисовна,8 565 446 2228,свободен
Ангелина,Вишнякова,Богдановна,8 507 225 63 11,занят
Всеволодович,Богдан,Федосеев,8 143 383 58 96,свободен
Эдуард,Ефремов,Артёмович,8 837 746 52 75,свободен
Виктория,Карпова,Рудольфовна,8 (514) 776-6513,занят
Дорофей,Веселов,Гертрудович,+7 662 097 25 35,в пути
Венедиктович,Сильвестр,Савин,+7 082 701 3924,занят
Платон,Денисов,Филатович,8 (956) 691-56-04,свободен
Любим,Андреев,Терентьевич,87032677771,в пути
Лидия,Петухова,Семеновна,+75750411272,в пути
Надежда,Федотова,Наумовна,+7 401 039 0760,в пути
Федоровна,Вера,Соколова,+7 (833) 785-1830,занят
Харламович,Анисим,Логинов,8 596 929 3107,свободен
Харитон,Родионов,Алексеевич,8 (566) 413-4258,занят
Юрьевна,Элеонора,Гришина,+7 855 405 38 50,в пути
Таисия,Белозерова,Григорьевна,+7 (811) 115-1768,в пути
Артурович,Марк,Симонов,86688783969,в пути
Геннадиевна,Фёкла,Лихачева,+7 (914) 043-1199,занят
Валерьевич,Чеслав,Петров,8 (496) 414-3392,занят
Еремеевич,Владимир,Терентьев,+7 163 163 95 26,в пути
Фролович,Лазарь,Суворов,+7 103 541 7668,свободен
Дорофеевич,Селиверст,Дроздов,+7 (903) 236-6908,в пути
Феликсовна,Регина,Никитина,+7 410 316 93 87,занят
Ивановна,Евдокия,Белоусова,+7 (059) 643-0421,занят
Дементий,Максимов,Ааронович,8 (161) 007-06-90,свободен
Дмитриевна,Пелагея,Зуева,+7 (899) 706-1560,занят
Леонидовна,Вера,Горбачева,+75616100731,занят
Чеслав,Игнатов,Герасимович,89583289030,занят
Владиславовна,Ольга,Ширяева,+7 (280) 350-1512,занят
Оксана,Котова,Федоровна,8 (420) 704-3454,свободен
Ниловна,Глафира,Соколова,8 (116) 722-79-78,в пути
Яковлевна,Милица,Лазарева,8 036 527 1913,свободен
Ерофеевич,Павел,Попов,80609018451,в пути
Фокич,Спиридон,Макаров,+76826510953,свободен
Юрьевна,Лукия,Медведева,8 938 999 7335,занят
Элеонора,Суханова,Леонидовна,8 349 968 52 16,свободен
Василиса,Гаврилова,Тимуровна,+7 382 596 13 87,занят
Оксана,Корнилова,Робертовна,8 325 421 1568,занят
Игоревна,Наина,Козлова,8 287 234 8320,занят
Алина,Колесникова,Олеговна,+7 (253) 341-55-59,свободен
Васильевич,Чеслав,Громов,8 322 351 6626,занят
Вадимовна,София,Михайлова,8 609 912 8656,свободен
Семеновна,Евгения,Елисеева,88419324632,занят
Фёкла,Овчинникова,Кирилловна,8 915 979 92 45,свободен
Романовна,Зинаида,Хохлова,+7 527 098 01 40,в пути
Валериевна,Лидия,Якушева,+7 (663) 284-7152,свободен
Ростислав,Евдокимов,Григорьевич,8 (072) 101-22-31,занят
Рубеновна,Евгения,Горшкова,+74149814944,занят
Лариса,Игнатьева,Романовна,+7 (624) 546-2400,свободен
Кира,Волкова,Захаровна,+76928644059,занят
Геннадий,Бирюков,Ильич,8 117 330 79 73,свободен
Андреевна,Фаина,Муравьева,+7 (774) 445-6637,занят
Панфил,Константинов,Димитриевич,8 853 664 83 16,в пути
Клавдия,Кошелева,Анатольевна,8 (601) 866-8886,занят
Оскаровна,Людмила,Сысоева,8 (469) 631-5757,занят
Тамара,Ширяева,Кузьминична,84505409903,в пути
Ильясович,Виталий,Белоусов,+7 434 901 90 36,в пути
Чеславович,Зосима,Богданов,+7 (252) 088-01-25,в пути
Владиславович,Святополк,Михеев,87268379077,занят
Павловна,Алевтина,Федосеева,+7 211 970 40 77,свободен
Василиса,Елисеева,Наумовна,8 (127) 485-6855,занят
Афиноген,Беспалов,Филимонович,8 (700) 421-4006,занят
Татьяна,Горшкова,Васильевна,8 (702) 789-4409,свободен
Юрий,Костин,Марсович,+7 757 453 1118,свободен
Феликсович,Константин,Комиссаров,+76037027838,в пути
Елена,Кулагина,Петровна,89530334318,занят
Рудольфовна,Наталья,Мельникова,+7 878 246 99 81,в пути
Артёмович,Филарет,Соловьев,+75836938591,свободен
Елизарович,Архип,Красильников,8 761 044 56 20,в пути
Игорь,Панов,Феоктистович,8 (009) 841-89-00,занят
Натановна,Элеонора,Копылова,8 (381) 966-2906,в пути
Абрамович,Серафим,Кононов,8 (097) 769-88-74,в пути
Ярослав,Максимов,Евсеевич,+7 (685) 505-46-25,свободен
Лукьян,Лыткин,Егорович,+7 310 295 7457,в пути
Роман,Никонов,Матвеевич,+7 (186) 777-86-10,свободен
Прасковья,Сидорова,Дмитриевна,+7 (998) 908-02-43,занят
Николаевна,Валентина,Семенова,87554469496,свободен
Елена,Кононова,Харитоновна,8 (473) 354-2521,в пути
Кирилловна,Наина,Крюкова,+7 263 104 73 23,занят
Никодим,Шашков,Демьянович,8 308 341 4936,свободен
Наркис,Быков,Вилорович,8 776 882 25 28,свободен
Любомир,Гущин,Игоревич,86917088024,в пути
Зиновьев,тов.,Иван,8 497 349 79 68,в пути
Лаврентий,Рябов,Эдгардович,+7 563 925 6381,свободен
Эрнест,Ильин,Егорович,+7 (178) 065-75-64,в пути
Яковлевна,Василиса,Наумова,+7 403 882 8588,свободен
Сигизмунд,Крылов,Авдеевич,8 (127) 631-8039,в пути
Гурьевич,Ювеналий,Михайлов,+7 (349) 734-4808,свободен
Тамара,Кулагина,Матвеевна,8 295 580 4554,занят
Варлаам,Зайцев,Эдуардович,+79625468738,в пути
Елисеевич,Боян,Ефремов,+7 (830) 565-9112,свободен
Светлана,Сорокина,Степановна,+7 (283) 166-21-62,свободен
Даниловна,Акулина,Козлова,89534553716,свободен
Онуфрий,Васильев,Владленович,+7 (758) 097-6088,свободен
Любовь,Соколова,Матвеевна,+7 702 910 5347,занят
Анастасия,Петухова,Руслановна,+75643629340,в пути
Лучезар,Архипов,Яковлевич,8 (406) 092-7755,свободен
Архип,Меркушев,Тихонович,85964941982,в пути
Наумовна,Маргарита,Субботина,8 831 689 88 89,в пути
Петровна,Прасковья,Никифорова,+7 438 354 93 18,занят
Руслановна,Евфросиния,Лаврентьева,8 (203) 092-24-49,в пути
Анатольевич,Аркадий,Муравьев,+71312557258,занят
Васильевна,Октябрина,Тарасова,+70003936057,в пути
Анисимович,Святослав,Нестеров,83216009859,в пути
Руслановна,Вероника,Доронина,85542161197,в пути
Гордеевич,Елисей,Королев,8 802 838 53 02,в пути
Гурий,Субботин,Геннадиевич,82206361571,в пути
Анжела,Якушева,Олеговна,8 317 766 06 32,занят
Трифон,Тетерин,Даниилович,8 (269) 855-41-63,в пути
Никифоровна,Ираида,Новикова,+7 067 072 7071,занят
Светлана,Маркова,Болеславовна,8 (501) 669-4040,свободен
Иосипович,Сократ,Белоусов,+79896786490,свободен
Филатович,Моисей,Орлов,+7 (253) 455-7081,свободен
Егорович,Осип,Юдин,+7 (784) 002-3239,в пути
Эмилия,Гаврилова,Аркадьевна,+7 780 068 93 18,свободен
Мир,Беспалов,Тимурович,+7 699 516 1985,свободен
Филарет,Пахомов,Александрович,83850007219,в пути
Германович,Эраст,Марков,8 198 980 7184,занят
Афанасьевич,Лучезар,Игнатьев,8 377 602 1554,свободен
Родион,Муравьев,Германович,+7 276 337 3134,в пути
Нинель,Денисова,Олеговна,83011958711,в пути
Борисовна,Фаина,Капустина,+7 (793) 798-13-47,свободен
Автоном,Антонов,Власович,+70897373151,свободен
Ефстафьевич,Юлий,Рыбаков,+77401673716,занят
Трофим,Лазарев,Вилорович,8 (026) 445-6126,свободен
Иванна,Кириллова,Николаевна,8 698 529 3871,занят
Флорентин,Шашков,Богданович,+7 (744) 775-6497,в пути
Антонина,Коновалова,Ильинична,8 581 191 5324,занят
Аникей,Филиппов,Авдеевич,+7 661 246 0837,в пути
Гостомысл,Шашков,Трофимович,8 (299) 364-1423,свободен
Светлана,Агафонова,Никифоровна,+7 511 300 3298,в пути
Алевтина,Андреева,Геннадиевна,+7 463 883 1145,свободен
Светлана,Аксенова,Матвеевна,+78780496386,занят
Вера,Доронина,Оскаровна,89555860371,в пути
Наум,Бобылев,Ефремович,8 (216) 853-7049,свободен
Галина,Лобанова,Юрьевна,+7 (185) 630-1447,свободен
Зоя,Веселова,Святославовна,+7 270 981 54 86,свободен
Руслановна,Валентина,Дементьева,+7 491 980 1427,в пути
Лора,Лихачева,Михайловна,+70251268889,в пути
Викторович,Владимир,Беляков,+7 570 823 4717,занят
Никифоровна,Галина,Мясникова,8 (613) 030-58-95,занят
Алла,Мамонтова,Даниловна,8 544 619 97 30,в пути
Остап,Федосеев,Вячеславович,+76104691562,занят
Вадимовна,Алина,Щукина,+74005369017,свободен
Афанасьевна,Анжелика,Васильева,+7 (385) 631-21-98,занят
Сергей,Цветков,Исидорович,8 776 342 8152,в пути
Аристарх,Никитин,Бенедиктович,88832769081,свободен
Аркадьевна,Людмила,Якушева,+77341387722,в пути
Назар,Фомин,Юлианович,+70320534625,свободен
Рубеновна,Ангелина,Анисимова,+7 364 078 04 69,свободен
Александрович,Лукьян,Ширяев,+73804637336,свободен
Нина,Суворова,Георгиевна,8 108 247 89 80,в пути
Эмилия,Куликова,Аркадьевна,+7 822 749 72 97,в пути
Трифонович,Никанор,Кузнецов,8 125 227 47 97,в пути
Трифон,Зуев,Гаврилович,+7 (504) 544-41-12,свободен
Тимофей,Зайцев,Ааронович,8 (625) 308-3686,свободен
Викентьевич,Аким,Ефимов,+71976156466,в пути
Полина,Боброва,Яковлевна,8 (640) 977-7279,свободен
Нонна,Матвеева,Святославовна,8 (111) 064-88-74,занят
Ефстафьевич,Аверьян,Алексеев,+7 205 312 9020,занят
Яковлевич,Митофан,Кириллов,+7 (817) 060-68-19,в пути
Харитоновна,Валентина,Лебедева,+7 083 210 6469,свободен
Эдуардовна,Юлия,Козлова,8 608 679 7053,в пути
Раиса,Киселева,Егоровна,+7 (667) 015-83-26,в пути
Наркис,Федотов,Даниилович,+7 (686) 978-87-02,свободен
Викторовна,Милица,Мамонтова,+7 (090) 972-01-46,занят
Вера,Лапина,Александровна,+78264585007,занят
Петровна,Мария,Исаева,8 (606) 726-7514,свободен
Васильевна,Зинаида,Филатова,+70935394394,в пути
Феликсович,Трофим,Доронин,8 (022) 801-7918,в пути
Онуфрий,Тарасов,Августович,+72650549847,в пути
Фока,Данилов,Артурович,8 (394) 642-36-31,свободен
Александрович,Остап,Ситников,+7 (806) 211-0719,занят
Захаровна,Феврония,Цветкова,+7 594 852 26 17,занят
Алла,Морозова,Эдуардовна,83153950362,свободен
Жанович,Захар,Шилов,+75700309348,занят
Захаровна,Акулина,Шубина,8 (528) 293-4822,в пути
Арсенович,Аполлон,Волков,8 171 924 79 83,занят
Захаровна,Варвара,Галкина,+7 250 255 43 07,свободен
Данилович,Аверкий,Панов,+7 (420) 280-2460,занят
Антонович,Иларион,Журавлев,80309265186,свободен
Валентинович,Лукьян,Гурьев,8 (712) 578-07-16,занят
Януарий,Мясников,Игоревич,8 (132) 064-00-70,занят
Эмилия,Моисеева,Алексеевна,+7 (719) 473-41-52,занят
Антонович,Аверьян,Костин,+7 237 122 2224,занят
Адриан,Мельников,Германович,+7 642 618 41 92,в пути
Игоревич,Аггей,Калашников,+7 (886) 322-0699,в пути
Лора,Федорова,Руслановна,8 (562) 450-29-32,в пути
Германович,Рюрик,Поляков,+70724607638,свободен
Игнатович,Назар,Горбачев,82999026274,занят
Изотович,Добромысл,Никонов,+77940707640,свободен
Марсович,Орест,Крылов,+7 123 411 64 96,занят
Нонна,Миронова,Оскаровна,+7 (199) 013-43-58,занят
Игоревич,Всеслав,Морозов,+7 (787) 554-68-57,свободен
Зоя,Петухова,Васильевна,+70038279139,свободен
Даниилович,Боян,Некрасов,+7 (669) 700-41-24,занят
Ефимовна,Виктория,Киселева,+70433463891,в пути
Дмитриевна,Дарья,Овчинникова,8 979 274 8238,занят
Антипович,Ефрем,Лапин,+7 504 133 0105,занят
Агап,Семенов,Гордеевич,8 856 831 5288,свободен
Дмитриевна,Евфросиния,Иванова,8 838 719 8078,в пути
Марсович,Прокофий,Ершов,8 474 931 84 98,занят
Натановна,Синклитикия,Матвеева,8 (716) 591-38-76,в пути
Виктория,Дементьева,Владимировна,+7 (269) 060-60-54,свободен
Ермил,Романов,Ярославович,8 524 985 64 04,занят
Афанасьевна,Антонина,Панфилова,8 761 432 47 44,в пути
Елисей,Артемьев,Валерианович,8 957 047 69 18,занят
Эрнест,Горбунов,Антонович,+79437053829,свободен
Велимир,Носов,Германович,+7 (368) 205-99-53,свободен
Анжела,Моисеева,Робертовна,8 (261) 361-4279,свободен
Юлианович,Фирс,Комаров,8 (952) 130-85-68,занят
Екатерина,Савина,Валентиновна,+7 697 075 31 19,занят
Венедиктович,Казимир,Карпов,+7 (768) 866-8335,свободен
Фёкла,Попова,Макаровна,8 890 352 8991,свободен
Георгиевна,Нонна,Фомина,+7 (381) 414-03-91,в пути
Ильич,Анатолий,Романов,8 (174) 904-28-89,занят
Авдеевич,Афанасий,Капустин,86220861105,в пути
Любомир,Зимин,Афанасьевич,+70946623090,свободен
Вера,Рыбакова,Петровна,8 (626) 881-86-79,в пути
Виталий,Шарапов,Всеволодович,+7 408 689 68 31,свободен
Дарья,Носкова,Кирилловна,+7 575 075 3439,занят
Теймуразович,Варфоломей,Юдин,+72851704454,занят
Виленович,Мечислав,Зиновьев,8 141 474 7778,свободен
Антонович,Юрий,Орехов,88886788049,в пути
Аникей,Устинов,Елисеевич,+7 (364) 359-4790,свободен
Эльдаровна,Ия,Дорофеева,+76195741837,в пути
Нинель,Бобылева,Тарасовна,+7 (169) 612-90-55,в пути
Венедикт,Владимиров,Теймуразович,8 (077) 320-95-65,в пути
Венедикт,Денисов,Чеславович,+7 (859) 339-3739,свободен
Васильевна,Евдокия,Ситникова,+7 058 175 6367,свободен
Давыдович,Владимир,Мельников,+7 093 227 90 10,занят
Нонна,Никифорова,Сергеевна,8 208 462 0355,занят
Федосеевич,Евгений,Козлов,+7 (698) 396-86-96,свободен
Леоновна,Жанна,Кошелева,8 (338) 232-0557,в пути
Ипат,Константинов,Феодосьевич,+7 339 733 5232,в пути
Бажен,Веселов,Августович,+7 508 015 04 21,занят
Адрианович,Ратибор,Лобанов,+7 (931) 084-4773,в пути
Савва,Калашников,Марсович,83392803384,свободен
Владленович,Елисей,Куликов,+7 268 957 19 80,свободен
Елизавета,Елисеева,Николаевна,+7 208 827 5404,свободен
Наумовна,Лора,Миронова,8 (759) 161-67-96,занят
Феврония,Бобылева,Романовна,+7 (825) 875-64-86,занят
Зоя,Кулагина,Феликсовна,8 (385) 718-53-46,в пути
Трофимович,Никодим,Фокин,8 708 349 2951,в пути
Руслановна,Таисия,Шашкова,80774322122,занят
Маргарита,Кузнецова,Петровна,8 373 935 7532,занят
Олимпий,Щербаков,Анатольевич,+7 (066) 940-38-00,в пути
Викторовна,Жанна,Ширяева,+71492344326,в пути
Савва,Ширяев,Абрамович,81001873599,свободен
Василиса,Дементьева,Григорьевна,8 906 608 55 75,в пути
Еремей,Молчанов,Бориславович,+7 (518) 185-08-74,в пути
Бенедиктович,Пимен,Коновалов,8 (785) 047-77-19,в пути
Лукина,тов.,Елизавета,+74737225166,занят
Эмилия,Ефремова,Архиповна,+78786364505,занят
Игнатов,г-н,Амвросий,+71098504885,свободен
Бориславович,Геннадий,Елисеев,+7 310 083 83 94,свободен
Виктория,Рябова,Вениаминовна,8 645 081 7056,занят
Ипатий,Ефремов,Васильевич,84997400991,свободен
Сергеевна,Маргарита,Щукина,+7 615 977 07 69,свободен
Устин,Хохлов,Ефимьевич,8 525 653 7454,занят
Федоровна,Елена,Блохина,+7 421 118 29 80,занят
Елизавета,Гусева,Александровна,+74746329695,свободен
Светлана,Орехова,Леонидовна,+7 653 538 7523,в пути
Юлианович,Петр,Лебедев,88124485608,занят
Ждановна,Евдокия,Орехова,83407887887,свободен
Алевтина,Абрамова,Ильинична,8 (946) 038-8458,в пути
Владилен,Афанасьев,Яковлевич,+7 773 788 3811,занят
Анисимович,Валерьян,Суханов,+7 (247) 595-5683,занят
Орлова,тов.,Фаина,8 241 959 8505,свободен
Кузьминична,Лариса,Щербакова,+7 (111) 841-19-88,в пути
Прасковья,Крылова,Матвеевна,8 (710) 505-5307,свободен
Дмитриевич,Ерофей,Филиппов,+70121510605,в пути
Семеновна,Евгения,Жукова,8 724 562 2926,занят
София,Кондратьева,Феликсовна,89178073893,свободен
Ираида,Рожкова,Васильевна,+7 (488) 649-0833,свободен
Ольга,Гущина,Сергеевна,8 (023) 904-35-14,свободен
Кузьминична,Евдокия,Белякова,84997102223,занят
Игорь,Давыдов,Антонович,8 063 167 7532,в пути
Анжела,Меркушева,Леонидовна,+7 982 662 8086,занят
Михайловна,Ольга,Сафонова,+7 666 546 4366,свободен
Артёмович,Галактион,Емельянов,+7 565 318 52 47,занят
Германович,Эрнест,Комиссаров,+7 019 743 0838,занят
Эрнест,Ефимов,Тарасович,+7 660 481 53 04,в пути
Эдуардович,Ермолай,Макаров,+74185139887,свободен
Пимен,Кабанов,Авдеевич,+7 (436) 558-5473,свободен
Наум,Михеев,Владиленович,8 752 389 48 69,занят
Гавриилович,Андрей,Куликов,8 259 743 49 96,в пути
Ия,Кириллова,Кузьминична,8 099 299 47 51,свободен
Борислав,Стрелков,Федосеевич,+7 (986) 869-94-50,свободен
Павловна,Олимпиада,Гуляева,+7 376 352 1127,свободен
Парамон,Данилов,Тарасович,8 509 065 3453,свободен
Александрович,Сергей,Уваров,8 (863) 021-37-23,свободен
Ювеналий,Фокин,Архипович,+7 (454) 002-7635,занят
Васильевна,Вероника,Степанова,+70795525270,свободен
Панфил,Селезнев,Ермилович,8 524 566 2250,в пути
Станиславовна,Синклитикия,Михайлова,8 090 335 70 98,занят
Сигизмунд,Герасимов,Артурович,+7 (159) 500-70-55,свободен
Татьяна,Панфилова,Мироновна,+7 (381) 011-2649,в пути
Аркадьевна,Евдокия,Пестова,8 948 580 14 86,свободен
Марков,тов.,Велимир,83837926799,в пути
Нина,Самсонова,Святославовна,8 434 817 8030,в пути
Нинель,Рябова,Евгеньевна,8 818 194 00 69,в пути
Игнатович,Карп,Уваров,+7 054 807 0982,свободен
Анжелика,Карпова,Николаевна,+74925137133,занят
Зинаида,Колобова,Владиславовна,8 (764) 425-16-01,свободен
Артурович,Аверьян,Самойлов,+7 (758) 076-0310,свободен
Аркадьевна,Акулина,Доронина,8 (076) 178-1241,свободен
Иннокентий,Одинцов,Ааронович,8 394 046 87 28,в пути
Натановна,Евфросиния,Колобова,8 730 741 3379,в пути
Соболев,г-н,Валерий,+7 (368) 199-92-30,в пути
Яков,Ермаков,Глебович,+7 166 305 4055,занят
Маргарита,Ковалева,Матвеевна,+7 022 496 0974,занят
Маргарита,Колесникова,Артемовна,+7 733 786 7364,занят
Твердислав,Андреев,Елизарович,+7 (118) 163-00-57,свободен
Федоровна,Марфа,Беспалова,81226672678,занят
Макаровна,Евгения,Лебедева,8 (860) 085-92-31,свободен
Севастьян,Ефимов,Давыдович,8 (147) 316-40-99,занят
Петровна,София,Емельянова,81298804621,занят
Кузьминична,Агафья,Шарапова,+7 704 825 9296,в пути
Прасковья,Терентьева,Натановна,84604691451,свободен
Прасковья,Мартынова,Макаровна,+72349786324,свободен
Артемий,Федотов,Игнатович,+7 (150) 426-11-53,занят
Дорофеевич,Мирон,Анисимов,+7 (148) 902-42-49,в пути
Давидович,Эраст,Костин,85172022168,свободен
Алексеевна,Анна,Турова,8 (167) 022-23-16,в пути
Болеславовна,Юлия,Вишнякова,+77346921953,занят
Лидия,Белякова,Эльдаровна,+7 690 619 45 95,в пути
Белов,г-н,Юлиан,8 (550) 599-1144,свободен
Ратибор,Смирнов,Алексеевич,+7 279 054 91 37,свободен
Чеслав,Федотов,Феофанович,+7 255 004 17 11,свободен
Раиса,Гурьева,Рубеновна,8 (755) 421-2244,в пути
Вера,Кабанова,Макаровна,8 (674) 299-4014,в пути
Тихонович,Степан,Фадеев,89074810920,свободен
Гаврила,Исаев,Федотович,+7 400 981 14 43,занят
Милен,Архипов,Ефимьевич,+7 (960) 057-0916,занят
Демьян,Меркушев,Богданович,8 (190) 298-1949,в пути
Аполлон,Фокин,Антипович,+7 796 990 2609,свободен
Владиславовна,Евпраксия,Мельникова,+7 (965) 308-90-53,в пути
Феликсовна,Дарья,Сазонова,8 663 582 57 87,в пути
Модест,Горшков,Бориславович,+7 (963) 169-1464,в пути
Майя,Тетерина,Михайловна,+7 799 943 95 16,в пути
Артёмович,Феоктист,Елисеев,89416817150,в пути
Тихон,Семенов,Федосеевич,+7 928 678 65 83,занят
Матвеевич,Никифор,Ефремов,8 (949) 855-6688,в пути
Карп,Горшков,Харламович,82534379069,в пути
Милован,Симонов,Бенедиктович,+7 283 961 8887,занят
Ираида,Стрелкова,Владиславовна,8 (382) 950-83-35,занят
Ольга,Ситникова,Артемовна,+74058533929,в пути
Ануфриевич,Назар,Русаков,+7 (561) 882-2225,в пути
Никанор,Цветков,Фомич,8 (187) 910-4655,свободен
Мартын,Фомин,Игнатович,+7 073 375 24 37,свободен
Лора,Хохлова,Матвеевна,+7 (914) 114-65-19,в пути
Эдгардович,Ипполит,Рыбаков,+7 (956) 061-5233,занят
Артемьевич,Конон,Щербаков,+7 (897) 273-9942,занят
Дарья,Иванова,Эльдаровна,8 484 493 57 46,в пути
Клавдия,Осипова,Тарасовна,+75919895159,в пути
Ждановна,Светлана,Самойлова,+7 960 055 5720,занят
Гавриилович,Ерофей,Кононов,+7 (540) 150-2932,свободен
Святослав,Кузьмин,Викентьевич,8 510 664 6177,занят
Артемьевич,Фирс,Новиков,8 (504) 258-83-55,занят
Анжела,Князева,Степановна,+7 (941) 274-95-96,занят
Сергеевна,Ирина,Федосеева,+7 (383) 795-8052,в пути
Константиновна,Галина,Федорова,8 953 011 69 86,в пути
Ипатий,Кошелев,Владленович,+7 (340) 726-9485,свободен
Егорович,Изот,Соколов,8 (455) 810-90-71,занят
Григорьевна,Валерия,Голубева,+7 279 392 26 25,занят
Зиновьевич,Филарет,Рожков,+7 (952) 877-22-36,свободен
Феликсовна,Людмила,Боброва,80618810522,в пути
Андреевна,Вера,Трофимова,8 (923) 255-95-43,в пути
Святославовна,Нинель,Маркова,+70216397167,занят
Викторовна,Ксения,Фомичева,85151864872,занят
Филатович,Андрей,Данилов,8 163 976 3096,в пути
Ильинична,Зоя,Носкова,8 123 704 28 72,в пути
Корнил,Самсонов,Устинович,8 (455) 794-80-08,свободен
Викторовна,Зинаида,Силина,8 (888) 647-9193,свободен
Гурий,Быков,Ааронович,+71736815583,свободен
Георгиевна,Клавдия,Шарова,+7 (833) 233-99-82,свободен
Жанна,Авдеева,Даниловна,8 (707) 177-65-00,свободен
Павловна,Кира,Назарова,+7 (097) 592-06-40,свободен
Прокофий,Захаров,Тимурович,+7 (592) 282-06-17,занят
Тимуровна,Лора,Кабанова,+7 (254) 708-80-22,занят
Харитоновна,Иванна,Шарапова,+71994048464,в пути
Вадимовна,Нина,Вишнякова,8 (553) 853-4078,занят
Фомич,Агафон,Зуев,8 246 709 75 21,свободен
Ираида,Денисова,Аркадьевна,8 (723) 305-01-92,свободен
Людмила,Зыкова,Юльевна,+7 (220) 812-9329,занят
Гаврила,Филиппов,Бориславович,80311502183,свободен
Спиридон,Третьяков,Юлианович,8 858 396 8436,в пути
Василиса,Миронова,Феликсовна,8 (254) 424-70-13,в пути
Данилович,Модест,Воронцов,+7 778 514 3527,в пути
Димитриевич,Тимур,Кириллов,+7 (212) 381-9388,свободен
Нонна,Гуляева,Яковлевна,8 (022) 292-80-56,свободен
Харламович,Аркадий,Меркушев,+7 672 206 2905,свободен
Таисия,Кабанова,Юльевна,84824174883,свободен
Прасковья,Шарапова,Наумовна,+7 177 487 76 00,в пути
Ангелина,Морозова,Ивановна,8 259 925 80 80,в пути
Фёкла,Исаева,Максимовна,+77248931538,свободен
Фёдорович,Зосима,Пономарев,+76403349150,в пути
Алла,Жданова,Болеславовна,+7 565 751 9327,в пути
Парфен,Савельев,Владиславович,8 852 167 3743,занят
Фортунат,Кулагин,Феодосьевич,8 (898) 425-8726,в пути
Дмитриевна,Алина,Александрова,89423883190,свободен
Алексеевна,Синклитикия,Никифорова,+7 573 538 75 58,занят
Валериевна,Маргарита,Мельникова,8 528 234 51 52,занят
Демидович,Варфоломей,Макаров,8 (823) 168-9477,занят
Владленович,Владимир,Симонов,+7 772 746 8532,занят
Константин,Зимин,Вилорович,8 (106) 724-0435,в пути
Владленович,Григорий,Котов,+7 (783) 619-75-23,занят
Алексеевич,Петр,Лебедев,+7 881 337 8879,занят
Вера,Козлова,Григорьевна,+7 040 277 04 69,занят
Антонович,Авксентий,Котов,+7 (633) 436-1197,занят
Дементий,Суханов,Валентинович,+7 (963) 535-51-01,свободен
Аким,Мухин,Иларионович,+7 (296) 843-6818,в пути
Матвеевич,Спартак,Логинов,8 671 885 81 43,свободен
Архипович,Ермил,Сафонов,+7 (891) 259-17-09,в пути
Зоя,Соболева,Алексеевна,8 580 997 6032,в пути
Александрович,Ярополк,Маслов,8 (200) 241-4518,занят
Михайловна,Екатерина,Сорокина,8 012 301 2167,в пути
Михаил,Павлов,Германович,+7 (376) 601-34-99,свободен
Дмитриевна,Марина,Якушева,+7 (316) 180-7121,свободен
Дмитриевна,Агафья,Исакова,+73699620789,занят
Эмилия,Харитонова,Вячеславовна,8 593 249 1602,в пути
Елизавета,Ефимова,Львовна,8 669 258 9763,в пути
Евсеевич,Геннадий,Антонов,8 881 857 3162,свободен
Федоровна,Акулина,Крюкова,+7 336 509 73 53,занят
Элеонора,Хохлова,Владиславовна,+7 646 977 2613,в пути
Юлий,Киселев,Ааронович,+7 (996) 049-0387,свободен
Харитоновна,Прасковья,Суханова,+7 671 718 21 99,занят
Радован,Чернов,Эдгардович,+72234447786,занят
Артемовна,Галина,Устинова,8 123 853 0615,занят
Аркадьевна,Наталья,Никитина,+7 691 509 80 34,занят
Ярославович,Филимон,Кудряшов,8 145 517 7346,в пути
Жанович,Данила,Сафонов,8 595 031 90 34,занят
Тимофеевна,Евфросиния,Калашникова,8 (235) 830-59-47,свободен
Сысоев,г-н,Мартьян,+7 (171) 072-45-08,в пути
Зиновьевич,Чеслав,Трофимов,8 780 760 0486,в пути
Большаков,тов.,Никодим,8 (479) 484-8350,в пути
Викторовна,Валентина,Некрасова,+7 (609) 302-24-92,занят
Якубович,Семен,Субботин,+78270290399,в пути
Анатольевна,Фёкла,Гуляева,+7 715 174 54 97,занят
Чеславович,Авдей,Макаров,88621289582,свободен
Болеславовна,Евпраксия,Субботина,+7 (368) 513-2181,свободен
Гремислав,Жданов,Адрианович,+7 (730) 112-3711,свободен
Клавдия,Богданова,Эдуардовна,8 833 999 63 48,в пути
Екатерина,Воробьева,Михайловна,+7 (557) 010-3901,занят
Наумовна,Раиса,Чернова,8 641 009 30 54,свободен
Измаилович,Измаил,Богданов,8 512 338 28 10,занят
Данила,Киселев,Владиславович,+7 (644) 342-79-02,занят
Савватий,Воронцов,Григорьевич,8 118 519 0674,свободен
Прокофий,Шашков,Гавриилович,8 553 197 7386,в пути
Анжела,Мартынова,Владиславовна,+70391642429,в пути
Виктория,Русакова,Даниловна,8 (499) 395-71-76,занят
Максимовна,Жанна,Котова,8 (093) 674-07-99,свободен
Ангелина,Кулакова,Дмитриевна,8 382 246 94 02,свободен
Вилорович,Ярополк,Мухин,8 (168) 565-5036,занят
Юлианович,Вышеслав,Кудрявцев,8 (264) 640-0200,свободен
Светлана,Журавлева,Ивановна,+7 (765) 282-1382,свободен
Людмила,Фадеева,Тимофеевна,8 728 225 81 68,в пути
Анастасия,Денисова,Валериевна,+76102099349,свободен
Ия,Гущина,Игоревна,+7 (149) 715-6921,свободен
Пров,Молчанов,Феоктистович,+7 595 877 80 02,в пути
Германович,Василий,Хохлов,8 (598) 453-31-30,занят
Борисовна,Марина,Гуляева,+7 203 575 76 82,занят
Агата,Куликова,Юльевна,+7 011 394 99 53,свободен
Лонгин,Борисов,Антонович,+7 961 486 2406,свободен
Георгиевна,Агафья,Колобова,+7 232 866 20 59,занят
Устинович,Трифон,Воробьев,86519188412,занят
Владиславовна,Алина,Трофимова,8 (358) 227-5570,занят
Татьяна,Королева,Георгиевна,+70802291079,свободен
Григорьевич,Август,Ермаков,+7 268 216 98 39,занят
Аскольдовна,Василиса,Дроздова,82275618778,в пути
Евфросиния,Овчинникова,Болеславовна,8 (871) 497-0239,в пути
Демидович,Трифон,Меркушев,8 (673) 302-2270,свободен
Агафья,Филиппова,Николаевна,+7 (401) 671-73-29,свободен
Кузьминична,Юлия,Одинцова,+79707281815,в пути
Афиноген,Миронов,Данилович,8 (125) 242-3137,в пути
Макаровна,Елена,Воронцова,86245447112,занят
Петровна,Полина,Назарова,8 (385) 080-75-60,свободен
Нина,Мартынова,Андреевна,+7 (059) 886-8421,свободен
Архипович,Арефий,Воронцов,8 (717) 106-39-36,свободен
Георгий,Родионов,Фомич,82329533384,занят
Артемовна,Фёкла,Власова,83660053798,свободен
Евгеньевна,Анастасия,Голубева,8 (227) 568-90-33,занят
Марина,Субботина,Рубеновна,8 (682) 551-03-84,занят
Афанасий,Кулагин,Трофимович,+7 537 988 23 71,свободен
Трифон,Афанасьев,Гавриилович,81369170281,в пути
Татьяна,Семенова,Владиславовна,+7 (513) 053-36-77,свободен
Агафья,Филатова,Ефимовна,+70425857522,в пути
Львовна,Евгения,Петрова,87509100786,занят
Фёдорович,Автоном,Кудрявцев,+7 475 480 84 93,свободен
Валерия,Дроздова,Станиславовна,8 (481) 782-7448,в пути
Екатерина,Бобылева,Альбертовна,8 313 596 8597,занят
Алла,Шилова,Харитоновна,8 174 956 79 95,занят
Осип,Носков,Германович,8 738 532 54 43,в пути
Харитоновна,Наталья,Ситникова,85991711629,в пути
Иларионович,Вячеслав,Суворов,+73906799535,свободен
Агафон,Андреев,Зиновьевич,8 909 458 7580,свободен
Капитон,Петухов,Давидович,+7 (754) 397-21-37,занят
Антонина,Кулакова,Васильевна,+7 993 838 24 53,свободен
Наумовна,Екатерина,Комиссарова,+7 (662) 352-90-07,в пути
Любовь,Евдокимова,Олеговна,8 (992) 198-3064,занят
Кира,Тимофеева,Алексеевна,+76129454135,занят
Оскаровна,Дарья,Осипова,8 (811) 182-8846,занят
Евдокия,Козлова,Григорьевна,+7 978 662 68 48,в пути
Савватий,Горбунов,Анатольевич,8 315 493 8599,свободен
Лора,Исаева,Евгеньевна,8 (825) 761-4750,свободен
Лукьян,Фокин,Ефстафьевич,+7 (834) 607-06-91,свободен
Владленович,Ярослав,Суханов,8 659 008 44 72,свободен
Аникей,Пахомов,Теймуразович,+7 (002) 526-82-15,занят
Геннадьевна,Октябрина,Петрова,+7 991 779 90 04,свободен
Геннадьевна,Ксения,Нестерова,8 516 013 05 75,в пути
Романовна,Синклитикия,Самойлова,8 857 374 55 52,свободен
София,Овчинникова,Ивановна,+7 (253) 465-9858,в пути
Жанна,Ларионова,Ивановна,8 595 823 58 28,свободен
Валерианович,Всеволод,Архипов,+7 (968) 611-8144,свободен
Александр,Голубев,Игнатьевич,+7 (214) 873-3542,занят
Тихонович,Ираклий,Буров,+74692628788,занят
Матвеевна,Евфросиния,Денисова,8 (339) 097-93-36,занят
Фёкла,Исакова,Кузьминична,+7 646 469 2079,занят
Львовна,Евдокия,Устинова,8 (902) 917-39-37,занят
Ольга,Князева,Олеговна,+7 141 679 3151,занят
Александровна,Татьяна,Яковлева,+7 075 986 1238,в пути
Тимур,Дьячков,Елизарович,80289492579,в пути
Игнатович,Анисим,Костин,8 351 828 2569,в пути
Арсеньевич,Ким,Лихачев,8 641 795 54 08,занят
Мироновна,Дарья,Тимофеева,8 440 390 85 87,занят
Ануфриевич,Никон,Фролов,+7 251 255 01 68,свободен
Любовь,Белова,Валериевна,87737984743,занят
Афанасий,Бирюков,Зиновьевич,8 498 484 78 19,свободен
Афанасьевна,Лариса,Михеева,8 560 264 54 05,занят
Альбертовна,Надежда,Носова,+7 (379) 427-9861,занят
Оскаровна,Елизавета,Лыткина,+7 (259) 076-73-34,занят
Нинель,Куликова,Романовна,8 163 684 1924,в пути
Игоревна,Марфа,Королева,8 (099) 546-88-63,в пути
Антоновна,Ия,Семенова,+7 (676) 377-10-59,свободен
Ефремович,Авксентий,Савин,+7 (854) 217-70-03,свободен
Евпраксия,Одинцова,Михайловна,8 (878) 383-09-45,занят
Вячеславовна,Агафья,Щукина,+74810448723,занят
Алина,Королева,Артемовна,+75691205622,занят
Харитонович,Всемил,Власов,8 (625) 234-2602,занят
Модест,Владимиров,Аксёнович,8 637 595 3296,свободен
Аверьян,Большаков,Ильясович,8 (364) 149-24-26,в пути
Галактион,Сазонов,Ааронович,+7 (830) 209-63-21,занят
Евгения,Дементьева,Тимуровна,+7 (168) 261-60-61,занят
Степановна,Любовь,Моисеева,+7 (966) 849-1436,в пути
Валентина,Карпова,Яковлевна,8 187 756 07 97,свободен
Амвросий,Яковлев,Ануфриевич,8 290 606 19 45,в пути
Ниловна,Октябрина,Назарова,+7 232 236 91 14,свободен
Рубеновна,Антонина,Воробьева,+7 (997) 085-52-85,в пути
Борис,Лихачев,Елизарович,+7 (879) 483-25-00,в пути
Устинович,Эраст,Шилов,8 343 144 7423,свободен
Юлий,Баранов,Валентинович,8 (215) 990-5234,в пути
Викторович,Нифонт,Филиппов,8 (845) 430-6466,занят
Константиновна,Лариса,Беспалова,8 508 916 8544,в пути
Евсеевич,Рюрик,Комиссаров,8 316 901 16 97,в пути
Григорьевна,Зинаида,Ширяева,8 912 118 09 48,в пути
Эмиль,Федоров,Борисович,8 (933) 769-05-25,в пути
Матвеевна,Лидия,Игнатьева,8 (688) 868-8443,свободен
Бориславович,Корнил,Брагин,82887763297,в пути
Бобылев,г-н,Ефим,89693951170,занят
Нина,Мясникова,Тимуровна,+7 (503) 540-90-09,занят
Аксёнович,Добромысл,Цветков,86545035491,свободен
Осип,Бобылев,Федосьевич,8 339 405 5305,занят
Анатольевна,Раиса,Уварова,+7 (764) 677-8755,занят
Демьян,Алексеев,Егорович,8 781 247 7162,занят
Тихонович,Лев,Кириллов,+73338597644,занят
Соломон,Зиновьев,Арсенович,+7 333 607 2619,занят
Феврония,Шилова,Архиповна,8 149 760 63 14,свободен
Наумовна,Октябрина,Ильина,+74346585275,занят
Ермолаевич,Ладислав,Зиновьев,81513326092,занят
Антонина,Соловьева,Никифоровна,+7 083 563 76 90,в пути
Владиславовна,Тамара,Евсеева,8 847 562 14 49,свободен
Даниилович,Валерий,Устинов,+72330437949,свободен
Марсович,Порфирий,Елисеев,83156751965,занят
Анжелика,Сергеева,Святославовна,8 (820) 687-30-62,в пути
Венедиктович,Ростислав,Кудряшов,89492807041,занят
Варвара,Шарова,Макаровна,8 516 345 6592,в пути
Аскольдовна,Елена,Зайцева,+7 (353) 663-55-20,занят
Христофор,Блохин,Юльевич,+7 550 641 5378,в пути
Радислав,Горшков,Адамович,8 068 662 9386,занят
Трифонович,Лавр,Зиновьев,8 (782) 275-57-06,свободен
Терентий,Уваров,Игнатьевич,+7 073 661 54 87,в пути
Владиславовна,Таисия,Громова,+7 357 466 78 67,занят
Анатолий,Блохин,Артурович,8 119 118 8550,в пути
Иосифович,Глеб,Бирюков,85076705269,занят
Анна,Дементьева,Кузьминична,8 (444) 126-9160,в пути
Юлия,Семенова,Георгиевна,+7 (441) 052-42-91,занят
Антонин,Иванов,Захарьевич,8 (484) 299-8428,занят
Геннадьевна,Тамара,Котова,8 050 980 35 89,в пути
Аверьянович,Вячеслав,Чернов,8 920 799 0570,свободен
Измаил,Егоров,Филатович,+7 627 681 7652,занят
Лора,Крюкова,Дмитриевна,+7 (559) 785-51-94,в пути
Фёкла,Кондратьева,Мироновна,+7 (259) 611-1480,в пути
Степановна,Екатерина,Кириллова,8 (423) 323-65-53,занят
Лидия,Воронцова,Федоровна,+7 422 034 9722,в пути
Денис,Жданов,Бориславович,8 428 752 04 40,занят
Григорий,Буров,Анатольевич,8 719 688 3879,свободен
Максимовна,Глафира,Голубева,+7 249 455 3013,свободен
Ермилович,Тарас,Емельянов,8 (421) 696-2422,в пути
Анисимович,Тимофей,Селиверстов,+74258212857,свободен
Лора,Красильникова,Кузьминична,+7 (094) 141-4563,в пути
Лора,Горшкова,Мироновна,8 144 592 16 83,в пути
Валентиновна,Зоя,Егорова,88269758231,занят
Алевтина,Казакова,Викторовна,8 291 678 6015,свободен
Михаил,Архипов,Иосипович,8 (003) 836-94-35,в пути
Алексеевна,Агафья,Князева,+7 543 907 60 09,занят
Зинаида,Лебедева,Андреевна,83789907358,в пути
Викентий,Устинов,Владиславович,89232844134,свободен
Изяслав,Зуев,Ануфриевич,+71207184353,свободен
Кондратий,Абрамов,Давидович,8 (500) 083-9112,свободен
Людмила,Зиновьева,Андреевна,8 (540) 964-47-12,свободен
