created_at,updated_at,status,delivery_cost,sender_user_id,receiver_user_id,pickup_address_id,delivery_address_id
2006-12-24 17:57:34.608830,2006-12-24 17:57:34.608830,создан,72623398.76,746,570,160,920
2019-11-24 02:12:00.968157,2019-12-25 02:12:00.968157,отправлен,64164953.18,988,279,627,299
2013-12-19 23:08:04.380424,2013-12-19 23:08:04.380424,создан,92792391.28,303,158,117,382
1998-07-01 01:09:17.084451,1998-07-05 01:09:17.084451,отменен,77076118.29,328,863,74,814
2009-04-10 08:49:21.328196,2009-07-02 08:49:21.328196,отменен,31782325.75,450,159,970,450
2022-02-09 20:22:25.566518,2022-03-28 20:22:25.566518,отменен,40433095.96,224,756,312,647
2011-11-04 18:43:13.537624,2012-01-29 18:43:13.537624,отправлен,19441465.20,867,152,8,902
2019-10-12 07:52:35.248567,2019-10-12 07:52:35.248567,создан,74469200.82,831,855,769,280
2002-11-12 02:04:44.405045,2002-11-12 02:04:44.405045,создан,96034031.83,993,90,208,114
2000-11-13 18:45:43.592165,2001-01-02 18:45:43.592165,отменен,39232748.60,955,943,909,454
1998-05-25 16:13:42.178824,1998-05-25 16:13:42.178824,создан,59780495.81,485,99,109,891
2022-01-14 10:53:23.547554,2022-03-24 10:53:23.547554,отменен,89420352.06,311,218,188,625
2010-02-03 23:18:11.611137,2010-02-06 23:18:11.611137,отменен,52355361.45,506,250,501,957
2015-12-23 22:12:35.364850,2015-12-23 22:12:35.364850,создан,51357688.03,570,860,474,758
2005-08-02 22:36:12.359465,2005-08-02 22:36:12.359465,создан,41655315.55,966,48,206,322
2014-04-11 09:43:39.722959,2014-06-11 09:43:39.722959,доставлен,52240322.85,950,746,482,530
2020-08-29 17:05:53.963927,2020-12-02 17:05:53.963927,отменен,78688481.71,444,454,924,419
1999-08-29 07:02:54.605952,1999-08-30 07:02:54.605952,отменен,99869526.00,331,118,572,622
2009-11-14 00:25:44.829649,2009-11-20 00:25:44.829649,отменен,75512871.55,754,282,686,844
2016-04-11 00:09:58.135444,2016-04-11 00:09:58.135444,создан,17265734.54,782,75,943,81
2020-05-05 16:38:38.500894,2020-07-18 16:38:38.500894,отправлен,99220989.48,528,390,525,20
1997-08-04 05:14:39.180103,1997-10-02 05:14:39.180103,доставлен,49899577.50,861,372,999,465
1995-03-04 19:23:59.017022,1995-03-21 19:23:59.017022,отправлен,11560605.67,416,439,804,845
2016-04-19 02:21:21.661697,2016-04-19 02:21:21.661697,создан,46284232.02,717,371,498,826
1999-08-09 14:33:47.666687,1999-11-05 14:33:47.666687,отменен,33070904.37,812,689,893,481
2001-06-05 18:16:44.804050,2001-06-05 18:16:44.804050,создан,68311727.04,544,278,144,489
2018-11-21 08:49:23.486777,2019-01-03 08:49:23.486777,доставлен,64075906.21,147,23,44,678
1998-05-25 00:09:23.816922,1998-08-18 00:09:23.816922,отправлен,78052021.37,924,992,756,260
2020-08-20 19:27:29.849593,2020-08-20 19:27:29.849593,создан,75268797.11,606,636,739,543
2016-09-07 13:01:45.251286,2016-09-12 13:01:45.251286,доставлен,59841799.42,125,504,877,571
2000-01-20 10:35:52.533609,2000-04-17 10:35:52.533609,доставлен,22375629.74,936,869,868,37
1997-10-25 03:19:28.485292,1997-12-13 03:19:28.485292,отменен,81607883.01,513,464,893,226
2016-12-20 17:36:34.795967,2016-12-20 17:36:34.795967,создан,60140226.11,702,728,206,898
1997-05-29 17:16:13.697261,1997-07-12 17:16:13.697261,доставлен,64131152.15,274,424,432,329
1997-09-30 08:52:54.235281,1997-11-14 08:52:54.235281,отправлен,63992318.87,185,346,923,674
2002-07-05 10:35:17.627182,2002-07-13 10:35:17.627182,отменен,44506319.37,310,177,581,667
2002-06-25 14:44:40.486856,2002-07-29 14:44:40.486856,отправлен,27400051.32,709,21,823,590
2008-08-08 01:38:37.224432,2008-11-07 01:38:37.224432,отправлен,75487144.23,791,594,250,285
2019-02-16 00:37:23.842154,2019-02-16 00:37:23.842154,создан,87091104.10,71,321,319,592
2016-05-25 11:29:56.177487,2016-08-13 11:29:56.177487,доставлен,11372061.72,625,884,135,624
2024-05-26 12:39:28.300937,2024-05-26 12:39:28.300937,создан,42113027.20,216,219,26,203
2004-03-30 18:54:08.888767,2004-03-30 18:54:08.888767,создан,49850628.47,177,586,25,726
2015-01-02 07:16:07.481955,2015-03-08 07:16:07.481955,доставлен,82505722.11,254,784,378,455
1997-05-21 08:26:58.138787,1997-08-07 08:26:58.138787,отправлен,91965082.18,196,478,806,442
1999-03-30 11:21:20.934710,1999-06-14 11:21:20.934710,доставлен,47508752.86,373,643,691,70
2007-04-19 10:29:13.089745,2007-04-19 10:29:13.089745,создан,31608056.51,544,171,962,349
2001-12-18 13:17:25.518887,2002-02-20 13:17:25.518887,доставлен,95236062.28,947,750,402,938
2012-07-18 05:26:49.950685,2012-10-13 05:26:49.950685,доставлен,91011405.80,6,175,386,718
2009-04-14 18:48:35.318312,2009-04-14 18:48:35.318312,создан,71211973.63,517,947,965,213
2004-03-13 14:39:08.559279,2004-04-30 14:39:08.559279,отменен,52984007.80,987,377,157,599
2009-10-13 15:47:03.124043,2010-01-18 15:47:03.124043,отправлен,44048175.00,705,390,389,897
1997-11-17 22:17:55.350777,1998-02-25 22:17:55.350777,отменен,66668836.29,506,140,504,939
1999-05-12 20:52:09.871176,1999-06-22 20:52:09.871176,отменен,21067169.01,470,248,988,795
1997-03-01 08:55:57.170841,1997-06-06 08:55:57.170841,отправлен,39944825.89,433,524,250,677
1996-02-02 01:40:32.794032,1996-02-11 01:40:32.794032,отправлен,84284175.84,919,941,230,55
2003-02-16 10:00:51.816640,2003-04-17 10:00:51.816640,доставлен,97916541.32,28,276,84,6
1999-01-09 21:30:50.684908,1999-02-02 21:30:50.684908,отменен,23992990.42,665,379,787,973
1998-02-01 06:35:14.380192,1998-03-26 06:35:14.380192,отменен,46158722.15,711,311,735,564
2006-10-24 07:38:07.762956,2006-10-24 07:38:07.762956,создан,76816387.73,680,426,842,195
2000-01-15 01:20:55.041426,2000-02-23 01:20:55.041426,отправлен,13188525.77,78,179,359,270
2003-10-14 15:24:54.125559,2004-01-10 15:24:54.125559,отправлен,40472652.13,413,350,996,940
1999-08-05 01:31:21.766416,1999-09-26 01:31:21.766416,доставлен,38804322.63,585,518,319,32
2015-11-15 22:41:52.692286,2016-01-30 22:41:52.692286,доставлен,40384326.63,646,142,312,72
2022-06-11 04:50:40.041690,2022-07-14 04:50:40.041690,отправлен,23683193.68,772,319,554,767
2000-01-03 14:23:18.034531,2000-03-25 14:23:18.034531,отправлен,58659946.85,711,93,91,588
2000-03-13 04:59:16.763132,2000-05-01 04:59:16.763132,отправлен,31965525.97,584,238,1001,70
2009-10-17 05:19:33.857535,2010-01-07 05:19:33.857535,отменен,30651825.50,924,449,642,705
1998-05-21 22:11:49.888918,1998-08-14 22:11:49.888918,отправлен,37019449.36,162,638,127,608
2014-04-01 07:25:13.756849,2014-06-30 07:25:13.756849,отменен,40676062.19,638,278,849,115
2021-02-04 03:30:37.074102,2021-04-09 03:30:37.074102,отправлен,63044426.78,29,670,800,156
2005-04-20 16:48:58.779249,2005-06-27 16:48:58.779249,доставлен,68966111.25,412,321,369,929
2005-02-02 04:54:55.001649,2005-03-21 04:54:55.001649,доставлен,34817646.82,411,604,98,508
2022-07-26 17:44:03.779534,2022-08-08 17:44:03.779534,доставлен,12814344.32,378,394,211,857
2024-02-19 15:07:43.496629,2024-02-19 15:07:43.496629,создан,13522598.57,184,425,303,767
2006-03-25 09:49:15.934098,2006-06-07 09:49:15.934098,доставлен,58001033.08,650,108,593,832
2007-02-28 06:44:40.403829,2007-04-22 06:44:40.403829,доставлен,44056014.56,314,767,586,204
2002-06-11 01:32:52.012772,2002-06-11 01:32:52.012772,создан,86643999.71,266,559,581,592
2022-02-03 12:10:56.376036,2022-02-03 12:10:56.376036,создан,71938802.17,536,187,282,817
2010-12-15 21:35:21.384568,2010-12-31 21:35:21.384568,отправлен,47033530.91,363,119,475,455
2010-10-26 05:22:14.508022,2010-12-10 05:22:14.508022,доставлен,51581286.10,345,44,665,741
1998-09-02 04:23:57.238867,1998-10-09 04:23:57.238867,отправлен,93878545.62,198,774,970,535
2006-07-07 11:34:16.816967,2006-08-19 11:34:16.816967,отправлен,85998732.07,175,666,475,289
2022-12-16 13:43:48.703067,2022-12-26 13:43:48.703067,доставлен,84162493.37,945,903,83,300
2015-10-11 09:56:40.025530,2015-11-15 09:56:40.025530,доставлен,75353129.51,482,534,631,678
2007-08-27 11:04:23.146687,2007-10-19 11:04:23.146687,отменен,57413213.44,884,223,555,636
2001-04-16 07:19:58.826320,2001-04-16 07:19:58.826320,создан,67787428.99,901,796,88,852
2019-09-01 07:49:25.886818,2019-09-01 07:49:25.886818,создан,26736543.96,836,246,30,352
2004-02-03 16:31:48.812916,2004-03-06 16:31:48.812916,доставлен,82506893.71,10,527,756,530
2023-09-07 02:03:45.672161,2023-09-12 02:03:45.672161,отправлен,43957202.17,165,185,569,227
2015-01-06 02:35:07.754805,2015-01-27 02:35:07.754805,отменен,45717816.89,174,875,525,836
2002-09-20 23:16:35.716883,2002-12-16 23:16:35.716883,отправлен,84382124.68,910,320,659,368
2015-11-26 01:05:36.876156,2016-01-24 01:05:36.876156,отправлен,19269921.42,906,59,660,848
1998-03-12 09:48:53.015990,1998-03-12 09:48:53.015990,создан,54818910.39,411,447,496,736
2004-04-02 17:25:00.567229,2004-04-02 17:25:00.567229,создан,72831266.43,822,601,875,604
2014-07-23 11:51:55.334887,2014-09-11 11:51:55.334887,отправлен,23118627.18,204,342,480,279
2010-01-11 08:55:01.158664,2010-01-11 08:55:01.158664,создан,67021089.78,94,816,89,720
2007-08-24 16:39:58.414495,2007-10-19 16:39:58.414495,отправлен,29853816.79,541,250,18,582
1999-07-26 03:15:39.251614,1999-10-15 03:15:39.251614,отменен,77042231.00,94,646,989,317
2006-11-08 11:14:22.156510,2006-11-17 11:14:22.156510,доставлен,21009858.45,240,517,110,703
1995-10-06 21:38:54.632185,1995-10-06 21:38:54.632185,создан,10163902.25,367,878,782,19
2021-05-29 07:47:12.094433,2021-08-17 07:47:12.094433,отменен,88846260.99,311,530,735,508
2008-01-25 14:37:58.318816,2008-01-25 14:37:58.318816,создан,97006052.71,640,333,112,561
2007-05-12 22:00:51.299334,2007-05-12 22:00:51.299334,создан,24525259.07,138,527,906,443
2005-01-19 00:08:07.184332,2005-01-19 00:08:07.184332,создан,69777872.31,642,47,533,678
2009-01-06 02:43:34.043257,2009-03-12 02:43:34.043257,отменен,44498804.41,441,424,704,262
2007-10-14 02:07:53.131401,2007-11-25 02:07:53.131401,доставлен,81741555.23,260,7,702,265
1998-05-24 22:06:49.768130,1998-07-26 22:06:49.768130,доставлен,12475303.00,502,967,29,50
2007-01-16 22:30:38.300002,2007-01-16 22:30:38.300002,создан,80957689.50,600,723,586,81
2009-01-05 04:15:56.544259,2009-01-05 04:15:56.544259,создан,27456320.10,396,759,810,455
2011-02-09 12:29:32.608946,2011-04-21 12:29:32.608946,отменен,54321886.22,808,328,661,781
2013-08-19 11:06:17.799994,2013-08-19 11:06:17.799994,создан,83968564.48,12,93,959,331
2015-08-20 06:03:57.088494,2015-09-30 06:03:57.088494,доставлен,14855508.76,854,579,312,55
2017-06-29 09:45:56.974387,2017-07-12 09:45:56.974387,отправлен,65711638.38,521,64,512,939
2006-07-23 07:15:36.635044,2006-08-08 07:15:36.635044,отменен,21427519.43,668,344,922,531
2001-08-19 13:11:46.201869,2001-11-25 13:11:46.201869,отправлен,62504748.21,70,184,930,21
2023-06-13 01:52:57.650785,2023-06-22 01:52:57.650785,доставлен,13798739.35,45,794,133,82
2016-10-13 07:57:01.755889,2016-10-13 07:57:01.755889,создан,49530413.42,184,704,548,429
1997-07-17 14:29:34.882276,1997-08-27 14:29:34.882276,отменен,42414696.27,260,699,731,650
2024-07-06 22:26:58.876020,2024-07-06 22:26:58.876020,создан,81290055.40,568,225,414,204
2010-07-18 21:35:34.112247,2010-08-14 21:35:34.112247,отправлен,76995474.76,493,675,339,537
2014-11-04 16:13:59.370907,2015-01-25 16:13:59.370907,отправлен,26412442.35,846,177,707,314
2008-09-10 22:38:05.669017,2008-09-10 22:38:05.669017,создан,98755284.62,199,80,503,675
2004-11-05 02:22:06.974580,2005-01-05 02:22:06.974580,отменен,69432530.05,803,225,521,635
2011-08-28 13:44:57.833313,2011-11-23 13:44:57.833313,отправлен,86830687.47,928,796,79,345
2013-06-09 21:13:13.964091,2013-06-09 21:13:13.964091,создан,79618449.29,964,909,572,55
2010-06-04 05:40:04.583943,2010-08-07 05:40:04.583943,отправлен,41416358.11,600,142,432,754
2020-01-04 02:35:39.575167,2020-04-05 02:35:39.575167,отменен,20668493.54,533,527,725,400
2023-11-26 16:23:05.454419,2024-01-13 16:23:05.454419,отменен,62235545.10,513,849,704,499
2018-04-06 02:07:58.731432,2018-04-06 02:07:58.731432,создан,50036458.88,217,509,965,577
1999-11-13 07:02:46.756725,1999-12-29 07:02:46.756725,отменен,99619407.39,966,884,150,202
1995-12-16 07:39:52.367197,1996-01-20 07:39:52.367197,отменен,95350689.77,927,288,206,663
2015-01-14 06:59:48.287613,2015-03-21 06:59:48.287613,доставлен,17686347.78,79,627,692,20
1999-09-22 18:56:22.624980,1999-09-22 18:56:22.624980,создан,29503232.63,822,566,30,932
2016-02-02 12:10:49.229310,2016-02-02 12:10:49.229310,создан,58739895.05,165,114,150,261
1995-03-27 15:42:41.993135,1995-06-17 15:42:41.993135,доставлен,56272773.40,263,945,513,12
2012-06-05 06:19:36.828912,2012-09-10 06:19:36.828912,доставлен,68238687.63,180,325,459,853
2020-02-18 05:44:16.737758,2020-02-20 05:44:16.737758,доставлен,67176762.88,453,770,742,326
2011-04-06 06:33:57.559654,2011-04-06 06:33:57.559654,создан,16422473.51,756,497,106,770
2020-01-05 00:21:38.650196,2020-02-10 00:21:38.650196,отправлен,97470069.63,873,481,954,430
2001-01-30 02:03:05.660653,2001-01-30 02:03:05.660653,создан,86278231.54,183,367,513,751
2013-08-27 19:22:24.152126,2013-08-27 19:22:24.152126,создан,51981914.46,232,983,701,439
2018-09-16 15:38:55.570123,2018-12-02 15:38:55.570123,отменен,90345002.34,72,697,974,667
2013-06-27 09:11:20.224257,2013-10-05 09:11:20.224257,доставлен,48825520.17,942,397,219,184
1999-05-01 13:05:20.552255,1999-05-01 13:05:20.552255,создан,87786115.84,777,635,759,27
2019-07-28 16:42:43.423025,2019-09-23 16:42:43.423025,отменен,47291059.62,822,886,366,982
2021-02-13 05:35:30.957956,2021-04-09 05:35:30.957956,отменен,36271099.09,428,921,282,485
2015-02-28 19:41:20.557662,2015-04-14 19:41:20.557662,отправлен,54896706.06,747,525,384,938
2023-12-15 22:51:20.705384,2024-01-22 22:51:20.705384,отменен,93710899.44,728,277,689,436
2009-06-19 17:24:43.875608,2009-08-20 17:24:43.875608,доставлен,17629420.65,254,138,572,522
2002-09-21 23:25:05.265198,2002-09-21 23:25:05.265198,создан,40723527.12,947,874,384,595
2002-08-07 18:39:42.809189,2002-10-31 18:39:42.809189,отправлен,30065456.78,835,686,34,445
2012-09-28 21:48:14.557371,2012-12-11 21:48:14.557371,отправлен,15061018.24,971,810,712,82
1997-08-22 08:38:10.228348,1997-08-22 08:38:10.228348,создан,83784621.23,436,995,689,248
1996-11-03 09:55:25.836777,1997-01-01 09:55:25.836777,отправлен,63607825.18,249,538,124,210
2023-03-03 11:24:04.025488,2023-03-12 11:24:04.025488,отменен,98299941.77,853,670,671,40
2013-08-15 22:14:43.590616,2013-08-15 22:14:43.590616,создан,88374204.12,171,962,290,848
2008-04-17 17:51:36.386447,2008-04-17 17:51:36.386447,создан,87999844.47,109,996,47,675
2020-04-02 08:58:04.377166,2020-06-17 08:58:04.377166,отменен,31333228.33,207,373,514,487
2009-09-02 23:53:58.269820,2009-10-14 23:53:58.269820,отправлен,84765638.45,837,417,540,364
2020-11-25 04:27:24.238351,2021-01-29 04:27:24.238351,отменен,25485405.43,167,859,890,767
2004-06-04 11:26:49.322463,2004-06-04 11:26:49.322463,создан,40022948.14,524,479,780,264
2002-08-09 08:57:16.450030,2002-08-09 08:57:16.450030,создан,95815771.80,488,385,107,493
2018-12-21 01:56:36.391605,2018-12-26 01:56:36.391605,отменен,96507579.13,5,193,616,217
2002-01-18 07:18:52.886729,2002-02-21 07:18:52.886729,отправлен,15034325.87,431,874,546,265
2005-05-06 19:06:24.615656,2005-07-05 19:06:24.615656,отменен,93099797.29,239,110,9,590
2014-08-09 15:22:47.643723,2014-08-09 15:22:47.643723,создан,22060323.72,768,184,772,472
2020-03-30 03:23:37.459052,2020-03-30 03:23:37.459052,создан,44005342.79,612,465,563,223
2010-06-27 17:51:30.349481,2010-09-12 17:51:30.349481,доставлен,66644749.95,636,287,735,119
2006-11-11 18:12:24.093020,2007-02-16 18:12:24.093020,отправлен,92647790.53,56,665,641,27
2022-09-21 18:26:53.873383,2022-10-13 18:26:53.873383,доставлен,23112512.14,547,743,739,64
2011-06-20 00:47:25.235415,2011-06-20 00:47:25.235415,создан,86346644.46,524,638,371,677
1999-11-18 09:18:42.976673,1999-12-25 09:18:42.976673,отменен,19137037.96,96,589,121,998
2022-01-11 05:15:14.241638,2022-04-19 05:15:14.241638,отправлен,89449863.06,533,780,607,213
2020-04-22 13:46:14.809443,2020-07-13 13:46:14.809443,отменен,78177885.69,74,77,49,995
2008-09-08 22:59:19.864797,2008-10-29 22:59:19.864797,доставлен,29818230.84,130,895,26,612
2006-12-28 12:21:18.231673,2006-12-28 12:21:18.231673,создан,96542431.24,142,104,712,238
2001-01-27 20:19:35.998206,2001-04-15 20:19:35.998206,отправлен,65751068.72,634,476,823,883
1997-11-07 14:13:00.557918,1997-12-30 14:13:00.557918,доставлен,36382261.77,304,421,86,38
1998-08-18 04:47:08.443551,1998-09-13 04:47:08.443551,отправлен,41030463.78,108,321,229,350
2020-06-06 21:39:22.952652,2020-06-19 21:39:22.952652,отправлен,39434963.65,908,402,646,442
2009-11-25 15:19:43.919189,2010-01-12 15:19:43.919189,отправлен,92333211.17,604,181,30,622
2022-10-09 08:49:57.473368,2023-01-14 08:49:57.473368,доставлен,50762583.71,780,317,257,998
2004-01-14 16:52:19.875497,2004-04-08 16:52:19.875497,доставлен,75710554.61,542,567,75,23
2013-10-01 19:51:34.701223,2013-12-24 19:51:34.701223,отправлен,40483480.73,603,430,866,899
2013-02-09 04:54:14.983650,2013-02-09 04:54:14.983650,создан,26629529.40,959,736,729,537
2010-12-10 11:18:16.748347,2011-01-16 11:18:16.748347,отправлен,11270023.21,951,83,985,314
1999-06-12 04:14:11.156685,1999-07-07 04:14:11.156685,доставлен,48142668.38,955,972,565,532
2006-10-08 13:25:38.972759,2006-10-31 13:25:38.972759,доставлен,82997331.64,548,854,772,455
2005-06-28 05:43:35.353175,2005-08-08 05:43:35.353175,отменен,10820950.36,721,166,313,634
2001-12-05 09:25:15.747892,2001-12-05 09:25:15.747892,создан,72037082.86,943,493,827,614
2023-06-11 22:11:09.727573,2023-08-10 22:11:09.727573,отправлен,21664270.92,989,151,30,295
2004-03-09 20:49:21.265038,2004-03-23 20:49:21.265038,отправлен,28876538.58,540,570,772,390
2007-04-21 06:08:18.204792,2007-04-27 06:08:18.204792,отменен,22991689.25,141,92,568,238
1998-05-29 18:47:21.164820,1998-05-29 18:47:21.164820,создан,35771042.29,274,638,989,657
2003-07-04 09:16:24.224915,2003-07-04 09:16:24.224915,создан,92003353.72,94,246,661,161
2010-09-27 23:26:29.597965,2010-10-31 23:26:29.597965,доставлен,33816292.60,156,170,459,321
2002-06-24 19:00:51.624496,2002-08-22 19:00:51.624496,доставлен,92818606.87,930,56,868,228
2002-05-08 07:24:34.634448,2002-05-08 07:24:34.634448,создан,58058239.29,968,810,712,638
2017-06-25 19:50:00.532355,2017-09-14 19:50:00.532355,отменен,61449787.46,959,399,43,183
2018-08-06 17:49:46.545449,2018-08-06 17:49:46.545449,создан,94550661.64,932,508,93,839
2001-04-29 11:33:12.732381,2001-07-29 11:33:12.732381,доставлен,11570369.65,586,249,8,210
2003-11-10 03:25:44.823665,2003-11-10 03:25:44.823665,создан,32435084.67,739,18,486,858
2011-02-15 23:56:36.086126,2011-04-19 23:56:36.086126,доставлен,36958901.82,562,456,823,267
2012-09-29 21:52:06.786611,2012-10-14 21:52:06.786611,отменен,24052833.62,186,1,706,415
2005-04-26 07:35:09.749596,2005-07-07 07:35:09.749596,доставлен,87946540.57,484,618,378,224
2020-03-31 08:54:53.208944,2020-04-16 08:54:53.208944,доставлен,45893490.19,632,589,383,517
2010-03-20 02:30:15.828679,2010-03-20 02:30:15.828679,создан,18254692.56,996,962,742,840
2015-08-14 17:51:21.604933,2015-11-05 17:51:21.604933,доставлен,96207717.69,159,225,319,655
2008-12-17 17:17:26.637206,2009-01-07 17:17:26.637206,отменен,69403792.75,882,118,411,134
2021-05-01 06:59:08.272302,2021-06-27 06:59:08.272302,отправлен,44368781.25,163,472,922,516
2017-05-28 03:13:30.998980,2017-08-23 03:13:30.998980,отменен,28501032.53,277,975,623,779
2021-11-20 12:27:17.406281,2021-12-10 12:27:17.406281,отменен,30595484.07,579,352,831,382
2011-02-12 14:15:10.891003,2011-02-26 14:15:10.891003,доставлен,30135772.79,92,699,584,7
1997-06-19 15:03:53.950591,1997-08-19 15:03:53.950591,отправлен,83577098.42,442,199,735,304
2023-03-24 14:27:05.246923,2023-03-29 14:27:05.246923,отменен,90778267.84,427,627,563,858
2016-02-17 17:41:57.051241,2016-02-17 17:41:57.051241,создан,87356391.09,396,229,777,146
2022-04-30 17:19:08.689692,2022-06-10 17:19:08.689692,отправлен,78857456.98,756,897,747,237
2008-02-02 04:10:15.731266,2008-03-26 04:10:15.731266,отменен,63634939.73,129,752,562,113
2002-06-03 17:24:26.212668,2002-08-04 17:24:26.212668,отменен,52014545.88,8,714,397,173
2001-11-21 23:02:47.987061,2001-11-21 23:02:47.987061,создан,50974392.21,107,718,923,286
2023-03-16 15:42:57.422987,2023-03-25 15:42:57.422987,отменен,15361686.13,49,116,358,605
2001-10-17 00:22:23.399227,2001-11-19 00:22:23.399227,доставлен,91319188.63,609,594,546,915
2011-06-13 09:46:10.259090,2011-06-13 09:46:10.259090,создан,28982653.24,62,937,92,997
2001-03-28 07:43:46.803863,2001-03-28 07:43:46.803863,создан,81235052.03,878,285,332,265
2011-06-15 22:10:09.391763,2011-09-18 22:10:09.391763,отменен,55369155.43,413,931,411,114
2013-06-21 07:58:33.187237,2013-09-23 07:58:33.187237,отменен,23755157.15,546,103,593,549
2004-10-02 07:38:25.753515,2004-12-17 07:38:25.753515,отправлен,47694153.95,776,612,282,31
2020-08-23 20:41:29.920909,2020-10-17 20:41:29.920909,отправлен,94102191.12,997,735,713,101
2021-06-12 12:59:44.080921,2021-07-04 12:59:44.080921,отправлен,52118813.65,659,438,521,927
2006-11-09 07:53:44.329364,2007-02-03 07:53:44.329364,отменен,27850386.35,95,216,548,855
2018-12-02 08:38:50.779485,2019-02-03 08:38:50.779485,доставлен,59726585.64,712,664,893,130
2005-08-02 05:39:47.350462,2005-08-16 05:39:47.350462,отменен,71419689.81,378,777,697,115
2013-07-18 18:38:33.833773,2013-07-18 18:38:33.833773,создан,17633310.46,706,993,849,939
2009-09-15 21:33:37.237093,2009-11-17 21:33:37.237093,доставлен,22179559.02,942,720,926,407
2007-06-19 00:50:47.145977,2007-08-01 00:50:47.145977,отменен,31678721.80,753,555,243,649
2020-07-13 21:36:20.435363,2020-08-21 21:36:20.435363,отправлен,77971651.30,740,291,733,764
2018-09-14 15:34:38.357791,2018-10-06 15:34:38.357791,отправлен,35367722.94,320,496,520,619
2021-02-21 18:06:11.351560,2021-03-23 18:06:11.351560,доставлен,28932843.76,180,462,171,373
2013-03-27 02:09:05.188444,2013-04-25 02:09:05.188444,доставлен,85300857.37,200,958,603,995
1997-05-01 13:04:34.359498,1997-07-11 13:04:34.359498,доставлен,95173218.78,805,111,716,129
2015-05-07 14:04:22.122574,2015-08-14 14:04:22.122574,отменен,12032916.42,496,10,712,140
2023-05-09 15:07:31.401169,2023-06-16 15:07:31.401169,отменен,49043612.47,593,43,854,630
2008-12-05 02:29:32.091845,2008-12-05 02:29:32.091845,создан,28041769.82,290,475,414,950
2006-08-19 00:02:22.837575,2006-10-26 00:02:22.837575,отменен,18841299.71,589,887,889,215
2011-01-05 19:03:36.291155,2011-01-05 19:03:36.291155,создан,94212327.48,168,330,49,376
2002-08-27 05:20:02.475986,2002-08-27 05:20:02.475986,создан,23237464.77,689,823,771,87
2009-07-14 03:54:54.074220,2009-07-14 03:54:54.074220,создан,45022526.30,504,261,702,137
1998-04-23 08:03:17.636021,1998-05-19 08:03:17.636021,отправлен,88373188.41,350,191,457,497
1999-04-17 21:07:42.647572,1999-05-19 21:07:42.647572,отправлен,69462146.62,987,59,107,308
2017-10-04 13:45:21.796286,2017-12-18 13:45:21.796286,доставлен,81183671.17,792,1,659,758
2018-04-07 11:44:59.135998,2018-04-17 11:44:59.135998,отменен,23899056.43,962,345,546,916
2022-04-10 02:51:13.678397,2022-07-01 02:51:13.678397,отменен,53032243.78,285,987,422,334
1998-12-03 15:50:36.881196,1999-01-18 15:50:36.881196,доставлен,73970115.06,600,527,303,413
2008-06-22 18:44:33.590099,2008-06-22 18:44:33.590099,создан,83929496.70,530,247,642,602
1999-11-06 21:16:58.954459,1999-11-06 21:16:58.954459,создан,98916872.09,879,693,912,311
2001-10-22 15:41:26.752941,2001-12-11 15:41:26.752941,доставлен,15938519.87,449,661,117,265
2023-01-29 04:42:40.478330,2023-04-04 04:42:40.478330,доставлен,27387909.09,842,86,623,517
2017-08-03 18:57:02.290356,2017-10-28 18:57:02.290356,доставлен,90909572.28,225,495,623,998
2019-05-18 13:03:48.060054,2019-08-04 13:03:48.060054,доставлен,83484748.00,928,725,216,960
2022-12-19 12:59:28.590941,2022-12-20 12:59:28.590941,доставлен,97635883.92,559,917,411,490
1997-02-23 03:04:04.784757,1997-04-23 03:04:04.784757,доставлен,26834028.07,80,844,713,444
2011-08-23 14:16:17.571731,2011-10-06 14:16:17.571731,доставлен,83343228.74,181,858,106,674
2013-07-02 21:48:36.862072,2013-07-02 21:48:36.862072,создан,95371788.21,812,45,291,537
2000-12-03 12:12:13.778124,2000-12-14 12:12:13.778124,отправлен,17984889.50,54,913,620,803
2010-10-16 00:32:15.175873,2010-10-16 00:32:15.175873,создан,75005731.76,433,825,426,343
2002-03-22 10:45:44.823957,2002-06-24 10:45:44.823957,доставлен,76125269.11,127,702,1001,448
2005-04-20 01:46:49.702831,2005-04-20 01:46:49.702831,создан,21844547.79,299,343,353,571
2016-07-02 20:15:51.264037,2016-07-02 20:15:51.264037,создан,14722601.09,904,41,724,141
2015-02-02 23:37:14.085587,2015-03-11 23:37:14.085587,отменен,43089867.91,516,897,121,262
1994-12-21 14:11:33.066488,1995-01-23 14:11:33.066488,доставлен,63523841.40,292,664,585,57
2015-02-21 03:49:28.941139,2015-04-08 03:49:28.941139,доставлен,76944166.35,893,991,979,991
2009-11-14 11:05:15.150027,2010-02-03 11:05:15.150027,отправлен,17925614.21,694,38,514,223
1999-02-07 16:06:57.706003,1999-05-17 16:06:57.706003,отменен,15010657.94,681,447,765,56
2015-10-10 06:24:09.878181,2015-11-21 06:24:09.878181,отправлен,39891466.66,108,569,127,248
2017-06-22 09:10:37.204254,2017-07-24 09:10:37.204254,отправлен,27703119.02,961,554,946,298
1996-10-02 01:22:17.293190,1996-10-02 01:22:17.293190,создан,90784408.88,296,916,257,675
1998-03-13 11:40:04.176154,1998-03-13 11:40:04.176154,создан,22986708.63,985,617,346,507
2020-07-05 18:57:33.712817,2020-08-07 18:57:33.712817,отправлен,99284407.26,529,170,801,527
2014-12-16 12:56:46.401123,2014-12-27 12:56:46.401123,отправлен,53135074.55,673,129,786,320
2018-06-28 09:45:25.441507,2018-06-28 09:45:25.441507,создан,68557815.09,968,160,71,37
1995-03-30 00:29:45.211227,1995-04-29 00:29:45.211227,отправлен,46596727.57,432,959,398,200
1995-05-14 09:52:31.925609,1995-06-01 09:52:31.925609,отменен,71000281.93,987,321,954,680
2016-05-11 19:23:27.720204,2016-07-07 19:23:27.720204,отменен,66366285.86,247,609,761,192
1998-03-11 05:12:10.186394,1998-05-10 05:12:10.186394,доставлен,19431976.92,582,475,453,921
2016-09-21 13:29:49.835475,2016-12-12 13:29:49.835475,доставлен,77114518.19,791,437,937,663
2003-12-14 18:32:26.234665,2004-02-21 18:32:26.234665,доставлен,43341201.06,852,851,729,190
2008-05-06 16:13:53.380236,2008-06-26 16:13:53.380236,доставлен,65450046.79,844,45,385,625
2020-01-05 17:16:35.740080,2020-02-18 17:16:35.740080,отменен,73595382.32,28,293,125,824
2015-07-25 11:48:21.632821,2015-07-25 11:48:21.632821,создан,75820788.21,287,369,886,891
1996-04-28 23:32:07.323584,1996-04-28 23:32:07.323584,создан,61725304.62,423,459,133,708
2018-10-14 12:06:54.951027,2018-11-05 12:06:54.951027,отправлен,54758155.01,255,565,943,969
2003-08-06 00:17:35.710778,2003-08-06 00:17:35.710778,создан,88325108.08,570,964,893,325
2013-03-29 02:30:14.147981,2013-03-29 02:30:14.147981,создан,39759656.08,953,697,61,628
2015-02-22 05:17:42.734780,2015-05-07 05:17:42.734780,отправлен,74201824.69,538,820,702,259
2012-08-13 21:33:29.997126,2012-10-10 21:33:29.997126,отменен,87504933.98,4,198,967,741
2023-03-18 20:39:55.630769,2023-05-23 20:39:55.630769,отменен,67674008.71,411,881,661,410
2001-10-14 02:09:50.162929,2001-10-14 02:09:50.162929,создан,10156190.17,138,369,975,674
2017-08-23 18:23:45.392157,2017-11-01 18:23:45.392157,отправлен,19794209.40,186,642,198,580
2012-02-02 16:58:37.582294,2012-02-02 16:58:37.582294,создан,12934846.04,86,237,29,321
2015-10-12 08:27:22.784268,2015-10-12 08:27:22.784268,создан,53087138.10,340,558,282,200
2013-02-17 21:07:39.655322,2013-04-19 21:07:39.655322,доставлен,24695952.99,197,938,332,416
2012-09-20 20:06:33.153500,2012-09-20 20:06:33.153500,создан,86227982.43,476,240,93,883
1998-03-08 00:08:30.296933,1998-04-11 00:08:30.296933,доставлен,83954592.24,114,159,244,334
2017-09-29 08:24:18.563361,2017-11-11 08:24:18.563361,отменен,67888326.01,143,303,189,236
1999-03-23 06:10:10.320226,1999-03-31 06:10:10.320226,отменен,80799605.92,248,710,108,913
2016-12-01 22:38:24.971653,2017-02-20 22:38:24.971653,отправлен,77353436.08,973,876,505,309
2014-07-05 08:12:57.225166,2014-09-14 08:12:57.225166,доставлен,68552566.74,41,874,473,286
2019-06-09 06:07:36.779575,2019-07-25 06:07:36.779575,доставлен,46027251.37,148,284,391,891
2003-10-25 17:00:46.647318,2003-10-25 17:00:46.647318,создан,74666647.02,425,299,515,41
2017-01-19 10:22:03.880500,2017-01-19 10:22:03.880500,создан,88007184.02,539,155,371,210
2002-03-02 18:40:43.336646,2002-03-17 18:40:43.336646,отправлен,13183359.13,405,648,482,820
2009-01-21 05:43:54.120113,2009-02-13 05:43:54.120113,отменен,10245511.22,961,267,512,370
2011-06-11 18:11:59.323522,2011-06-11 18:11:59.323522,создан,54940723.26,532,942,336,316
2013-11-25 04:42:15.624390,2014-02-03 04:42:15.624390,отменен,29563967.93,951,542,47,228
1995-02-14 09:16:08.353748,1995-03-12 09:16:08.353748,доставлен,90852916.80,797,132,837,589
2014-02-12 09:50:29.548650,2014-02-12 09:50:29.548650,создан,89533736.10,811,940,947,227
2004-02-25 15:30:31.207482,2004-02-25 15:30:31.207482,создан,80330530.04,628,928,876,857
1999-04-18 16:04:35.085603,1999-07-23 16:04:35.085603,отправлен,76622477.20,1000,805,788,423
1996-07-07 15:58:30.255509,1996-10-11 15:58:30.255509,отменен,59259283.91,57,479,112,437
2011-09-30 23:53:59.137912,2011-12-07 23:53:59.137912,доставлен,98371102.07,224,31,575,404
2005-02-12 02:23:43.682993,2005-03-22 02:23:43.682993,отправлен,26501129.16,167,550,791,38
2003-07-20 21:14:54.810237,2003-07-20 21:14:54.810237,создан,61321469.00,92,21,160,987
2008-03-26 23:39:56.751609,2008-04-14 23:39:56.751609,отменен,22424174.21,93,46,738,465
2007-12-13 09:25:00.375706,2008-01-15 09:25:00.375706,доставлен,55185925.08,63,388,923,326
2012-01-29 23:54:10.929313,2012-01-29 23:54:10.929313,создан,40818793.44,688,426,98,343
2000-02-19 16:56:43.979901,2000-02-26 16:56:43.979901,отменен,10480928.95,476,448,642,493
2017-02-10 18:13:18.088708,2017-03-26 18:13:18.088708,доставлен,51546119.95,612,307,548,119
2004-05-08 23:42:24.025540,2004-05-08 23:42:24.025540,создан,12848352.79,335,650,398,592
2004-02-02 18:35:06.778374,2004-03-03 18:35:06.778374,отправлен,70354848.39,464,572,562,423
2020-04-10 21:21:39.144691,2020-07-01 21:21:39.144691,доставлен,90509903.98,327,761,155,265
1997-02-19 07:07:19.889017,1997-03-26 07:07:19.889017,доставлен,89579146.00,76,713,922,675
2022-10-07 07:38:59.291656,2022-12-13 07:38:59.291656,отправлен,92751407.84,445,3,792,852
2010-09-22 00:01:23.760462,2010-10-20 00:01:23.760462,отменен,55920524.26,314,657,512,598
1995-10-07 20:36:53.236482,1996-01-04 20:36:53.236482,доставлен,96092889.62,437,225,211,186
2018-05-14 21:56:49.099552,2018-07-23 21:56:49.099552,доставлен,81319896.38,777,129,319,251
1998-04-24 17:29:05.124955,1998-07-07 17:29:05.124955,отправлен,64775332.81,874,390,909,664
1997-08-08 18:57:05.590113,1997-10-18 18:57:05.590113,отменен,21763790.62,65,714,176,223
2005-01-29 10:38:33.554679,2005-04-16 10:38:33.554679,отправлен,23695308.77,281,968,548,50
2018-03-06 13:41:38.251726,2018-05-10 13:41:38.251726,отправлен,98175288.24,832,293,277,53
2014-03-06 20:05:29.243441,2014-03-06 20:05:29.243441,создан,48271415.21,7,138,738,535
1998-12-15 14:41:51.483316,1999-03-25 14:41:51.483316,доставлен,67982875.22,72,289,755,986
2018-10-28 23:42:22.851524,2018-11-25 23:42:22.851524,отправлен,29327043.39,105,447,711,997
1995-10-16 00:23:41.180572,1996-01-02 00:23:41.180572,отменен,71257775.28,801,288,273,349
2023-03-09 08:19:16.976134,2023-06-13 08:19:16.976134,отправлен,45738492.84,981,773,282,609
2005-01-02 17:09:22.791552,2005-03-08 17:09:22.791552,доставлен,73844055.77,859,457,962,883
2000-12-16 17:14:12.288102,2001-03-08 17:14:12.288102,доставлен,68655870.50,205,306,366,674
2016-11-07 01:19:02.610181,2016-11-09 01:19:02.610181,отправлен,65317471.34,159,520,73,307
2017-04-27 09:28:04.471968,2017-04-27 09:28:04.471968,создан,61761918.00,370,658,332,200
1997-05-30 15:43:53.543795,1997-06-25 15:43:53.543795,доставлен,29034668.91,56,965,965,304
2007-06-20 14:35:48.697179,2007-08-22 14:35:48.697179,отправлен,40443898.93,906,673,732,252
2005-12-20 20:12:04.604201,2005-12-20 20:12:04.604201,создан,31200276.21,327,360,866,902
1998-09-09 23:46:55.162179,1998-09-09 23:46:55.162179,создан,65846451.13,866,424,828,878
2005-09-12 18:44:00.327302,2005-10-06 18:44:00.327302,доставлен,88322776.84,800,5,167,126
2020-07-31 11:16:35.918438,2020-07-31 11:16:35.918438,создан,18587967.31,927,912,989,191
2005-04-10 01:18:12.822933,2005-07-12 01:18:12.822933,отменен,49361847.55,102,205,559,382
2023-05-27 10:57:45.323525,2023-08-19 10:57:45.323525,отправлен,70636168.34,871,786,776,138
2002-06-07 17:10:48.299496,2002-09-13 17:10:48.299496,отправлен,33516392.60,164,350,353,252
2002-12-03 14:48:39.872207,2003-02-08 14:48:39.872207,отправлен,90161328.24,472,966,182,789
2014-07-15 19:42:06.076849,2014-07-15 19:42:06.076849,создан,10820404.51,844,91,875,410
2014-06-08 20:04:32.977875,2014-06-08 20:04:32.977875,создан,61206308.02,712,231,951,152
2003-04-05 03:47:28.679333,2003-06-16 03:47:28.679333,отправлен,30707732.59,743,624,372,751
2021-02-13 12:59:15.445548,2021-02-13 12:59:15.445548,создан,23140982.74,583,580,756,956
2021-06-01 04:22:57.944973,2021-08-07 04:22:57.944973,отменен,78311905.29,306,919,313,210
2011-12-31 20:12:12.422055,2012-03-23 20:12:12.422055,отменен,81095771.13,322,265,797,304
2003-11-20 04:49:19.519414,2004-01-08 04:49:19.519414,отправлен,74709281.63,838,912,135,199
2012-04-19 04:48:31.691356,2012-06-01 04:48:31.691356,отменен,35852525.92,939,224,24,956
2004-02-15 07:31:16.580829,2004-03-15 07:31:16.580829,отправлен,50695081.78,260,971,449,750
2003-12-26 15:57:34.661720,2003-12-26 15:57:34.661720,создан,21762091.06,365,395,548,549
2023-04-17 18:53:51.987303,2023-06-09 18:53:51.987303,отправлен,99939149.15,908,349,124,420
2008-08-08 22:44:50.143855,2008-10-16 22:44:50.143855,отменен,33596573.97,550,337,742,749
2011-08-27 22:00:24.421003,2011-12-05 22:00:24.421003,доставлен,61210778.18,750,472,111,542
2022-03-17 12:12:44.165262,2022-06-23 12:12:44.165262,отменен,74714216.82,480,820,591,812
2024-01-21 16:14:40.623317,2024-04-26 16:14:40.623317,отправлен,79774679.14,569,675,214,138
2005-12-28 15:37:50.615944,2005-12-28 15:37:50.615944,создан,12902556.53,428,316,414,184
2017-05-11 23:41:31.052858,2017-05-11 23:41:31.052858,создан,11852389.55,967,915,172,51
2006-05-08 12:39:48.214762,2006-07-22 12:39:48.214762,отправлен,85105369.86,123,264,962,1000
2009-01-20 01:37:44.086714,2009-02-19 01:37:44.086714,отправлен,41219781.11,206,116,378,254
2020-07-07 17:18:56.720036,2020-07-07 17:18:56.720036,создан,19896591.47,924,392,895,964
2012-05-31 12:53:06.178956,2012-05-31 12:53:06.178956,создан,45349514.05,289,288,301,409
2012-10-14 08:05:22.310919,2012-10-22 08:05:22.310919,доставлен,31694783.32,256,910,600,741
1995-06-04 16:05:50.364974,1995-06-04 16:05:50.364974,создан,94845231.57,456,400,355,816
2008-06-20 04:27:45.495714,2008-06-27 04:27:45.495714,отменен,78982718.79,580,717,394,927
2024-04-30 17:27:40.363699,2024-04-30 17:27:40.363699,создан,89238240.68,267,93,9,154
2004-12-02 13:41:56.114217,2005-01-10 13:41:56.114217,доставлен,98417982.03,400,283,18,69
1996-02-19 06:15:04.812638,1996-04-13 06:15:04.812638,отправлен,81022933.23,702,505,96,404
2013-08-08 03:50:26.320491,2013-09-09 03:50:26.320491,доставлен,64588198.99,473,982,835,318
1998-01-22 09:01:59.245660,1998-03-05 09:01:59.245660,доставлен,65269336.20,532,307,346,648
1999-04-02 11:05:13.218055,1999-04-02 11:05:13.218055,создан,90335983.69,957,391,457,262
2022-06-11 20:04:44.919784,2022-07-25 20:04:44.919784,отменен,68868726.48,491,395,29,530
2001-12-23 23:38:00.353217,2002-02-28 23:38:00.353217,доставлен,40886868.10,429,320,211,916
2009-04-30 22:00:09.904966,2009-07-30 22:00:09.904966,отправлен,35577633.01,671,448,971,680
2018-02-13 13:23:36.743604,2018-04-09 13:23:36.743604,отменен,16832994.42,8,905,378,656
2001-12-06 02:56:40.256701,2002-02-05 02:56:40.256701,отправлен,57151527.67,670,650,796,824
2000-11-02 07:05:53.462331,2001-01-07 07:05:53.462331,отправлен,99350069.22,422,669,312,802
2003-08-06 21:27:59.415504,2003-08-06 21:27:59.415504,создан,42233806.96,924,479,967,887
2004-10-08 17:35:24.622416,2004-12-09 17:35:24.622416,отменен,16907302.94,167,301,784,231
2022-05-08 02:26:53.644856,2022-07-11 02:26:53.644856,отправлен,17063751.55,58,186,910,82
2008-08-12 12:12:39.700500,2008-08-13 12:12:39.700500,отменен,58205254.91,183,824,765,247
2010-03-10 09:11:50.777770,2010-05-11 09:11:50.777770,доставлен,22894228.12,768,996,548,200
2014-08-19 08:27:20.979239,2014-09-19 08:27:20.979239,доставлен,82576460.67,769,596,772,905
2003-03-10 08:53:28.931321,2003-05-30 08:53:28.931321,доставлен,57188079.03,675,945,861,599
2002-05-22 02:55:28.019099,2002-05-22 02:55:28.019099,создан,90684309.67,678,258,365,611
2022-06-04 00:07:50.708465,2022-06-08 00:07:50.708465,доставлен,11715709.34,943,916,593,293
2001-06-22 15:47:58.749505,2001-07-27 15:47:58.749505,доставлен,40383671.97,670,391,84,254
2008-03-19 13:47:49.888457,2008-03-19 13:47:49.888457,создан,14044567.53,85,862,819,904
2009-02-18 06:37:19.239760,2009-03-13 06:37:19.239760,доставлен,97236677.16,206,944,875,7
2020-01-12 09:43:12.902731,2020-02-25 09:43:12.902731,отправлен,18228229.66,125,489,716,35
2006-02-08 15:20:07.399868,2006-05-12 15:20:07.399868,отправлен,81511336.11,828,628,711,843
1995-12-26 18:36:04.077846,1996-02-28 18:36:04.077846,отправлен,83606932.51,128,923,34,900
2010-10-16 15:07:03.033827,2010-12-12 15:07:03.033827,отменен,65925121.09,99,76,519,573
1998-08-06 12:53:59.684069,1998-08-06 12:53:59.684069,создан,96941037.10,753,104,241,779
2019-06-04 10:45:31.767248,2019-08-06 10:45:31.767248,отправлен,88812172.60,213,567,341,978
2010-11-06 21:07:33.808208,2010-12-01 21:07:33.808208,отменен,67334189.18,446,793,742,864
2013-04-16 04:56:30.339653,2013-06-26 04:56:30.339653,отменен,73573168.98,492,986,250,70
2018-06-27 14:33:46.568128,2018-09-29 14:33:46.568128,отправлен,39449418.43,770,932,425,195
2009-10-27 10:13:57.224107,2009-11-23 10:13:57.224107,отменен,18862807.14,837,506,809,693
2022-09-17 21:53:59.786083,2022-09-17 21:53:59.786083,создан,66812341.23,305,353,467,657
1997-04-04 13:53:56.534675,1997-04-04 13:53:56.534675,создан,93823883.99,691,605,11,114
2006-05-07 21:07:28.262331,2006-05-07 21:07:28.262331,создан,89047580.35,989,22,923,382
2006-03-01 22:42:34.589959,2006-03-01 22:42:34.589959,создан,62145284.33,921,612,513,566
2005-05-04 08:19:49.218774,2005-05-04 08:19:49.218774,создан,45861216.08,851,186,62,679
2004-08-25 13:32:41.573702,2004-10-18 13:32:41.573702,отменен,96349861.32,819,107,975,878
2017-02-06 13:06:43.337585,2017-03-11 13:06:43.337585,доставлен,59987040.74,519,672,362,566
2012-11-03 12:36:54.304521,2013-01-01 12:36:54.304521,отправлен,16052262.30,518,131,778,370
2022-12-22 20:03:19.204651,2023-01-20 20:03:19.204651,отправлен,61704096.00,3,20,568,472
2018-05-10 14:44:52.057335,2018-05-10 14:44:52.057335,создан,81144180.95,844,607,225,847
2021-09-28 12:40:13.775780,2021-09-28 12:40:13.775780,создан,21682725.74,882,705,911,814
2024-03-11 13:07:36.056282,2024-03-11 13:07:36.056282,создан,50978020.99,191,481,930,3
2009-01-25 10:53:59.167640,2009-01-25 10:53:59.167640,создан,70203717.39,592,423,831,941
2019-05-31 08:52:26.764677,2019-05-31 08:52:26.764677,создан,16814655.75,3,455,866,126
2004-11-09 08:39:28.802845,2004-11-09 08:39:28.802845,создан,75551321.70,779,631,740,737
1997-08-16 00:16:54.813238,1997-09-29 00:16:54.813238,отправлен,92916588.09,12,117,962,115
1999-10-11 21:46:58.393034,1999-11-03 21:46:58.393034,отменен,65380975.80,819,634,354,410
2011-01-17 13:03:43.043042,2011-03-18 13:03:43.043042,отменен,59647201.55,801,553,428,463
2002-04-19 20:38:50.186620,2002-04-19 20:38:50.186620,создан,49769114.09,708,624,356,749
2006-11-16 08:58:44.386921,2007-02-06 08:58:44.386921,отменен,25674434.71,888,150,735,381
2022-06-24 19:45:54.785568,2022-09-20 19:45:54.785568,отправлен,80422543.72,649,104,125,966
2001-01-19 00:46:41.424901,2001-01-21 00:46:41.424901,отменен,61485163.95,520,479,482,302
2001-03-15 16:41:35.130681,2001-05-15 16:41:35.130681,отправлен,64729928.05,11,877,729,240
2005-02-24 13:52:11.336598,2005-03-19 13:52:11.336598,доставлен,88498046.45,278,580,159,499
2008-12-12 15:50:45.856543,2009-02-16 15:50:45.856543,доставлен,79363365.66,400,533,949,728
2016-11-03 17:19:44.527922,2016-11-15 17:19:44.527922,доставлен,99753130.65,8,795,809,396
2003-08-30 02:31:57.341413,2003-10-21 02:31:57.341413,отправлен,62186044.32,41,808,24,203
1998-08-09 14:13:48.931551,1998-10-30 14:13:48.931551,доставлен,93646095.71,488,775,578,539
2004-12-26 13:04:06.398655,2004-12-30 13:04:06.398655,отменен,13423139.13,542,91,821,260
2000-08-26 12:11:06.481274,2000-11-17 12:11:06.481274,отменен,64434817.61,779,761,25,226
2010-05-12 22:08:09.563823,2010-05-23 22:08:09.563823,отправлен,46415241.32,886,103,93,798
1999-01-18 02:45:32.800627,1999-02-13 02:45:32.800627,доставлен,48832952.90,195,954,909,311
2012-10-11 06:32:20.842837,2012-12-20 06:32:20.842837,отправлен,95779578.64,320,536,771,561
2023-10-22 09:39:15.794080,2024-01-28 09:39:15.794080,отменен,98745010.16,289,519,937,352
2011-05-27 21:23:48.788532,2011-05-27 21:23:48.788532,создан,36891848.77,228,281,980,298
1998-02-18 13:50:49.462014,1998-05-23 13:50:49.462014,отправлен,19682903.04,829,47,800,252
1996-05-15 17:29:45.959180,1996-06-21 17:29:45.959180,отменен,58912620.37,624,495,937,256
2024-01-31 01:47:52.565222,2024-04-12 01:47:52.565222,отправлен,88541780.19,522,669,952,201
2008-02-14 12:06:35.285121,2008-03-14 12:06:35.285121,отправлен,85642198.33,547,792,496,790
1995-03-18 04:41:34.996892,1995-06-17 04:41:34.996892,отменен,77671559.29,199,130,578,599
2011-08-27 01:39:36.077594,2011-10-30 01:39:36.077594,отменен,46853716.20,445,345,569,836
2020-03-07 07:19:53.858884,2020-06-03 07:19:53.858884,доставлен,30806847.28,146,898,999,899
2019-02-03 01:52:31.600217,2019-02-21 01:52:31.600217,доставлен,75068449.04,84,792,585,956
2007-11-09 19:57:07.077533,2007-11-22 19:57:07.077533,отменен,46179266.08,744,715,671,352
2012-12-25 08:30:18.179466,2013-03-01 08:30:18.179466,отменен,42789286.56,711,387,821,836
2005-09-01 19:14:17.184083,2005-11-13 19:14:17.184083,отменен,35694524.18,486,886,946,766
2021-02-21 23:41:24.264210,2021-04-13 23:41:24.264210,доставлен,42350002.26,114,954,359,841
2004-03-14 07:03:10.803684,2004-04-17 07:03:10.803684,отправлен,20027251.22,883,825,700,844
2010-05-21 21:56:40.519472,2010-05-21 21:56:40.519472,создан,64648533.47,842,925,24,564
1995-08-05 16:14:56.661153,1995-08-10 16:14:56.661153,отменен,91051320.61,641,879,208,330
2012-11-21 09:48:54.497742,2013-02-09 09:48:54.497742,отменен,59889314.66,210,413,860,483
2019-08-10 11:23:01.565034,2019-08-10 11:23:01.565034,создан,17872911.76,93,462,514,287
2023-06-13 09:15:05.630088,2023-07-10 09:15:05.630088,доставлен,24467885.89,880,675,178,483
2003-06-05 12:08:47.902154,2003-08-12 12:08:47.902154,доставлен,11587835.86,907,977,464,59
2023-12-10 16:17:37.598869,2024-02-22 16:17:37.598869,отменен,20314160.05,555,611,633,986
2018-11-21 21:05:26.159839,2018-11-21 21:05:26.159839,создан,12107308.39,737,996,709,227
2009-04-03 20:49:16.976758,2009-04-08 20:49:16.976758,доставлен,49174360.56,315,346,133,703
2006-09-29 20:31:14.551963,2006-11-08 20:31:14.551963,отменен,61705992.61,987,751,294,870
2015-10-18 00:15:05.941888,2015-11-08 00:15:05.941888,отменен,87080068.66,935,68,671,524
2002-09-17 19:30:10.741912,2002-11-11 19:30:10.741912,отправлен,25208300.87,691,692,513,826
1999-10-27 03:10:59.247431,2000-01-16 03:10:59.247431,отправлен,86218244.13,145,819,579,863
2005-07-12 07:05:21.710201,2005-10-15 07:05:21.710201,отправлен,30572878.04,239,199,833,38
1995-11-19 17:34:18.545901,1995-11-19 17:34:18.545901,создан,17368432.58,471,5,859,334
2018-06-06 04:00:37.310782,2018-09-04 04:00:37.310782,отменен,20721754.90,172,721,627,51
2005-11-20 08:20:17.883092,2006-01-16 08:20:17.883092,доставлен,38258393.24,111,893,449,292
2002-05-10 23:43:53.449470,2002-07-04 23:43:53.449470,отменен,78653727.06,621,128,712,664
1997-06-07 03:04:09.767868,1997-08-21 03:04:09.767868,отправлен,25408216.24,86,398,139,6
1995-04-15 12:01:46.311005,1995-04-28 12:01:46.311005,отправлен,81339315.89,293,599,837,420
2014-10-28 14:38:17.748598,2014-10-28 14:38:17.748598,создан,34598165.84,112,556,837,614
2010-06-18 19:40:14.682518,2010-07-15 19:40:14.682518,доставлен,20348671.26,495,266,182,902
2015-01-09 09:02:37.881714,2015-03-05 09:02:37.881714,доставлен,70130487.41,837,465,488,299
2019-01-24 12:51:48.446598,2019-04-18 12:51:48.446598,отменен,54276001.23,760,902,135,251
2022-03-22 15:04:49.637730,2022-03-22 15:04:49.637730,создан,27343017.94,411,764,581,630
1998-07-05 11:17:54.945063,1998-08-13 11:17:54.945063,отправлен,24014500.97,853,505,29,902
2020-02-11 11:22:16.367110,2020-03-09 11:22:16.367110,отправлен,67416677.05,966,638,545,524
2013-09-28 09:03:21.379806,2013-11-05 09:03:21.379806,отправлен,54069082.72,541,57,544,69
2010-12-13 17:40:15.394327,2011-01-29 17:40:15.394327,доставлен,78451409.95,11,107,866,82
2004-02-17 08:16:32.250412,2004-05-05 08:16:32.250412,отменен,47506938.48,202,676,398,592
2010-04-23 02:01:22.614726,2010-07-21 02:01:22.614726,доставлен,63761399.94,213,448,4,392
2013-10-01 22:16:00.681231,2013-11-09 22:16:00.681231,отменен,69862630.39,315,664,47,289
2001-04-21 08:57:08.132929,2001-05-10 08:57:08.132929,доставлен,45648397.89,471,273,515,602
2013-01-05 04:44:55.285284,2013-04-02 04:44:55.285284,отправлен,25521813.51,44,882,972,90
2021-10-02 18:41:02.930290,2021-10-02 18:41:02.930290,создан,61329728.41,498,508,206,956
2018-06-01 06:57:13.454657,2018-06-21 06:57:13.454657,отправлен,81781518.46,223,653,769,444
2013-07-25 03:44:10.742903,2013-08-12 03:44:10.742903,отправлен,45155480.32,489,77,459,429
2002-10-30 00:05:42.202846,2002-12-03 00:05:42.202846,доставлен,85070124.25,319,568,17,748
2015-04-23 10:16:53.495539,2015-05-20 10:16:53.495539,отправлен,18042130.45,481,533,713,834
2000-12-22 10:01:02.127322,2001-02-21 10:01:02.127322,отправлен,40602212.38,742,464,882,650
2004-07-25 16:41:45.187756,2004-10-27 16:41:45.187756,отправлен,15003123.59,948,533,975,664
2009-05-28 16:04:03.996994,2009-09-03 16:04:03.996994,отправлен,41532820.91,735,911,117,499
2000-04-15 18:18:01.082303,2000-06-27 18:18:01.082303,отменен,32742700.54,586,60,428,543
2003-03-04 17:42:52.342837,2003-03-09 17:42:52.342837,отправлен,97957634.51,926,626,698,824
2011-07-25 02:30:03.047646,2011-09-20 02:30:03.047646,отменен,71167627.70,972,419,22,688
2021-12-26 08:11:49.041126,2021-12-26 08:11:49.041126,создан,22644355.89,605,686,147,583
2002-02-13 04:39:40.932252,2002-03-18 04:39:40.932252,отменен,26318654.91,918,955,747,443
2006-03-14 09:33:09.386005,2006-05-08 09:33:09.386005,отменен,57855190.49,338,902,562,490
2002-11-26 06:49:47.070775,2002-12-18 06:49:47.070775,отменен,14306861.39,892,570,787,798
2012-04-02 14:04:06.698817,2012-06-15 14:04:06.698817,доставлен,72102232.01,700,647,952,902
1996-01-11 01:29:54.679122,1996-03-06 01:29:54.679122,отменен,27915148.70,145,359,623,978
1995-05-16 03:32:08.009048,1995-08-17 03:32:08.009048,отправлен,10684414.34,610,157,949,508
1999-12-05 09:07:10.503589,2000-02-10 09:07:10.503589,отправлен,58117565.99,724,690,603,224
1996-01-07 00:24:29.706761,1996-01-25 00:24:29.706761,отменен,22280356.73,640,173,597,944
2008-11-27 23:11:29.240302,2008-11-27 23:11:29.240302,создан,44583360.57,655,202,593,750
1997-08-11 21:34:23.928796,1997-09-24 21:34:23.928796,отменен,78462981.35,302,100,458,46
2003-08-05 19:30:53.493753,2003-10-13 19:30:53.493753,отправлен,54247184.02,809,610,827,887
2006-06-14 18:11:58.327840,2006-07-13 18:11:58.327840,отправлен,57281661.50,787,743,778,526
1997-04-30 11:13:57.055295,1997-07-12 11:13:57.055295,отменен,50019907.11,884,754,558,296
2013-01-17 13:29:06.682516,2013-01-17 13:29:06.682516,создан,13532285.06,119,550,336,634
2012-11-27 13:07:28.502442,2012-11-29 13:07:28.502442,доставлен,38183012.38,588,210,528,750
2021-04-25 13:30:34.533428,2021-05-05 13:30:34.533428,отправлен,19022843.29,23,125,942,138
2013-08-25 11:08:55.437530,2013-09-20 11:08:55.437530,отправлен,56432933.00,2,516,597,447
2013-02-28 00:54:25.941814,2013-03-13 00:54:25.941814,отправлен,38467600.32,726,447,356,622
2004-12-02 17:57:08.852927,2005-01-18 17:57:08.852927,отправлен,88857850.34,458,131,136,983
2023-08-09 11:05:34.785293,2023-09-05 11:05:34.785293,отменен,97489429.06,322,613,383,228
1996-09-13 21:34:26.461619,1996-10-07 21:34:26.461619,отменен,14282660.99,120,784,704,511
2005-02-15 16:13:13.988102,2005-03-03 16:13:13.988102,доставлен,56766865.98,690,443,924,484
2016-09-04 13:01:52.357986,2016-10-08 13:01:52.357986,доставлен,98876897.65,453,838,22,280
2011-10-06 06:53:09.724250,2011-11-29 06:53:09.724250,отправлен,83586115.61,841,681,15,435
2015-09-09 14:24:15.981299,2015-09-09 14:24:15.981299,создан,73873717.45,339,412,827,242
2004-08-21 07:09:45.906620,2004-10-08 07:09:45.906620,отправлен,77648341.87,801,558,540,920
2010-10-05 23:12:47.169819,2010-10-05 23:12:47.169819,создан,51070519.11,890,274,209,441
1999-01-09 21:35:28.569821,1999-04-14 21:35:28.569821,доставлен,36918862.61,377,177,473,601
2002-07-17 10:39:11.763346,2002-09-16 10:39:11.763346,доставлен,39524453.24,206,735,989,33
2002-11-11 16:03:02.462582,2003-01-22 16:03:02.462582,отменен,45768486.81,785,679,528,741
1995-08-21 14:54:11.237534,1995-09-04 14:54:11.237534,доставлен,56226648.37,793,396,121,149
1994-12-11 02:42:21.641419,1994-12-11 02:42:21.641419,создан,85369438.18,589,615,15,541
2021-09-15 12:21:08.497733,2021-09-15 12:21:08.497733,создан,96798716.25,271,558,457,932
2011-04-26 21:13:45.211885,2011-05-09 21:13:45.211885,доставлен,36393282.48,301,739,16,531
1998-12-09 17:27:31.384303,1998-12-09 17:27:31.384303,создан,68339948.10,433,54,597,51
2019-07-19 02:35:44.130866,2019-10-03 02:35:44.130866,отправлен,11385280.89,78,200,704,896
1995-02-28 08:46:03.499592,1995-06-07 08:46:03.499592,доставлен,88065266.50,104,840,687,103
2006-04-04 02:57:06.840293,2006-06-01 02:57:06.840293,отменен,73448988.57,165,617,615,705
2010-01-14 08:42:49.280026,2010-02-03 08:42:49.280026,отменен,55795994.47,460,881,615,536
2012-10-06 11:41:50.629951,2012-11-10 11:41:50.629951,отправлен,77942114.10,205,302,136,595
1997-02-27 03:11:07.166669,1997-03-31 03:11:07.166669,отправлен,70072979.54,5,108,151,407
2017-02-25 08:11:20.097540,2017-04-18 08:11:20.097540,отменен,36843618.80,448,239,108,726
2013-01-07 09:01:01.295863,2013-03-31 09:01:01.295863,отменен,75047939.73,539,992,332,945
2002-07-05 15:51:55.078828,2002-08-31 15:51:55.078828,отправлен,69424066.00,243,16,167,845
1998-11-10 19:40:02.603528,1999-02-12 19:40:02.603528,отменен,95902792.41,171,768,160,609
2001-01-23 01:54:24.265477,2001-03-08 01:54:24.265477,отменен,89107423.98,182,286,272,556
2010-04-22 01:04:26.226071,2010-04-22 01:04:26.226071,создан,24996977.82,931,535,188,758
1996-09-20 12:00:18.268615,1996-12-02 12:00:18.268615,отправлен,49872100.20,346,682,332,67
2024-02-29 12:13:25.406059,2024-02-29 12:13:25.406059,создан,76827973.55,218,206,159,382
2007-07-04 08:56:02.231687,2007-08-27 08:56:02.231687,отправлен,14712877.60,135,153,339,331
2009-03-05 14:03:37.987901,2009-03-05 14:03:37.987901,создан,99099880.36,748,298,936,857
2010-02-14 11:03:13.339946,2010-04-06 11:03:13.339946,доставлен,26619788.95,356,791,665,190
2015-05-09 01:02:04.729189,2015-05-09 01:02:04.729189,создан,17029181.81,455,44,78,52
2016-03-24 17:06:44.134735,2016-04-26 17:06:44.134735,отправлен,79104395.05,280,803,962,367
2016-05-08 23:43:39.841480,2016-05-08 23:43:39.841480,создан,11349238.16,598,922,868,115
2003-02-11 12:51:26.518604,2003-02-11 12:51:26.518604,создан,73587393.30,416,345,607,419
2004-10-02 15:12:19.235711,2004-10-18 15:12:19.235711,доставлен,72357942.33,556,689,479,487
2021-10-13 17:52:58.972358,2021-10-13 17:52:58.972358,создан,13842533.88,439,621,354,961
2019-06-26 13:17:49.893270,2019-07-20 13:17:49.893270,отменен,58825123.45,16,818,120,357
2009-07-07 14:34:05.223685,2009-07-14 14:34:05.223685,отменен,88411926.64,252,462,188,939
2011-09-30 12:37:41.861383,2011-09-30 12:37:41.861383,создан,22796690.20,559,838,567,921
2022-10-02 08:30:01.955476,2022-11-29 08:30:01.955476,доставлен,98620646.98,663,466,854,526
1995-04-26 03:36:40.283857,1995-06-29 03:36:40.283857,отменен,27658820.41,87,1001,68,693
2010-01-14 03:36:29.320208,2010-03-25 03:36:29.320208,отправлен,21257336.73,851,714,403,493
2005-03-22 11:24:56.553570,2005-05-22 11:24:56.553570,отменен,37684121.84,860,576,800,130
2022-02-21 08:05:40.238000,2022-02-21 08:05:40.238000,создан,74585936.59,743,639,933,417
2021-01-16 23:05:28.979157,2021-03-11 23:05:28.979157,отправлен,10043488.30,855,715,972,843
2011-03-25 06:17:35.186921,2011-06-27 06:17:35.186921,отправлен,12749539.59,456,788,206,871
2018-03-13 16:55:18.342723,2018-04-21 16:55:18.342723,доставлен,49300776.12,525,135,876,90
2024-03-13 07:32:43.923024,2024-04-17 07:32:43.923024,отменен,19274369.57,417,634,432,430
2014-03-28 20:22:25.566131,2014-06-07 20:22:25.566131,доставлен,54156120.90,873,942,13,891
2018-11-28 10:08:34.152114,2019-02-09 10:08:34.152114,отменен,32234548.98,763,107,449,857
2015-06-10 07:59:39.138998,2015-08-05 07:59:39.138998,доставлен,70535417.49,636,893,869,663
2000-04-15 15:59:54.238560,2000-05-27 15:59:54.238560,отменен,47745669.64,37,989,669,626
2011-09-26 18:11:06.475058,2011-12-02 18:11:06.475058,отправлен,21065948.61,31,629,73,969
2023-12-28 03:31:13.364916,2024-02-17 03:31:13.364916,доставлен,40308142.49,428,874,15,329
2013-03-27 17:43:19.064091,2013-05-30 17:43:19.064091,отправлен,86136731.06,375,778,837,27
2009-09-08 11:00:42.073479,2009-09-08 11:00:42.073479,создан,42784780.18,202,626,819,635
2002-04-16 06:12:01.726196,2002-04-16 06:12:01.726196,создан,94056251.23,298,855,907,940
2019-11-04 16:30:24.180886,2020-01-06 16:30:24.180886,доставлен,98403520.46,394,487,686,883
1996-06-25 21:46:14.128964,1996-09-11 21:46:14.128964,отменен,52439036.41,240,704,150,592
2001-10-25 19:16:37.066923,2001-12-05 19:16:37.066923,отправлен,86666788.82,621,107,197,423
2010-04-11 08:41:22.458867,2010-04-26 08:41:22.458867,доставлен,53828284.30,522,818,336,407
2020-05-31 21:02:46.868258,2020-08-26 21:02:46.868258,отправлен,38083587.90,1000,114,623,832
2001-10-16 01:50:37.256419,2001-10-16 01:50:37.256419,создан,60323335.54,621,404,193,526
2011-11-15 03:36:57.087450,2011-11-15 03:36:57.087450,создан,24433573.98,684,602,747,493
1999-06-14 19:49:00.268908,1999-09-21 19:49:00.268908,доставлен,58358790.97,348,962,716,552
2009-10-17 10:04:12.937114,2009-12-01 10:04:12.937114,доставлен,52005317.88,859,525,886,266
1999-10-05 17:12:58.245422,1999-11-22 17:12:58.245422,отправлен,43548272.93,267,942,362,549
2002-05-25 08:02:22.977203,2002-08-19 08:02:22.977203,отправлен,95525121.37,345,864,909,516
1996-07-03 14:56:15.027237,1996-09-30 14:56:15.027237,отправлен,54067914.98,279,830,846,67
2015-12-05 15:16:19.666178,2015-12-11 15:16:19.666178,отменен,19371822.47,299,176,859,824
2017-06-04 10:39:54.476766,2017-07-24 10:39:54.476766,доставлен,14963297.75,810,924,306,156
2018-01-25 11:43:56.170849,2018-03-02 11:43:56.170849,отправлен,38248840.22,756,725,831,142
2022-02-28 19:59:36.274280,2022-04-21 19:59:36.274280,доставлен,59832793.92,20,596,910,186
2023-10-30 18:16:43.536283,2023-12-16 18:16:43.536283,отправлен,43173674.31,250,27,335,260
1995-08-16 15:02:12.157051,1995-08-16 15:02:12.157051,создан,56854636.64,895,646,885,348
2015-10-19 04:08:24.182293,2016-01-16 04:08:24.182293,отправлен,67994068.08,679,643,8,454
1997-11-12 01:19:53.191155,1997-11-29 01:19:53.191155,доставлен,98858858.66,31,961,175,870
2011-02-06 18:45:33.338796,2011-02-06 18:45:33.338796,создан,78799510.16,600,988,529,799
2012-04-21 02:27:54.612727,2012-06-25 02:27:54.612727,отправлен,42983795.12,698,251,512,583
2023-11-14 14:47:43.155044,2024-01-11 14:47:43.155044,отменен,36425733.94,773,454,504,872
2002-12-10 06:06:47.675434,2003-01-09 06:06:47.675434,доставлен,19909030.63,384,831,397,441
2005-12-01 17:52:16.064246,2005-12-09 17:52:16.064246,отменен,92171500.89,535,507,189,774
2020-11-18 14:23:46.680111,2021-01-01 14:23:46.680111,доставлен,83870060.89,882,103,778,991
1998-02-13 04:16:36.657742,1998-02-13 04:16:36.657742,создан,65055520.23,885,469,211,803
2011-06-30 07:35:48.825867,2011-06-30 07:35:48.825867,создан,29095575.41,928,837,467,270
2020-06-07 05:28:00.325511,2020-07-23 05:28:00.325511,отменен,63219800.78,278,174,585,6
1996-11-13 23:46:25.995872,1996-11-13 23:46:25.995872,создан,20400831.30,995,394,519,215
2019-09-26 21:37:51.588297,2019-12-15 21:37:51.588297,отменен,96984061.96,796,86,665,549
2011-08-09 00:39:43.920451,2011-10-30 00:39:43.920451,доставлен,66072452.69,562,509,668,67
2007-01-20 17:38:30.931371,2007-02-15 17:38:30.931371,отправлен,68982759.38,769,675,488,618
2004-06-12 02:49:33.357492,2004-06-24 02:49:33.357492,отменен,21410453.18,825,706,729,213
2015-10-13 00:54:35.861865,2016-01-07 00:54:35.861865,отменен,17387611.91,777,803,30,19
2019-11-07 13:43:08.285102,2020-01-15 13:43:08.285102,отправлен,90393749.06,25,209,570,19
2007-05-11 13:06:09.214900,2007-08-03 13:06:09.214900,отправлен,32693598.87,483,912,782,195
1995-01-07 11:40:48.689083,1995-01-07 11:40:48.689083,создан,53608029.30,504,346,22,295
2011-07-11 23:02:17.301186,2011-08-08 23:02:17.301186,отменен,65930042.25,432,297,907,880
2007-10-01 15:57:50.165062,2007-10-01 15:57:50.165062,создан,75245609.86,750,987,765,53
2009-05-29 08:56:17.536436,2009-07-30 08:56:17.536436,отменен,98799088.43,254,430,43,99
2017-03-24 12:33:45.883347,2017-04-22 12:33:45.883347,отправлен,13931609.67,214,718,567,409
2013-10-09 23:28:59.809562,2013-11-28 23:28:59.809562,доставлен,98801374.77,612,269,233,190
2022-03-25 23:56:43.552152,2022-05-05 23:56:43.552152,доставлен,54778954.45,151,818,597,973
2006-10-14 00:27:37.083279,2006-10-22 00:27:37.083279,доставлен,83429579.49,411,696,631,221
2013-03-25 03:25:28.129964,2013-03-25 03:25:28.129964,создан,65424030.17,533,738,926,77
2015-08-04 01:25:27.249316,2015-08-04 01:25:27.249316,создан,36894126.22,786,806,10,254
2022-03-14 14:04:12.787704,2022-05-30 14:04:12.787704,отменен,31636966.08,257,991,837,129
2000-02-22 08:16:42.282457,2000-04-23 08:16:42.282457,отправлен,15928151.94,312,370,585,675
2022-02-28 03:03:42.248375,2022-04-11 03:03:42.248375,отправлен,27210291.66,146,449,796,916
2018-06-21 23:11:07.098628,2018-06-21 23:11:07.098628,создан,23744628.70,692,969,354,177
2020-03-04 00:46:06.465626,2020-03-08 00:46:06.465626,доставлен,69425510.21,480,793,488,847
2013-08-29 09:52:31.473614,2013-10-16 09:52:31.473614,отменен,72713605.37,737,765,147,717
2001-08-16 09:28:45.984908,2001-10-17 09:28:45.984908,отправлен,78075959.16,352,208,155,628
2016-03-16 01:43:43.595193,2016-05-24 01:43:43.595193,доставлен,82530554.44,484,388,914,87
2018-11-29 17:50:08.148788,2018-12-23 17:50:08.148788,отменен,31748621.66,224,857,171,655
2003-05-25 09:22:28.921188,2003-08-19 09:22:28.921188,отправлен,86356795.02,580,395,629,628
2020-09-02 09:04:54.124290,2020-09-02 09:04:54.124290,создан,68904178.99,903,505,631,360
2022-01-05 01:10:15.257385,2022-03-19 01:10:15.257385,отправлен,47254612.93,547,615,965,268
2017-07-14 10:22:25.876625,2017-07-21 10:22:25.876625,доставлен,20017177.74,458,869,550,390
1998-08-23 07:15:25.382352,1998-08-23 07:15:25.382352,создан,84816250.32,374,612,890,191
2014-04-15 10:28:28.504350,2014-06-27 10:28:28.504350,доставлен,38107350.72,330,678,584,379
2020-11-01 13:55:02.399090,2020-11-06 13:55:02.399090,отменен,90884416.28,830,486,393,381
2018-06-17 09:49:30.179660,2018-06-17 09:49:30.179660,создан,39525942.01,116,564,869,754
2020-02-09 08:25:30.628743,2020-02-09 08:25:30.628743,создан,99983580.20,63,586,384,52
2021-05-27 07:19:55.330081,2021-08-13 07:19:55.330081,отменен,12139014.28,174,371,157,204
2009-03-29 15:16:02.812993,2009-03-29 15:16:02.812993,создан,88590770.60,970,746,39,440
2003-04-29 05:01:27.534322,2003-05-27 05:01:27.534322,отправлен,38713202.02,232,612,534,156
2018-01-15 15:31:01.119828,2018-01-15 15:31:01.119828,создан,86972114.40,90,603,769,465
1995-08-23 11:57:19.344034,1995-11-13 11:57:19.344034,доставлен,10250329.12,158,441,809,956
2023-03-28 19:10:37.780787,2023-04-18 19:10:37.780787,доставлен,47928228.50,252,637,697,920
2021-10-23 16:44:51.475332,2021-12-02 16:44:51.475332,отменен,60749241.32,664,338,399,609
2013-05-02 12:50:19.468273,2013-06-05 12:50:19.468273,доставлен,20965197.96,522,935,229,748
2004-02-22 18:23:00.157472,2004-02-22 18:23:00.157472,создан,40518804.79,621,635,504,588
2003-02-07 18:36:10.627286,2003-05-08 18:36:10.627286,отменен,73718155.13,220,176,353,672
2020-02-04 04:23:22.644104,2020-02-20 04:23:22.644104,отменен,74487128.41,172,260,792,721
2006-05-25 16:58:56.412639,2006-08-01 16:58:56.412639,доставлен,16315529.26,527,712,132,328
2015-11-11 02:38:48.913931,2015-12-28 02:38:48.913931,отправлен,53117482.40,681,17,784,258
2003-12-03 02:36:35.706636,2004-02-03 02:36:35.706636,доставлен,50475466.23,69,292,473,416
2020-12-19 07:21:54.335962,2020-12-23 07:21:54.335962,доставлен,65504021.02,766,343,421,248
2023-01-22 11:00:44.145268,2023-02-02 11:00:44.145268,доставлен,92442751.08,31,449,784,655
2005-03-22 19:00:24.942984,2005-06-07 19:00:24.942984,отправлен,29176122.67,874,269,459,925
2008-01-07 12:39:05.674797,2008-01-07 12:39:05.674797,создан,66004901.14,831,173,763,802
2019-07-05 09:08:29.830677,2019-07-05 09:08:29.830677,создан,24369688.15,913,417,550,50
2005-12-17 17:20:15.448678,2005-12-17 17:20:15.448678,создан,30345042.51,504,56,889,656
1995-12-18 16:40:08.187342,1996-03-03 16:40:08.187342,отменен,56696193.94,274,730,738,978
2014-10-31 14:52:39.855625,2014-10-31 14:52:39.855625,создан,84432995.71,193,347,528,750
2007-04-10 00:01:02.799720,2007-06-25 00:01:02.799720,отменен,48986305.72,703,777,273,614
2012-04-20 08:25:22.975972,2012-05-24 08:25:22.975972,отправлен,71148838.61,93,649,514,184
2012-08-29 09:08:26.520915,2012-11-06 09:08:26.520915,доставлен,11734235.68,433,980,512,238
1995-07-13 12:02:12.918905,1995-07-13 12:02:12.918905,создан,91489363.12,591,971,17,566
2022-02-23 22:53:10.004972,2022-02-23 22:53:10.004972,создан,31695667.21,621,184,538,350
2007-01-05 14:00:50.718485,2007-03-10 14:00:50.718485,доставлен,15040611.91,387,642,198,677
2015-09-22 04:26:39.813570,2015-10-04 04:26:39.813570,доставлен,56110613.91,180,979,544,420
2022-01-20 11:13:18.986979,2022-04-13 11:13:18.986979,отменен,18988936.67,599,506,39,174
2009-04-18 00:24:18.876183,2009-05-14 00:24:18.876183,отправлен,10903492.23,514,559,866,443
2011-12-03 19:36:00.813002,2012-02-29 19:36:00.813002,отправлен,15772867.55,822,352,182,960
1999-01-20 14:44:30.937468,1999-03-23 14:44:30.937468,отменен,90614099.35,895,103,133,67
2019-03-03 05:12:09.859183,2019-05-13 05:12:09.859183,отменен,88910391.04,403,146,867,580
2004-06-07 11:39:53.166779,2004-06-12 11:39:53.166779,отменен,66512878.49,345,144,45,618
2012-03-06 03:28:34.233191,2012-04-04 03:28:34.233191,отправлен,41868103.53,228,249,926,265
2012-03-30 03:55:18.722141,2012-03-30 03:55:18.722141,создан,21429242.05,928,681,383,67
2023-03-30 06:41:48.096210,2023-06-27 06:41:48.096210,доставлен,42504090.19,372,752,233,455
1997-10-28 11:26:39.173667,1997-11-22 11:26:39.173667,отправлен,10220693.96,67,405,288,619
2018-01-12 16:19:44.046146,2018-02-05 16:19:44.046146,доставлен,84723884.05,905,105,290,798
1996-02-03 03:15:57.740420,1996-05-07 03:15:57.740420,отправлен,67545130.23,346,384,84,382
2005-01-18 14:15:38.636592,2005-02-11 14:15:38.636592,отправлен,76551677.34,320,105,842,588
2015-12-16 18:48:17.993241,2015-12-29 18:48:17.993241,доставлен,76131130.93,475,211,946,77
2010-09-18 03:23:25.185044,2010-09-18 03:23:25.185044,создан,39046436.75,847,41,45,55
1996-03-25 16:10:13.632163,1996-04-24 16:10:13.632163,доставлен,10381964.56,325,777,809,848
2012-05-01 00:21:19.747656,2012-06-17 00:21:19.747656,отменен,58774479.96,756,362,229,168
2005-04-25 09:49:37.674117,2005-08-03 09:49:37.674117,отправлен,43505295.65,828,639,245,978
2002-02-25 20:13:13.946405,2002-02-25 20:13:13.946405,создан,38312274.20,927,66,765,158
2006-08-06 06:45:52.608272,2006-10-13 06:45:52.608272,отменен,63360592.07,68,254,133,429
2008-12-11 19:45:08.392817,2009-02-19 19:45:08.392817,отправлен,39449054.92,53,653,145,289
2013-08-30 01:48:49.231797,2013-10-18 01:48:49.231797,отправлен,38936088.60,35,524,74,261
2007-03-07 07:05:00.901403,2007-03-07 07:05:00.901403,создан,66501422.97,432,519,881,537
2005-12-15 02:17:43.429606,2006-03-01 02:17:43.429606,отправлен,98365868.15,357,922,211,602
2013-05-04 08:37:38.267414,2013-07-06 08:37:38.267414,доставлен,64483809.88,420,270,901,222
2023-10-24 14:33:04.372248,2024-01-03 14:33:04.372248,отправлен,43627301.75,456,962,974,466
2010-04-19 02:55:23.184877,2010-04-24 02:55:23.184877,отправлен,47667409.30,141,659,975,789
2011-08-09 05:20:40.974067,2011-10-06 05:20:40.974067,доставлен,75514817.03,958,709,179,748
2011-02-17 14:33:09.788702,2011-02-17 14:33:09.788702,создан,95678559.54,207,438,569,321
2020-07-15 16:23:50.600332,2020-09-03 16:23:50.600332,доставлен,94801455.97,521,998,922,342
2020-06-20 08:23:51.176751,2020-07-09 08:23:51.176751,отправлен,53342723.19,614,694,399,609
2003-09-16 08:18:14.555996,2003-12-22 08:18:14.555996,доставлен,52688185.12,801,200,769,261
1998-07-09 14:01:24.676655,1998-07-20 14:01:24.676655,доставлен,91985654.41,814,350,383,195
2017-04-12 01:24:34.844042,2017-07-07 01:24:34.844042,отправлен,49735408.42,444,366,414,808
2021-07-03 16:22:43.837203,2021-07-03 16:22:43.837203,создан,91974033.07,815,391,574,59
2019-02-14 12:38:17.268902,2019-03-09 12:38:17.268902,доставлен,52431265.31,645,350,504,317
1999-08-09 13:12:02.605436,1999-09-15 13:12:02.605436,доставлен,23876613.27,956,116,829,582
2015-04-14 02:54:48.177847,2015-05-13 02:54:48.177847,доставлен,75550680.52,361,761,889,626
2020-01-24 12:16:36.343569,2020-04-28 12:16:36.343569,отменен,11905652.53,731,459,806,917
2006-08-13 14:26:14.965976,2006-08-13 14:26:14.965976,создан,23520012.10,131,895,165,195
2005-09-16 20:34:16.326671,2005-11-05 20:34:16.326671,доставлен,66737070.18,500,305,800,619
2001-03-13 14:56:04.057262,2001-03-13 14:56:04.057262,создан,33097059.07,168,182,702,674
2019-10-31 01:39:46.294904,2019-11-24 01:39:46.294904,отменен,43025373.17,936,251,769,640
2010-08-09 07:06:34.991495,2010-11-04 07:06:34.991495,доставлен,38914945.44,7,223,706,97
2022-03-20 14:40:40.987444,2022-05-22 14:40:40.987444,отправлен,16075214.28,870,607,553,537
2004-07-09 05:38:15.931488,2004-10-15 05:38:15.931488,отправлен,83406647.93,966,744,702,767
2002-01-30 04:02:07.838473,2002-02-21 04:02:07.838473,доставлен,76675442.72,201,284,288,737
2000-09-18 06:08:27.898883,2000-11-19 06:08:27.898883,доставлен,40423230.56,150,354,480,430
2001-05-16 05:12:18.266390,2001-07-06 05:12:18.266390,отправлен,55840338.78,221,666,189,824
1995-10-16 11:52:19.429536,1995-10-21 11:52:19.429536,доставлен,63419238.72,65,830,813,348
1997-01-11 05:31:56.316604,1997-01-11 05:31:56.316604,создан,12248656.17,732,606,47,248
2020-06-18 23:41:13.955343,2020-06-18 23:41:13.955343,создан,54394802.11,159,775,383,424
2020-11-03 06:27:53.168728,2020-11-22 06:27:53.168728,отправлен,40818971.41,612,837,565,351
2011-03-15 12:37:48.481834,2011-05-06 12:37:48.481834,отправлен,27598614.36,472,28,79,249
2015-02-26 15:35:02.605551,2015-02-26 15:35:02.605551,создан,41859460.27,715,394,714,168
2024-04-02 23:43:51.034728,2024-04-02 23:43:51.034728,создан,17576618.30,629,371,385,920
2009-09-23 09:38:55.273060,2009-10-27 09:38:55.273060,отменен,97080269.14,842,119,92,957
2021-04-21 02:18:42.319999,2021-05-02 02:18:42.319999,отменен,39065282.90,781,756,910,571
1996-08-28 12:32:45.751555,1996-09-20 12:32:45.751555,доставлен,68841160.99,128,990,406,820
2014-09-13 23:38:27.424453,2014-11-15 23:38:27.424453,отменен,88571193.38,478,128,981,295
2000-02-08 02:35:32.227261,2000-05-09 02:35:32.227261,отменен,64197532.96,68,21,788,973
2014-12-03 09:18:50.744582,2015-01-28 09:18:50.744582,отменен,68323247.64,557,261,147,678
1999-05-22 13:56:17.430367,1999-08-08 13:56:17.430367,отправлен,10574638.52,264,205,884,718
1999-02-09 09:10:20.981195,1999-02-09 09:10:20.981195,создан,47640643.22,716,508,594,561
2001-12-10 10:58:50.577899,2002-01-19 10:58:50.577899,отправлен,26315315.85,913,919,91,307
2008-03-12 08:37:05.786003,2008-05-07 08:37:05.786003,доставлен,65730629.28,177,611,769,455
1997-01-13 17:46:59.370202,1997-04-13 17:46:59.370202,отменен,47609938.56,859,892,453,199
2015-04-26 21:02:25.968511,2015-08-04 21:02:25.968511,отменен,91694844.65,661,551,291,998
2023-08-02 09:57:42.698370,2023-09-14 09:57:42.698370,отменен,97752793.22,532,641,250,587
1994-11-20 04:33:30.683573,1995-01-04 04:33:30.683573,отправлен,43334570.67,345,441,362,143
2006-08-12 09:10:07.582322,2006-08-12 09:10:07.582322,создан,12397543.86,213,104,144,27
2017-06-24 10:30:01.323455,2017-06-24 10:30:01.323455,создан,26696054.23,101,552,591,626
2003-10-21 23:57:46.960402,2003-10-21 23:57:46.960402,создан,82723705.44,965,892,371,916
2019-08-16 17:01:06.497300,2019-09-02 17:01:06.497300,доставлен,38955133.78,423,878,768,207
1997-07-23 13:42:55.876651,1997-08-20 13:42:55.876651,доставлен,98225315.04,757,94,306,35
2017-08-18 14:14:44.260084,2017-08-18 14:14:44.260084,создан,99404582.52,88,127,881,816
2002-12-17 01:51:43.412552,2003-03-19 01:51:43.412552,доставлен,26765124.72,280,317,934,986
2013-01-06 15:23:30.871439,2013-02-07 15:23:30.871439,отправлен,44846305.95,523,132,2,523
2020-07-11 07:16:48.465193,2020-10-05 07:16:48.465193,отправлен,25771630.49,320,424,866,961
2010-02-23 02:29:32.165892,2010-05-21 02:29:32.165892,отменен,49828420.23,574,942,873,531
2018-03-30 00:30:31.933198,2018-06-19 00:30:31.933198,отправлен,57222245.71,118,613,112,718
1995-06-24 01:22:01.723356,1995-06-24 01:22:01.723356,создан,18982443.30,340,494,914,42
2022-03-18 09:30:15.573434,2022-04-14 09:30:15.573434,доставлен,97503337.63,491,740,61,21
2012-10-19 04:01:23.313396,2013-01-04 04:01:23.313396,доставлен,21989420.53,72,67,14,334
1999-06-10 18:56:20.401276,1999-07-26 18:56:20.401276,доставлен,91879220.53,266,439,313,466
2015-11-28 15:57:51.123576,2015-12-23 15:57:51.123576,отменен,30586866.29,107,603,519,939
1998-07-01 15:12:35.059776,1998-09-11 15:12:35.059776,отправлен,33887363.74,903,538,861,887
2007-04-07 07:15:23.786815,2007-06-18 07:15:23.786815,доставлен,82162696.34,711,319,148,192
2016-10-15 20:46:26.392400,2016-12-18 20:46:26.392400,отменен,91550500.77,172,838,172,370
2010-05-03 20:59:30.274422,2010-07-28 20:59:30.274422,отменен,74942260.12,55,76,669,77
2004-07-14 22:22:46.622942,2004-07-14 22:22:46.622942,создан,15761189.56,988,602,725,338
1995-08-18 06:25:59.563448,1995-08-18 06:25:59.563448,создан,17950158.83,463,771,643,758
1994-11-17 08:44:50.039842,1995-01-06 08:44:50.039842,отправлен,39889632.88,114,681,496,566
2018-11-12 05:14:36.870947,2018-11-12 05:14:36.870947,создан,18655681.97,762,557,9,984
2018-03-30 21:18:33.456316,2018-06-23 21:18:33.456316,доставлен,21217378.07,416,813,691,367
2006-09-10 00:40:10.992808,2006-11-29 00:40:10.992808,доставлен,28612070.96,557,558,89,973
2013-11-25 12:48:19.042838,2013-11-25 12:48:19.042838,создан,30956600.57,940,508,710,183
2005-04-15 12:33:08.197085,2005-04-26 12:33:08.197085,отменен,26927285.16,824,529,176,134
1998-10-13 16:34:49.685215,1998-10-13 16:34:49.685215,создан,92317218.18,213,938,681,265
2020-10-04 02:54:00.003511,2020-10-28 02:54:00.003511,отменен,67062886.72,99,53,538,192
2013-11-06 17:18:58.504827,2014-01-14 17:18:58.504827,отменен,30576827.19,385,852,685,940
1998-10-06 19:36:53.285716,1998-10-22 19:36:53.285716,доставлен,82034554.78,845,739,25,556
2004-04-30 08:46:42.302018,2004-04-30 08:46:42.302018,создан,99031410.46,309,412,860,379
2011-06-17 11:52:08.296296,2011-09-04 11:52:08.296296,отменен,14852142.78,991,780,24,493
2007-04-12 08:39:54.251256,2007-07-06 08:39:54.251256,отправлен,29659459.28,834,744,906,902
2000-12-11 04:43:59.269670,2000-12-11 04:43:59.269670,создан,79030330.83,579,974,355,900
2019-08-10 08:06:36.379614,2019-09-13 08:06:36.379614,отменен,17261626.34,154,910,565,103
2022-04-27 06:12:59.023588,2022-07-25 06:12:59.023588,отменен,54465966.65,269,417,365,72
2022-05-13 04:30:50.144786,2022-07-08 04:30:50.144786,отменен,35053067.96,82,972,528,82
2014-08-14 08:12:38.852601,2014-08-19 08:12:38.852601,отменен,33401754.35,816,654,79,897
1995-08-05 05:24:26.931595,1995-09-02 05:24:26.931595,отправлен,80766588.89,255,444,291,368
1995-08-18 07:24:37.592867,1995-09-26 07:24:37.592867,доставлен,38206984.95,243,289,245,46
2018-02-14 21:04:03.234572,2018-04-05 21:04:03.234572,отправлен,13742896.58,190,155,729,522
2004-12-11 12:30:45.549467,2004-12-11 12:30:45.549467,создан,92994620.87,294,537,147,41
2002-07-05 05:44:18.752232,2002-09-07 05:44:18.752232,отменен,22688020.52,570,664,546,608
2020-07-08 00:26:36.569133,2020-09-11 00:26:36.569133,отменен,18061108.34,446,234,763,850
2023-09-06 17:34:30.875357,2023-12-05 17:34:30.875357,доставлен,12168889.53,968,277,355,736
2013-04-15 11:31:10.674191,2013-07-05 11:31:10.674191,доставлен,53065543.35,875,36,11,997
2021-08-25 02:50:01.917793,2021-10-28 02:50:01.917793,доставлен,27541383.13,82,790,738,670
1996-11-16 15:03:20.663855,1997-01-27 15:03:20.663855,доставлен,54514369.96,504,753,61,612
2000-02-22 01:56:18.169975,2000-05-06 01:56:18.169975,отправлен,88689465.35,871,668,277,407
2003-03-14 03:16:46.312708,2003-03-14 03:16:46.312708,создан,67944159.60,8,407,711,141
2010-06-09 17:51:01.994868,2010-08-17 17:51:01.994868,доставлен,18137301.30,783,287,962,919
2017-03-17 01:01:53.904323,2017-03-19 01:01:53.904323,отменен,57896952.36,34,150,787,531
2011-05-13 23:08:44.413913,2011-05-13 23:08:44.413913,создан,63601169.04,555,223,11,318
2007-06-21 15:04:00.525285,2007-09-24 15:04:00.525285,доставлен,41847164.26,495,356,988,571
2015-05-18 16:30:51.432497,2015-07-28 16:30:51.432497,отменен,63894346.65,718,805,290,803
2009-06-09 16:13:19.790281,2009-06-09 16:13:19.790281,создан,70137222.62,652,884,714,51
2011-04-16 17:31:39.448382,2011-04-16 17:31:39.448382,создан,28407453.48,974,844,294,648
2011-08-29 06:51:24.497986,2011-08-29 06:51:24.497986,создан,13434819.58,62,587,821,266
2013-01-06 07:47:28.453654,2013-02-02 07:47:28.453654,отменен,92005133.48,518,830,250,927
1998-01-01 17:14:55.110712,1998-03-23 17:14:55.110712,отправлен,78500360.23,509,628,206,680
2005-04-03 17:24:31.925719,2005-04-03 17:24:31.925719,создан,69937779.52,606,161,482,463
2011-09-21 01:58:42.966229,2011-12-02 01:58:42.966229,доставлен,50565853.03,943,181,873,210
2018-04-07 04:13:20.128464,2018-05-08 04:13:20.128464,отправлен,32747789.20,44,645,958,456
2022-10-22 22:22:24.716500,2022-10-22 22:22:24.716500,создан,37717013.00,840,446,976,613
2011-06-06 22:22:39.577925,2011-06-06 22:22:39.577925,создан,14943467.70,338,90,673,945
2018-12-24 06:20:48.297813,2018-12-24 06:20:48.297813,создан,25327782.34,229,946,521,640
2019-09-27 00:20:25.058710,2019-11-24 00:20:25.058710,отменен,82797035.67,209,665,776,658
2004-04-10 04:21:48.950393,2004-06-05 04:21:48.950393,отменен,91416894.77,487,403,709,613
2000-03-20 09:36:05.187290,2000-03-21 09:36:05.187290,доставлен,21492630.21,776,113,5,267
2013-06-26 06:51:07.231239,2013-08-08 06:51:07.231239,доставлен,58378805.88,744,265,93,327
1998-08-11 08:05:33.249513,1998-10-02 08:05:33.249513,отправлен,43314670.91,422,778,366,598
2000-05-22 03:08:00.390735,2000-06-21 03:08:00.390735,отменен,96973665.99,380,115,579,542
1999-12-15 09:02:38.238876,1999-12-26 09:02:38.238876,отправлен,11382938.23,874,154,742,443
2022-05-15 03:34:24.498512,2022-06-16 03:34:24.498512,отменен,95945409.31,706,865,8,53
2019-08-28 11:42:39.415249,2019-09-10 11:42:39.415249,отправлен,87453577.78,436,164,127,477
2014-10-23 11:50:31.647757,2014-11-10 11:50:31.647757,отправлен,51593540.33,133,484,702,986
2009-09-20 18:03:32.862003,2009-12-20 18:03:32.862003,отменен,22512069.65,263,211,394,146
2016-12-18 10:18:46.463841,2017-02-14 10:18:46.463841,отменен,75176208.37,119,903,426,973
2005-03-21 20:53:48.745068,2005-05-03 20:53:48.745068,отправлен,11629604.27,535,9,783,938
2008-09-22 15:01:21.033106,2008-09-22 15:01:21.033106,создан,48786043.01,545,814,642,478
2015-09-13 22:37:56.378791,2015-10-11 22:37:56.378791,отменен,49466872.85,988,445,924,983
1998-04-05 04:31:49.109393,1998-04-05 04:31:49.109393,создан,18910689.43,855,773,568,561
2009-08-27 15:41:58.743120,2009-11-11 15:41:58.743120,отменен,59444271.53,343,569,290,410
2023-08-04 18:11:41.936188,2023-09-13 18:11:41.936188,отменен,70909124.10,296,147,809,598
2024-01-21 03:15:28.201333,2024-04-17 03:15:28.201333,доставлен,52580051.06,784,826,849,373
2018-02-08 07:58:17.765006,2018-03-01 07:58:17.765006,доставлен,58471510.61,384,871,216,649
2015-08-19 03:31:29.550570,2015-09-02 03:31:29.550570,отменен,73776271.10,815,313,818,270
2022-10-09 23:40:29.944766,2023-01-11 23:40:29.944766,отправлен,86727897.59,220,683,700,817
1998-07-21 07:46:29.076831,1998-10-26 07:46:29.076831,отменен,66872328.99,35,507,366,21
2000-08-02 22:25:04.147781,2000-09-28 22:25:04.147781,отменен,33785702.33,51,305,714,186
1999-09-01 21:02:28.348584,1999-09-01 21:02:28.348584,создан,61939076.91,438,714,710,352
2010-01-12 16:56:10.121442,2010-04-19 16:56:10.121442,отправлен,94369227.03,855,624,763,717
2003-11-07 01:47:16.830419,2003-11-07 01:47:16.830419,создан,39866995.93,325,215,689,19
2020-02-08 17:33:24.010418,2020-05-17 17:33:24.010418,отправлен,26149572.98,655,55,568,826
2011-12-31 08:00:06.821745,2012-01-07 08:00:06.821745,доставлен,68609208.84,504,14,162,622
2002-09-20 20:50:17.321216,2002-09-20 20:50:17.321216,создан,88991710.39,986,93,116,583
2019-11-17 07:48:38.733831,2020-01-04 07:48:38.733831,отменен,67755059.92,591,321,615,634
2014-07-11 03:14:37.939727,2014-07-17 03:14:37.939727,отправлен,17744164.55,714,344,659,104
2000-11-17 08:26:04.206178,2001-02-13 08:26:04.206178,отправлен,39789615.19,680,285,593,517
2005-12-29 22:27:28.078600,2006-02-13 22:27:28.078600,отменен,50340200.50,258,777,699,509
2021-03-31 04:25:39.613505,2021-03-31 04:25:39.613505,создан,88922123.67,316,37,930,899
2014-10-05 13:47:09.740335,2014-10-05 13:47:09.740335,создан,41375874.10,847,49,866,310
2014-07-12 18:53:09.319704,2014-07-12 18:53:09.319704,создан,71010439.98,663,69,425,614
2023-10-28 19:53:23.536804,2023-10-28 19:53:23.536804,создан,53450496.59,629,780,653,822
1996-04-27 02:13:06.672995,1996-04-27 02:13:06.672995,создан,19505273.07,887,466,734,334
1994-11-12 13:10:38.124282,1994-11-12 13:10:38.124282,создан,16061446.33,900,637,462,690
1997-08-05 09:33:46.952705,1997-11-13 09:33:46.952705,доставлен,99603235.51,123,50,389,844
2013-06-13 14:47:02.296097,2013-06-13 14:47:02.296097,создан,13916948.78,351,933,162,549
2017-04-01 16:34:58.831588,2017-04-04 16:34:58.831588,доставлен,54820302.00,179,649,719,523
1995-09-26 22:13:23.838423,1995-12-23 22:13:23.838423,отправлен,85577439.87,180,926,813,238
2002-06-08 22:46:51.974963,2002-07-16 22:46:51.974963,отправлен,55804828.96,304,724,16,463
2010-07-26 08:17:42.508890,2010-10-09 08:17:42.508890,отправлен,64418063.52,983,780,253,848
2008-03-25 11:56:48.537936,2008-04-07 11:56:48.537936,доставлен,39229913.24,283,151,909,508
2005-02-21 03:16:06.174360,2005-02-21 03:16:06.174360,создан,84421587.13,29,746,994,450
1997-04-04 03:50:11.559290,1997-04-04 03:50:11.559290,создан,94823741.18,279,860,734,862
2024-02-19 19:10:17.031889,2024-02-19 19:10:17.031889,создан,95398570.42,959,326,96,588
2014-04-01 15:07:23.136313,2014-04-22 15:07:23.136313,отменен,84052968.28,860,422,885,234
2000-10-19 16:01:05.038389,2000-11-11 16:01:05.038389,доставлен,68215343.45,689,701,284,541
2019-02-22 01:33:56.809404,2019-04-28 01:33:56.809404,отменен,19899847.71,463,878,102,656
1996-10-13 10:46:48.018692,1997-01-07 10:46:48.018692,отправлен,64119325.53,238,418,879,741
2013-12-21 12:54:56.599745,2014-01-04 12:54:56.599745,отменен,20879088.59,139,819,17,199
2022-05-10 23:56:49.712259,2022-05-17 23:56:49.712259,отправлен,16243918.78,613,471,133,588
2005-05-27 10:19:28.234596,2005-06-19 10:19:28.234596,доставлен,51251882.36,896,450,801,287
2004-04-06 19:16:08.220457,2004-06-28 19:16:08.220457,доставлен,38035528.98,186,22,111,577
2019-12-17 09:53:30.273182,2020-01-07 09:53:30.273182,доставлен,37384354.25,70,869,24,357
2009-06-23 07:49:29.462348,2009-07-15 07:49:29.462348,отменен,57938753.79,375,199,336,601
2008-12-24 07:40:48.037064,2009-01-11 07:40:48.037064,отменен,65134556.35,433,739,815,717
2023-02-08 20:29:31.987306,2023-02-19 20:29:31.987306,отменен,52833279.22,369,585,692,256
2014-02-20 20:23:27.679213,2014-04-06 20:23:27.679213,отменен,66937240.21,397,234,544,617
2016-07-17 04:33:33.478795,2016-07-17 04:33:33.478795,создан,87591061.92,649,243,553,334
2013-01-12 17:12:28.780545,2013-01-12 17:12:28.780545,создан,25190101.93,51,468,581,289
2009-02-20 10:33:46.816606,2009-05-21 10:33:46.816606,отправлен,94426177.39,52,650,780,856
2009-02-07 19:15:24.516472,2009-05-14 19:15:24.516472,доставлен,39424822.85,292,753,106,434
2015-10-13 19:41:41.331005,2015-12-28 19:41:41.331005,отменен,80273220.46,695,338,811,549
2012-02-29 10:51:56.504364,2012-04-23 10:51:56.504364,отменен,59691981.05,498,215,959,817
1997-05-10 10:50:13.084375,1997-07-22 10:50:13.084375,доставлен,47083548.85,385,370,819,126
2021-08-31 10:03:10.642608,2021-08-31 10:03:10.642608,создан,39375394.58,275,274,528,919
2016-08-17 01:00:47.115734,2016-10-16 01:00:47.115734,отправлен,25899508.97,800,174,346,560
2019-11-07 01:59:50.951401,2019-12-11 01:59:50.951401,отменен,23775190.54,189,142,475,105
2021-07-17 08:20:44.054007,2021-08-28 08:20:44.054007,отправлен,96609795.30,655,797,422,598
2015-11-23 20:01:48.946128,2016-02-08 20:01:48.946128,отменен,59825061.30,870,124,699,254
1996-01-02 04:42:56.324028,1996-02-29 04:42:56.324028,отправлен,20690142.93,429,376,930,636
2013-08-31 02:25:08.565869,2013-08-31 02:25:08.565869,создан,18285803.37,844,966,391,476
1997-02-06 23:40:54.165651,1997-05-11 23:40:54.165651,отменен,48567696.31,141,770,100,415
2002-11-08 21:08:09.898811,2003-01-25 21:08:09.898811,отменен,21733480.68,123,82,603,333
1998-05-08 17:20:15.053818,1998-08-12 17:20:15.053818,отправлен,22929290.48,180,103,849,343
2002-08-06 18:26:56.508951,2002-08-14 18:26:56.508951,отправлен,65247200.86,256,698,563,516
2017-06-17 19:26:04.923483,2017-07-24 19:26:04.923483,отменен,96012391.19,329,945,18,644
2018-11-18 20:18:33.519768,2018-12-04 20:18:33.519768,отменен,75675720.26,521,408,797,314
2013-01-23 23:33:58.901196,2013-05-02 23:33:58.901196,доставлен,25569839.38,696,660,4,350
1997-11-13 23:27:32.324463,1997-11-15 23:27:32.324463,отменен,57723527.67,276,922,324,295
2013-12-20 16:11:49.927144,2014-01-22 16:11:49.927144,доставлен,75909273.67,309,77,784,917
2014-08-31 14:39:41.689596,2014-08-31 14:39:41.689596,создан,31648387.12,73,855,923,737
2012-04-05 04:28:50.328558,2012-04-09 04:28:50.328558,отправлен,94425249.69,871,383,631,23
2020-05-04 03:48:46.325860,2020-06-29 03:48:46.325860,доставлен,85104156.26,811,170,545,263
2012-12-10 14:18:08.470280,2013-02-13 14:18:08.470280,отправлен,75049001.22,40,577,74,588
2015-12-27 04:38:20.387214,2015-12-27 04:38:20.387214,создан,40216531.12,677,380,909,223
1995-12-18 15:52:45.989251,1996-01-23 15:52:45.989251,отправлен,84359109.20,784,979,724,941
2007-02-23 16:54:13.256712,2007-03-09 16:54:13.256712,доставлен,60562413.70,680,134,449,59
2013-03-07 16:04:27.561087,2013-06-14 16:04:27.561087,отправлен,69486194.00,523,244,449,900
1996-11-04 01:02:31.936406,1996-11-04 01:02:31.936406,создан,23873590.44,386,978,98,530
2022-03-29 07:43:44.701735,2022-06-11 07:43:44.701735,доставлен,64586002.44,283,483,557,978
2009-12-09 14:46:11.453059,2010-03-14 14:46:11.453059,отменен,70005264.14,930,797,725,743
2010-02-14 17:01:38.193259,2010-02-14 17:01:38.193259,создан,85279919.40,902,961,61,887
2015-04-28 07:07:07.532384,2015-07-17 07:07:07.532384,отменен,48177827.45,285,189,752,870
2003-08-20 16:55:11.710440,2003-08-20 16:55:11.710440,создан,33995210.86,905,811,810,814
2007-03-30 14:27:37.845262,2007-05-05 14:27:37.845262,отменен,84951766.46,897,289,66,748
2008-09-11 10:52:45.372652,2008-09-11 10:52:45.372652,создан,53596166.20,332,387,68,670
2002-01-01 11:33:30.345725,2002-01-01 11:33:30.345725,создан,98831791.74,908,53,715,226
2024-04-04 11:37:39.333000,2024-04-04 11:37:39.333000,создан,28405886.87,723,740,631,489
2011-09-10 21:09:50.599966,2011-12-13 21:09:50.599966,отменен,92556926.39,715,706,942,465
2007-10-21 13:14:24.129398,2007-12-27 13:14:24.129398,отменен,23545639.63,31,577,792,21
2008-11-08 02:39:09.903003,2009-01-12 02:39:09.903003,отправлен,67452454.21,811,371,336,830
2007-11-19 12:27:09.180881,2008-02-17 12:27:09.180881,отменен,78100500.68,502,148,178,174
2001-11-26 05:52:33.805962,2001-12-08 05:52:33.805962,отменен,83036978.21,942,965,220,345
2003-02-01 15:55:22.955412,2003-03-02 15:55:22.955412,доставлен,99795754.01,748,773,163,477
2012-10-14 16:46:33.375185,2012-10-14 16:46:33.375185,создан,44560976.73,904,424,906,508
2008-04-20 11:37:45.044834,2008-05-27 11:37:45.044834,отменен,99195588.69,912,661,235,986
1998-04-10 05:44:25.514159,1998-04-10 05:44:25.514159,создан,78834184.45,344,361,882,916
2017-08-04 21:44:54.091167,2017-08-04 21:44:54.091167,создан,43099386.72,588,610,562,310
2021-08-04 14:51:33.949380,2021-08-13 14:51:33.949380,отменен,33530588.88,865,53,504,522
2005-07-30 13:07:49.132917,2005-10-03 13:07:49.132917,отменен,53805852.01,599,822,218,131
2003-10-08 23:28:17.961248,2003-12-26 23:28:17.961248,отправлен,87384930.98,548,746,246,945
2014-07-13 17:43:33.397197,2014-07-13 17:43:33.397197,создан,10372367.05,865,563,239,333
2003-10-11 23:43:15.519780,2003-12-04 23:43:15.519780,доставлен,18152623.52,1001,54,14,1
2012-10-17 19:36:43.405741,2012-10-17 19:36:43.405741,создан,82607798.42,613,459,959,844
1999-03-24 21:09:45.981236,1999-03-24 21:09:45.981236,создан,41473984.15,935,149,122,894
2017-12-14 11:49:23.809955,2017-12-22 11:49:23.809955,доставлен,10727618.04,713,652,792,343
1996-03-23 16:00:07.824283,1996-03-23 16:00:07.824283,создан,19716523.11,112,436,160,373
2021-05-20 11:49:57.592830,2021-05-20 11:49:57.592830,создан,39913876.75,467,477,570,637
2000-11-27 12:28:11.956288,2001-01-10 12:28:11.956288,доставлен,61108166.11,612,177,319,337
2019-08-30 09:37:47.989614,2019-08-30 09:37:47.989614,создан,70214376.46,506,469,473,494
2001-05-25 07:18:59.017032,2001-06-04 07:18:59.017032,отменен,31366730.57,26,237,125,6
1997-11-13 19:24:21.351103,1998-01-29 19:24:21.351103,доставлен,97258279.24,383,594,385,334
2009-01-19 07:53:17.266447,2009-01-19 07:53:17.266447,создан,80829859.59,195,349,109,57
2017-12-06 07:37:45.253361,2018-01-07 07:37:45.253361,отправлен,49930346.95,948,865,294,650
2009-10-12 21:42:21.696708,2009-11-02 21:42:21.696708,отправлен,60150646.88,4,371,800,855
2016-10-09 04:18:29.957021,2016-12-26 04:18:29.957021,отправлен,28048242.78,761,910,170,703
1998-05-24 12:34:29.235546,1998-06-13 12:34:29.235546,доставлен,13332133.42,988,937,384,487
1996-07-27 16:01:43.351191,1996-08-17 16:01:43.351191,отправлен,76158999.52,7,218,462,743
2000-09-28 15:46:43.346710,2000-09-28 15:46:43.346710,создан,70385143.27,408,667,106,407
2016-12-05 09:00:53.518139,2017-01-10 09:00:53.518139,отправлен,99606658.65,961,587,438,256
1999-10-06 08:39:59.558959,1999-12-31 08:39:59.558959,отправлен,33232621.56,522,459,521,770
2008-09-20 00:06:00.485628,2008-10-20 00:06:00.485628,отменен,91123089.44,45,178,76,191
2008-08-08 07:07:26.218166,2008-09-27 07:07:26.218166,отправлен,22276096.88,327,466,151,896
1998-10-09 01:07:11.301978,1998-10-09 01:07:11.301978,создан,16867779.78,781,992,214,413
2017-06-09 02:13:05.197667,2017-08-13 02:13:05.197667,доставлен,75496534.98,646,219,341,287
2003-12-20 20:20:09.198534,2004-02-03 20:20:09.198534,доставлен,89700282.57,471,430,89,390
2008-06-27 19:41:47.616182,2008-10-01 19:41:47.616182,отправлен,13697743.85,232,716,965,484
1999-11-22 20:56:24.047188,1999-11-22 20:56:24.047188,создан,33696244.49,388,911,433,307
2021-09-10 00:07:13.453416,2021-12-18 00:07:13.453416,отправлен,93922557.42,362,652,714,617
2009-11-30 14:05:31.506996,2009-12-12 14:05:31.506996,отменен,17853446.37,893,538,291,322
1997-11-27 03:46:23.805228,1997-11-27 03:46:23.805228,создан,14904708.03,443,956,682,625
2014-12-21 13:55:54.319792,2015-02-15 13:55:54.319792,отправлен,40302765.78,935,263,783,137
2013-08-12 20:03:02.690736,2013-08-12 20:03:02.690736,создан,20646900.69,207,290,785,238
2014-11-11 02:18:11.499290,2014-12-03 02:18:11.499290,отправлен,34070224.58,272,639,110,472
2003-09-07 14:32:51.459558,2003-10-12 14:32:51.459558,доставлен,50128383.71,37,487,747,984
2017-02-01 01:02:00.668972,2017-02-08 01:02:00.668972,отменен,73658995.62,382,194,179,509
2018-06-21 04:14:08.083549,2018-09-25 04:14:08.083549,отменен,57758758.48,60,54,727,367
2010-09-05 22:55:26.894138,2010-11-05 22:55:26.894138,отменен,14621995.59,42,112,777,248
2011-11-16 15:23:20.150654,2011-11-16 15:23:20.150654,создан,58524151.02,436,852,895,443
1999-09-17 14:12:23.997675,1999-11-29 14:12:23.997675,доставлен,54437432.09,474,394,383,234
2001-12-10 18:12:40.376071,2002-03-15 18:12:40.376071,доставлен,74689214.18,332,472,4,392
2008-05-28 19:58:36.714131,2008-08-04 19:58:36.714131,отменен,69358270.99,611,183,719,181
2001-11-19 17:50:18.578352,2002-02-03 17:50:18.578352,доставлен,88451691.10,976,85,339,123
2018-05-02 10:13:09.511197,2018-05-02 10:13:09.511197,создан,25816572.18,984,151,178,644
2006-09-26 03:35:30.900780,2006-09-26 03:35:30.900780,создан,39966232.87,627,802,100,251
2009-06-20 12:24:16.362175,2009-07-29 12:24:16.362175,доставлен,11340775.46,539,613,729,364
1999-07-30 10:12:23.387807,1999-11-03 10:12:23.387807,доставлен,38020275.37,880,541,422,140
1994-12-12 15:02:10.352674,1994-12-12 15:02:10.352674,создан,83963856.22,338,405,271,494
2006-04-23 01:40:18.522711,2006-05-11 01:40:18.522711,отменен,81899236.01,793,978,623,298
2008-12-22 14:24:04.101231,2009-04-01 14:24:04.101231,доставлен,70268650.42,977,561,397,274
2015-01-29 22:05:47.735126,2015-01-29 22:05:47.735126,создан,92582185.95,467,369,518,537
2015-05-16 09:19:19.634444,2015-08-08 09:19:19.634444,доставлен,48973232.42,400,7,421,327
2013-07-02 17:19:28.624687,2013-08-23 17:19:28.624687,доставлен,70257713.86,867,247,433,420
2007-05-09 18:06:12.251176,2007-05-09 18:06:12.251176,создан,72597084.62,63,803,125,856
2022-06-21 09:22:30.539438,2022-07-01 09:22:30.539438,отменен,27051037.13,406,714,235,506
2008-02-02 15:57:48.353235,2008-04-18 15:57:48.353235,доставлен,10818384.01,450,461,951,613
2021-12-11 01:35:23.495338,2022-01-28 01:35:23.495338,отправлен,20389899.02,228,606,701,945
2006-10-08 15:32:59.528784,2006-10-08 15:32:59.528784,создан,53997578.36,973,39,985,848
2005-03-30 23:43:25.147465,2005-04-14 23:43:25.147465,отменен,87311235.57,557,354,906,680
2005-07-27 03:04:47.561195,2005-09-24 03:04:47.561195,отменен,62951955.05,173,885,49,38
1997-08-19 10:46:34.825532,1997-11-06 10:46:34.825532,отменен,62102070.63,534,776,783,634
2020-10-13 01:15:45.957992,2020-10-13 01:15:45.957992,создан,22272634.57,626,85,246,19
2003-01-12 19:32:01.423414,2003-04-22 19:32:01.423414,доставлен,40728709.17,702,289,462,237
1997-10-16 13:38:37.661932,1997-11-20 13:38:37.661932,доставлен,63905465.01,545,4,713,490
