id,created_at,delivery_date,status,delivery_cost,sender_user_id,receiver_user_id,pickup_address_id,delivery_address_id
1,1970-07-15 20:27:59.678271,,создан,15936580.33,954,251,763,514
2,1980-05-07 20:18:40.933208,,отменен,26046218.94,738,171,211,791
3,1999-03-07 21:17:56.090862,,создан,50874188.20,846,781,233,51
4,1996-11-16 10:21:53.879867,,отменен,61125919.27,688,146,859,328
5,2022-09-06 19:04:55.708639,2022-09-22 19:04:55.708639,доставлен,39670719.81,173,847,452,295
6,2016-05-19 21:12:35.763310,,создан,34978239.93,674,231,517,140
7,2010-04-23 00:38:19.531075,2010-05-04 00:38:19.531075,доставлен,31900291.34,802,484,304,827
8,2015-10-14 06:00:27.868656,,отправлен,82283388.49,385,877,78,127
9,1994-09-16 16:05:50.830792,,отменен,48974897.99,35,130,80,189
10,1977-10-22 19:06:45.575217,1977-11-01 19:06:45.575217,доставлен,77261607.05,227,202,517,305
11,1989-04-17 00:52:13.764017,,отменен,59422681.97,949,847,787,331
12,2018-11-23 12:20:26.218084,,отправлен,95440355.44,231,128,789,502
13,1986-05-23 13:04:12.137332,,отправлен,78301007.81,877,68,554,74
14,2012-02-01 14:24:59.287875,,создан,30385134.27,705,646,427,130
15,2023-12-28 17:23:48.172440,,отправлен,92811526.73,849,653,156,61
16,2021-07-28 16:47:35.558802,2021-08-09 16:47:35.558802,доставлен,69313407.48,122,121,364,666
17,1986-01-06 22:20:43.186292,,отменен,65801773.83,289,763,517,434
18,2011-08-27 12:28:22.218609,,отменен,16332805.84,144,268,642,703
19,1973-08-04 11:46:01.941388,,отменен,96360098.90,956,989,110,17
20,2005-03-15 05:36:16.535143,,создан,17762605.59,358,914,588,328
21,1981-04-12 13:17:43.453826,,создан,71295029.47,330,130,873,947
22,2020-05-02 07:25:27.832058,2020-05-03 07:25:27.832058,доставлен,49048925.97,595,438,141,938
23,2019-03-17 15:18:38.917279,2019-04-02 15:18:38.917279,доставлен,74413181.03,586,4,741,911
24,1990-11-24 17:01:14.420830,1990-12-17 17:01:14.420830,доставлен,60630953.38,349,372,321,1000
25,1992-11-08 10:30:50.257570,,создан,68820168.00,88,648,383,399
26,1978-03-28 07:25:14.705566,,отменен,37298691.62,480,286,758,149
27,2018-12-26 13:58:00.664607,,создан,31561475.48,816,552,849,599
28,1993-07-30 20:11:16.120663,1993-08-04 20:11:16.120663,доставлен,96161354.36,412,798,385,650
29,1999-03-25 21:18:24.107279,,отправлен,19885954.91,904,875,302,899
30,1995-12-11 19:25:13.076188,1996-01-04 19:25:13.076188,доставлен,67514497.73,482,695,749,925
31,2017-08-17 02:57:12.688556,,отменен,67066025.82,354,641,526,843
32,2011-03-06 11:13:17.856679,,отправлен,42065476.48,718,383,946,524
33,2001-08-21 23:17:55.166057,2001-09-03 23:17:55.166057,доставлен,33446979.92,330,739,7,979
34,1974-04-09 06:56:23.261508,,отменен,59176233.35,976,72,825,121
35,1998-10-16 22:40:54.656825,,отменен,78046946.06,236,942,586,135
36,1977-05-10 18:25:17.308109,,отменен,60917377.99,179,590,7,675
37,2001-12-08 23:31:11.410382,2001-12-09 23:31:11.410382,доставлен,19689503.73,241,772,458,118
38,1971-05-14 16:35:16.538769,,отправлен,44319541.74,366,381,916,790
39,1971-12-30 21:43:19.394702,,отменен,47488458.81,831,336,44,982
40,1991-02-07 13:36:44.359741,,отменен,87130985.69,497,713,141,604
41,2003-11-04 17:59:38.791093,,отправлен,25480450.42,500,100,398,214
42,1996-04-09 21:08:31.309386,1996-04-12 21:08:31.309386,доставлен,30384779.44,163,856,686,921
43,2000-02-13 07:52:23.916225,,отправлен,38617691.27,677,327,787,725
44,1994-04-11 21:57:21.407205,,создан,88914898.25,691,74,906,149
45,2013-12-28 23:31:39.078367,,отправлен,48706556.34,837,941,512,709
46,1997-11-26 17:55:39.696323,,создан,13208889.61,87,392,452,178
47,1976-06-17 12:32:28.070211,,отменен,92598576.75,347,642,390,28
48,1972-04-25 20:54:50.305673,,отправлен,78472782.76,677,233,284,884
49,1979-05-12 06:14:24.856463,,отправлен,32835244.79,894,455,103,779
50,2002-12-22 11:12:02.563410,,создан,82802820.73,778,607,828,95
51,2021-04-12 19:53:11.972653,,отменен,24837415.98,399,100,406,295
52,2012-02-28 05:42:53.493332,2012-03-01 05:42:53.493332,доставлен,71672393.81,614,979,25,150
53,1986-02-15 13:42:03.765102,,отменен,38857533.30,257,338,751,960
54,2004-08-21 05:31:41.612030,,отправлен,48475182.20,467,874,743,612
55,1985-08-11 18:57:49.647051,,отправлен,40981542.33,253,28,873,479
56,1998-08-12 07:18:31.257807,,отменен,56898125.13,259,941,252,994
57,2022-10-27 14:29:19.931210,,отправлен,11633878.32,395,935,560,931
58,2018-02-12 05:51:34.387766,2018-03-13 05:51:34.387766,доставлен,40887443.65,494,85,849,292
59,1988-07-05 10:46:57.026974,,отправлен,72393646.74,221,40,687,744
60,1980-11-20 02:02:09.138869,,отменен,91263676.09,824,91,672,496
61,1976-06-02 12:54:05.190769,,отменен,17384745.59,21,268,185,56
62,2011-05-20 02:55:45.714834,,создан,54101803.13,213,613,917,541
63,1983-06-15 15:13:51.579029,,отменен,33436482.03,349,981,419,605
64,2018-12-17 21:09:43.706493,,отменен,29010362.71,51,823,814,855
65,1990-05-19 16:17:09.909476,,отправлен,19595954.98,773,60,298,496
66,1996-03-07 13:12:39.868952,,отправлен,26247724.63,688,799,198,130
67,2024-04-08 14:46:38.217916,,отправлен,68752565.44,243,683,639,184
68,1992-10-04 08:38:18.309813,,отправлен,58224220.42,987,989,489,515
69,2011-09-11 16:36:59.196187,,отправлен,15554407.51,895,320,729,105
70,2010-10-31 18:14:10.375377,,отправлен,55695657.93,69,809,345,286
71,1978-06-13 08:30:22.336037,,отправлен,17341794.85,582,963,395,994
72,1992-07-07 05:51:04.092398,,отправлен,84820909.64,816,393,265,925
73,1981-12-06 10:58:57.208745,,отменен,44928792.17,627,921,108,51
74,1996-10-17 03:44:09.304378,1996-10-23 03:44:09.304378,доставлен,82112517.01,861,936,714,720
75,1978-03-03 10:52:00.881430,,создан,94908068.01,836,846,116,425
76,1977-12-19 02:00:12.171191,,отменен,94838830.95,111,852,805,75
77,2005-07-25 12:50:55.937746,,создан,16250662.51,813,791,349,605
78,1977-08-03 01:09:26.150946,1977-08-15 01:09:26.150946,доставлен,32303527.67,963,98,534,348
79,2004-09-02 06:10:03.775265,,отправлен,28773601.74,331,513,659,308
80,1984-12-03 22:47:45.445230,1984-12-09 22:47:45.445230,доставлен,88364644.96,503,588,478,480
81,2001-11-29 09:44:12.118226,,отправлен,41843208.52,348,840,235,566
82,2020-06-01 18:47:59.898047,2020-06-04 18:47:59.898047,доставлен,49740035.75,842,6,300,857
83,1983-01-15 17:38:19.769033,,отправлен,86768128.59,899,686,989,229
84,1993-04-28 03:11:23.936590,1993-05-27 03:11:23.936590,доставлен,77238864.15,628,594,298,432
85,2013-07-12 20:38:22.682736,,создан,10525973.17,7,16,385,424
86,1994-04-27 13:11:13.706914,,отправлен,92968469.30,358,462,682,58
87,2012-08-17 14:52:17.208064,2012-09-13 14:52:17.208064,доставлен,30360866.98,32,221,147,497
88,2019-05-24 10:02:03.514844,,создан,44705420.38,410,778,775,969
89,1982-04-15 19:42:33.990897,1982-05-15 19:42:33.990897,доставлен,28707868.99,909,500,691,692
90,1999-03-19 16:29:06.151213,,создан,31758580.89,161,792,593,870
91,2022-12-17 19:52:01.076040,,создан,57019406.94,592,695,387,891
92,1992-10-23 01:45:44.204320,,отправлен,59437263.29,246,176,50,692
93,2004-03-14 03:34:17.595963,2004-03-28 03:34:17.595963,доставлен,75303869.09,92,115,996,369
94,2012-06-11 17:11:27.016833,,отменен,63700258.23,138,175,519,547
95,2022-05-11 04:08:28.216298,,создан,46477681.00,355,109,341,802
96,2014-02-14 12:08:37.712318,2014-03-16 12:08:37.712318,доставлен,24267103.41,238,880,774,788
97,1978-05-22 11:32:30.780657,1978-06-01 11:32:30.780657,доставлен,31614686.80,155,321,34,862
98,1972-03-21 09:39:03.195986,,отправлен,14162578.54,288,75,117,606
99,2015-10-24 19:47:44.316862,,отправлен,71145100.91,735,726,714,932
100,1990-09-13 08:22:40.289956,,создан,69390965.16,608,327,565,348
101,1975-03-20 15:35:17.648723,1975-04-11 15:35:17.648723,доставлен,81254170.12,104,178,787,450
102,1985-01-13 19:49:20.016995,,отправлен,34535436.68,141,458,654,270
103,1993-07-21 05:10:25.688935,,отправлен,53264013.28,446,700,6,939
104,1972-10-09 23:01:45.411891,,создан,12416939.35,681,484,988,222
105,2023-02-21 17:57:39.733128,2023-03-05 17:57:39.733128,доставлен,35542076.30,17,512,927,744
106,2011-06-29 08:01:33.313181,,отправлен,16329772.00,244,697,104,100
107,2020-06-23 15:12:43.689583,,отправлен,59703111.93,765,155,478,88
108,2002-10-17 02:51:20.658227,,отменен,66948652.89,408,211,351,544
109,2003-09-26 02:41:50.121053,2003-10-14 02:41:50.121053,доставлен,49162262.88,160,163,115,757
110,1980-01-28 11:15:30.321765,,отправлен,97332292.75,996,14,92,934
111,2014-06-30 00:44:32.687781,,отменен,72978357.29,656,533,929,231
112,1972-12-07 15:53:03.692501,,создан,76779073.95,516,376,491,105
113,1996-01-26 03:58:31.855739,1996-02-07 03:58:31.855739,доставлен,72700197.40,48,682,535,942
114,2003-07-14 05:42:49.274806,,отменен,30335733.61,538,339,849,962
115,2003-07-19 11:32:16.887677,2003-08-05 11:32:16.887677,доставлен,73643728.44,520,165,175,126
116,1970-08-24 20:08:10.190738,,отменен,33435316.44,194,98,248,703
117,1976-03-01 20:59:24.242012,,отменен,88929749.34,480,423,534,242
118,1980-07-04 15:28:28.078550,,отправлен,53175184.40,907,790,510,118
119,2002-08-18 21:29:43.135307,2002-09-02 21:29:43.135307,доставлен,66011467.20,361,702,159,422
120,1993-02-14 12:35:46.218583,1993-03-11 12:35:46.218583,доставлен,93198505.65,547,252,261,709
121,2004-12-26 20:53:00.015142,,отменен,83924907.84,650,998,392,760
122,1988-01-21 02:33:39.598085,,создан,13745255.25,466,490,405,294
123,1999-04-23 23:37:05.829532,,отменен,72214548.81,967,970,663,695
124,2005-02-01 00:56:53.448343,2005-02-08 00:56:53.448343,доставлен,17439756.62,545,463,456,600
125,1992-12-28 14:39:10.626388,,отправлен,59527296.76,927,892,166,206
126,1997-05-16 01:26:49.879114,,отправлен,83863444.40,564,994,472,890
127,2003-05-18 02:21:59.170456,,отправлен,95762608.12,231,796,202,178
128,2013-05-25 18:36:18.265826,,отменен,11901816.56,725,533,293,363
129,2014-08-08 04:34:21.009143,,создан,23500266.34,756,526,777,120
130,1980-10-12 10:41:37.289295,,создан,25016561.21,115,425,108,680
131,1971-01-24 00:31:30.607836,,отменен,99744431.90,615,362,849,937
132,1993-10-18 11:34:53.272249,,создан,50414637.82,489,168,559,36
133,1995-07-05 21:48:44.784180,1995-07-24 21:48:44.784180,доставлен,98091330.78,968,275,677,176
134,1997-05-10 16:00:25.642347,,отменен,63035140.18,129,525,393,409
135,2001-01-10 11:41:52.851561,,отправлен,98985108.04,452,156,852,972
136,1983-11-18 10:11:28.720423,,создан,51574428.27,602,965,966,568
137,1991-04-09 10:08:43.842710,,отменен,21100445.71,325,439,789,377
138,2021-05-02 14:36:32.146910,,отправлен,69250171.19,34,246,54,878
139,1979-01-16 09:36:51.825432,,отменен,19983188.83,848,737,9,126
140,1989-03-13 19:15:18.304241,1989-03-22 19:15:18.304241,доставлен,16950142.44,135,549,212,856
141,2024-02-12 20:28:17.289232,,отменен,89766687.59,779,119,153,443
142,1982-09-28 21:04:11.153967,1982-10-06 21:04:11.153967,доставлен,60485977.02,560,333,52,713
143,1979-01-26 20:16:03.014355,,отправлен,34112962.05,518,599,683,619
144,2020-09-26 10:00:11.331857,,отправлен,77829547.61,527,47,103,753
145,2004-01-18 09:46:50.627241,,создан,16033621.00,973,810,19,543
146,1978-07-11 05:32:02.110506,,отменен,72137438.44,204,478,463,357
147,2005-04-02 08:51:49.583522,,отменен,68572052.27,824,287,990,853
148,1998-05-30 17:32:13.266146,,отправлен,10607015.73,542,988,62,962
149,2021-11-27 08:48:30.049438,,создан,40980904.38,428,232,532,281
150,2011-08-23 14:08:16.020776,2011-08-25 14:08:16.020776,доставлен,85618037.70,182,655,7,932
151,2012-12-22 14:50:42.024162,,создан,83046086.98,139,1000,476,296
152,2014-06-15 21:38:30.139982,,отменен,85828622.81,313,669,476,931
153,1985-01-31 15:39:19.601671,1985-02-06 15:39:19.601671,доставлен,12844660.14,786,88,160,866
154,2008-04-27 22:36:28.571420,,создан,65412561.72,66,173,673,899
155,1987-03-24 21:47:59.467306,,создан,54562307.76,874,891,741,403
156,2001-01-04 18:24:29.337743,,отправлен,97223518.19,231,775,227,730
157,2011-03-13 19:32:55.808720,2011-03-18 19:32:55.808720,доставлен,94895039.74,106,437,598,637
158,1985-09-23 06:04:10.327296,,отправлен,89258840.14,320,189,325,839
159,2016-12-24 16:57:44.682825,,отправлен,83545838.80,895,558,89,487
160,2016-09-29 13:33:39.782629,,отменен,35984914.33,8,301,751,921
161,2016-05-06 13:03:05.477752,,отменен,78300274.57,494,49,438,348
162,1986-07-30 00:21:14.712705,,отправлен,73047619.58,457,450,852,479
163,1973-09-25 13:06:29.498811,,отменен,62821531.07,623,409,175,703
164,1977-07-26 06:44:54.349407,1977-08-09 06:44:54.349407,доставлен,46140883.06,476,380,953,941
165,2024-05-17 00:09:17.686337,,отправлен,84490332.29,571,499,6,208
166,1984-07-17 05:45:08.145570,,создан,71642105.39,754,755,438,827
167,1984-01-17 13:08:53.189265,1984-01-29 13:08:53.189265,доставлен,88790324.17,614,942,160,523
168,1984-01-16 08:02:19.884866,,отменен,28368335.01,556,878,102,335
169,1996-08-04 18:24:56.898418,,отправлен,11584452.59,705,694,269,971
170,1975-01-08 07:35:38.766172,,отправлен,34117961.69,548,446,329,305
171,1987-09-22 02:44:39.094027,,отменен,98318617.27,918,1,320,543
172,2005-11-01 00:46:51.312003,,создан,55528268.55,672,950,18,203
173,1991-02-15 03:17:45.646798,,отправлен,30411299.67,739,3,797,972
174,2016-07-02 18:48:36.138787,,отменен,64675499.19,261,299,223,566
175,2023-08-12 16:27:49.269829,,отменен,89937005.27,457,226,470,720
176,2019-01-04 17:28:04.321402,,создан,87026595.75,922,383,991,731
177,2006-07-30 14:28:07.830122,2006-08-23 14:28:07.830122,доставлен,42210933.49,183,814,336,555
178,2012-10-30 20:32:47.894151,,отправлен,17536610.52,652,559,180,130
179,1997-06-19 19:47:29.849947,1997-07-12 19:47:29.849947,доставлен,45197404.37,711,979,926,579
180,2005-04-04 02:45:34.871265,2005-04-28 02:45:34.871265,доставлен,66815457.43,523,318,304,28
181,1993-04-16 02:11:42.761978,,отменен,82398370.10,143,206,62,88
182,1994-01-21 10:33:58.791015,1994-01-23 10:33:58.791015,доставлен,53868183.51,63,849,683,844
183,1990-05-17 04:02:52.295936,,отменен,19818524.91,275,768,225,624
184,2018-12-22 16:54:32.998870,,создан,49316734.28,429,75,217,533
185,2013-08-12 17:30:23.779073,,отменен,48862891.94,269,476,652,67
186,1974-02-16 06:10:16.267904,,отменен,71831506.02,558,624,358,780
187,1987-09-07 13:10:02.705029,,создан,25046081.92,439,894,526,400
188,1983-05-16 17:45:13.313396,,создан,59716429.86,635,808,824,105
189,2012-01-15 05:31:22.881161,2012-01-28 05:31:22.881161,доставлен,74371939.95,860,201,989,359
190,1992-01-03 05:06:13.419390,1992-01-25 05:06:13.419390,доставлен,88498425.92,915,636,157,579
191,2020-12-23 07:28:07.892495,,отправлен,86513145.64,382,780,829,721
192,2018-05-20 15:12:47.935144,,отправлен,28037475.96,855,554,897,444
193,1989-03-29 04:24:52.462998,,отправлен,29058794.67,845,395,243,43
194,2013-07-11 15:41:08.745858,2013-07-14 15:41:08.745858,доставлен,36188932.92,171,806,62,327
195,2015-11-05 11:25:20.776779,,создан,53784364.61,80,948,727,249
196,2001-08-09 14:20:42.085498,,отправлен,29173455.74,907,660,576,305
197,2002-11-05 12:02:03.579351,,отменен,84826573.58,66,645,179,375
198,1987-08-03 19:34:30.082349,,отправлен,54912312.17,541,851,762,43
199,2008-07-01 20:47:10.144654,,отправлен,32185259.16,379,185,159,429
200,1980-10-08 22:41:35.447111,1980-10-24 22:41:35.447111,доставлен,42846271.94,922,389,531,375
201,2022-12-23 19:23:10.121571,,создан,91215258.60,67,204,147,276
202,1988-07-24 04:09:25.316493,,отменен,81239732.63,74,384,951,698
203,2021-05-02 10:03:32.995275,2021-05-10 10:03:32.995275,доставлен,93171689.85,930,390,975,910
204,2013-10-13 12:40:01.370543,,отправлен,27788936.29,230,838,452,133
205,1985-03-20 20:39:26.504018,,отменен,27517624.68,530,953,192,830
206,2016-06-21 01:44:55.760381,,отправлен,62616108.79,366,492,617,705
207,1980-06-26 14:54:24.171957,,отменен,54309855.77,32,817,865,294
208,1975-03-10 00:06:28.391796,,отменен,44621898.84,22,161,412,467
209,1997-12-30 06:19:50.013934,,отправлен,39297427.62,806,332,128,575
210,1980-03-16 21:59:02.024570,1980-03-23 21:59:02.024570,доставлен,95527897.48,937,470,964,407
211,2016-12-14 15:01:58.528701,2017-01-10 15:01:58.528701,доставлен,96703302.24,727,736,386,295
212,1986-09-29 23:57:53.464134,,отменен,52339079.76,735,865,300,309
213,2010-08-06 05:07:22.133594,,отменен,95987593.57,740,676,610,33
214,2007-05-04 22:26:45.862577,,отправлен,81189857.33,116,611,224,615
215,2005-03-17 11:43:07.890752,2005-04-15 11:43:07.890752,доставлен,87471055.07,327,864,285,765
216,1979-01-07 16:05:07.359060,,отправлен,55882665.55,851,237,285,921
217,1985-08-29 15:31:55.525569,,отправлен,53474556.43,201,916,664,397
218,2017-10-27 08:57:17.869064,,создан,41412047.31,261,671,144,582
219,1991-08-23 02:19:17.439801,1991-09-13 02:19:17.439801,доставлен,98764642.22,144,581,852,843
220,2010-09-10 11:42:50.713292,,отменен,88686910.48,588,310,101,954
221,1992-06-12 16:13:30.931604,1992-06-14 16:13:30.931604,доставлен,44665959.79,336,74,317,184
222,2010-01-16 07:12:39.046294,2010-02-10 07:12:39.046294,доставлен,19841968.42,749,557,108,615
223,2006-08-27 06:12:35.248841,,создан,43733848.19,970,884,291,845
224,1971-03-11 04:38:21.883231,1971-03-17 04:38:21.883231,доставлен,95355328.76,403,84,284,986
225,2007-01-29 00:25:42.932425,2007-02-06 00:25:42.932425,доставлен,97328006.65,214,107,778,258
226,2024-06-25 06:00:01.382490,,создан,69900451.50,625,403,627,424
227,1999-03-19 19:23:38.757022,,создан,64913791.78,816,232,503,63
228,1974-05-19 10:48:03.550205,1974-06-11 10:48:03.550205,доставлен,76287243.31,333,726,205,650
229,1995-02-25 11:18:54.677119,1995-03-23 11:18:54.677119,доставлен,59078430.66,206,179,212,915
230,1976-08-21 17:07:24.284269,,отправлен,20084427.66,525,528,99,289
231,2003-04-04 13:33:10.895824,,отменен,88320954.08,663,831,103,614
232,2022-01-19 12:42:23.029493,,отправлен,40946990.03,620,59,440,295
233,2007-08-04 09:18:24.979638,2007-08-21 09:18:24.979638,доставлен,48298141.98,933,522,813,547
234,1985-10-23 23:54:06.150045,,отправлен,81785061.63,556,968,337,74
235,1985-04-22 04:03:52.764322,1985-05-04 04:03:52.764322,доставлен,28580664.29,122,336,264,442
236,1994-11-10 20:26:46.810356,,отправлен,13693234.62,176,470,352,272
237,2018-11-12 18:37:02.178144,,отправлен,14114241.90,313,556,966,502
238,1998-07-28 14:26:23.548276,,отменен,50889793.51,695,377,336,33
239,2017-10-31 08:22:54.605537,,отправлен,37587740.60,418,750,903,542
240,1991-04-17 03:30:58.269798,,отменен,93544264.93,86,942,992,899
241,1998-01-08 06:46:03.133035,,отменен,49854868.35,605,809,108,353
242,2021-03-01 07:04:01.007139,,создан,50069264.91,338,512,749,418
243,1993-08-16 19:37:47.426170,1993-09-12 19:37:47.426170,доставлен,76399946.60,347,443,691,898
244,1997-10-14 18:51:02.788409,,отправлен,28472724.94,800,84,985,82
245,1990-10-12 16:15:47.874437,,создан,23161714.55,386,297,719,618
246,2009-02-19 19:06:31.289199,,отменен,48936869.63,763,630,336,10
247,2024-01-11 08:26:43.244874,,отправлен,63221361.51,227,876,161,569
248,1987-04-01 13:37:16.420940,,создан,46575214.37,234,36,260,806
249,1970-09-30 21:26:49.006909,1970-10-04 21:26:49.006909,доставлен,53379984.92,410,272,267,199
250,1986-10-16 15:22:42.523176,,отменен,68730135.31,438,413,602,600
251,2012-05-31 04:00:30.390087,2012-06-04 04:00:30.390087,доставлен,47899588.32,202,32,329,45
252,1987-07-15 08:13:21.152593,1987-07-28 08:13:21.152593,доставлен,24852868.57,716,753,247,544
253,1974-05-28 03:41:48.274955,,создан,71091068.12,883,211,643,357
254,1986-03-27 16:40:56.546981,,отменен,17624915.32,24,978,237,255
255,1991-09-03 04:19:12.897405,,создан,47910577.76,629,992,804,776
256,2001-12-13 00:39:15.727531,,отменен,89146870.20,512,691,686,907
257,1995-04-02 09:01:54.104524,1995-04-22 09:01:54.104524,доставлен,63405127.21,580,926,685,896
258,1976-02-28 12:14:04.563281,,отправлен,80333993.96,832,793,535,64
259,1979-03-30 16:57:16.541603,,отправлен,60314456.21,883,569,602,925
260,1979-09-16 02:05:33.311242,,отменен,70248088.48,167,334,347,162
261,2009-06-01 05:35:26.833161,2009-06-25 05:35:26.833161,доставлен,69855684.04,972,213,799,365
262,1985-05-12 13:43:31.860142,1985-06-10 13:43:31.860142,доставлен,17671171.43,583,903,642,671
263,1982-10-01 08:14:25.782232,,отменен,26277745.62,349,379,727,690
264,2017-04-18 10:42:48.871825,,создан,45101903.05,525,43,503,569
265,1990-11-03 09:37:12.746147,1990-11-25 09:37:12.746147,доставлен,14715196.56,358,330,80,407
266,1976-06-25 14:38:39.434706,1976-07-19 14:38:39.434706,доставлен,42997036.44,940,231,19,429
267,2008-04-09 07:08:15.325749,,отправлен,90061187.01,196,489,168,908
268,1985-02-19 23:27:36.905004,1985-02-21 23:27:36.905004,доставлен,64084443.26,678,199,749,736
269,2005-06-15 04:19:10.610946,,отправлен,68035624.44,344,553,872,728
270,1985-11-11 00:36:58.794778,,создан,14266171.29,870,75,546,971
271,1997-10-30 07:23:05.858937,,отменен,41752947.50,122,677,819,312
272,2000-07-03 23:13:58.645329,2000-07-25 23:13:58.645329,доставлен,18353679.05,358,182,865,29
273,1998-08-04 17:21:08.323725,,отправлен,43609487.06,473,30,989,236
274,1997-11-12 12:24:51.269013,,отменен,34353063.85,944,762,217,40
275,1987-10-06 08:17:59.340766,,отправлен,39786635.45,736,306,416,815
276,2022-10-13 13:17:24.071109,,отправлен,67528239.71,481,574,992,737
277,2015-01-07 23:34:19.509366,,отменен,52936007.33,672,115,124,857
278,1984-06-03 08:59:34.032371,,создан,97164663.39,263,157,20,862
279,1987-05-28 10:15:03.718624,,отменен,12712642.16,138,113,944,85
280,1977-11-11 20:24:39.006806,,отменен,21369980.51,332,70,128,899
281,2016-09-13 22:41:53.019001,,отменен,24624203.37,887,339,985,786
282,2010-02-06 02:51:35.265986,,создан,49507148.15,809,653,116,587
283,1974-08-11 19:01:40.734420,,создан,13025735.92,356,570,613,305
284,2002-09-24 09:45:59.553818,,создан,14543985.41,81,531,398,555
285,2012-01-24 14:36:55.049165,,отправлен,11822046.91,515,536,370,878
286,1995-05-09 05:53:23.909548,,отправлен,19803478.39,884,157,147,538
287,2012-01-08 04:07:17.534987,,отменен,65040581.28,852,663,31,469
288,2011-04-11 15:13:52.063206,2011-04-23 15:13:52.063206,доставлен,93949655.79,557,193,852,733
289,1995-10-21 06:55:06.666237,,создан,47827100.35,504,572,265,365
290,2009-11-04 01:42:01.724772,,отправлен,54571393.45,496,564,722,918
291,1972-07-03 15:20:29.847576,1972-07-18 15:20:29.847576,доставлен,66058905.90,120,158,160,332
292,2015-06-22 01:40:07.660288,,создан,43679397.31,139,825,251,706
293,1975-06-21 12:01:33.819754,,создан,70331398.67,505,336,192,289
294,1991-12-05 16:58:23.680140,,отправлен,53217997.02,902,835,532,360
295,1995-07-03 12:57:44.496730,,отправлен,17151767.99,135,532,204,45
296,1993-02-04 08:49:20.837591,,отменен,34106036.22,275,375,508,960
297,2008-11-22 18:50:51.332903,,отменен,59800998.35,976,910,546,948
298,2016-07-04 10:23:02.624223,,отправлен,61516527.38,231,855,819,126
299,2000-04-07 02:14:47.919193,,отправлен,42425494.70,728,325,84,254
300,1972-08-21 22:55:09.897286,,отправлен,33000658.31,447,225,91,533
301,1970-11-19 00:45:52.755757,,отменен,72737732.46,201,649,110,359
302,1978-04-03 22:55:34.538775,,создан,80691738.87,113,742,351,655
303,1978-11-03 17:38:59.830949,,отправлен,43064921.29,710,974,14,143
304,2024-02-13 20:11:38.110405,,отправлен,58721156.84,792,214,244,46
305,2018-12-15 19:58:57.732368,2019-01-06 19:58:57.732368,доставлен,44646680.70,264,910,110,578
306,1995-12-21 03:08:28.072247,,создан,39966280.40,699,565,266,599
307,1972-09-20 06:58:31.119719,,создан,64451974.85,852,291,490,633
308,2014-08-17 13:42:51.050818,,отменен,71842814.20,313,510,961,845
309,1998-11-09 23:16:45.699116,,отправлен,38897219.23,437,593,110,747
310,2013-04-17 16:50:04.599381,,отменен,49853913.12,731,60,44,194
311,1970-09-29 23:47:52.352100,,создан,55372835.60,835,29,129,450
312,2001-06-24 21:05:27.734631,,отменен,91259538.29,589,638,80,323
313,1995-01-20 20:09:26.359076,1995-01-28 20:09:26.359076,доставлен,35199633.23,25,777,777,931
314,1979-09-22 17:55:54.832203,,создан,56618751.16,164,512,298,698
315,1979-09-29 18:38:16.192626,1979-10-03 18:38:16.192626,доставлен,78646576.39,558,215,349,890
316,1989-07-03 08:40:39.589181,,создан,24705307.93,45,669,559,527
317,1990-07-21 17:33:04.872954,,создан,90441705.57,355,817,550,474
318,2020-09-04 18:26:33.182161,,создан,14712286.42,971,563,358,703
319,1999-06-16 16:38:53.055289,,создан,70495542.33,651,156,412,977
320,2024-05-31 07:49:43.477646,2024-06-02 07:49:43.477646,доставлен,80824870.89,35,846,20,58
321,2007-12-28 07:10:28.938962,,создан,74943913.61,327,584,44,410
322,1978-09-25 11:54:38.049955,1978-10-20 11:54:38.049955,доставлен,87977505.17,366,178,315,277
323,1981-08-29 07:43:23.509113,,отменен,33680073.23,476,826,336,736
324,2023-01-19 20:34:34.765558,,создан,16011193.66,267,103,69,495
325,1989-02-03 20:21:29.708181,,отправлен,24279244.84,136,243,304,542
326,2024-03-30 03:09:35.488397,,создан,24432357.16,879,179,553,377
327,2017-11-15 01:53:05.682480,,создан,97878694.20,438,124,427,21
328,1986-07-09 14:40:22.898555,,создан,29132743.24,39,114,345,582
329,2017-02-24 04:01:50.649446,,отправлен,16130478.19,668,621,279,471
330,1979-06-22 14:53:47.504257,,создан,23688259.47,100,87,946,308
331,1988-10-14 11:01:42.481559,,отправлен,65833946.11,134,837,37,210
332,1980-12-08 15:40:12.173419,1980-12-11 15:40:12.173419,доставлен,36222447.11,582,233,795,692
333,2001-03-30 01:07:24.150955,2001-03-31 01:07:24.150955,доставлен,45454492.36,345,840,819,592
334,1998-06-25 06:22:44.078317,1998-07-24 06:22:44.078317,доставлен,59127405.50,538,267,816,67
335,1980-09-16 19:04:22.576413,,отправлен,71317642.36,975,541,933,167
336,1991-07-15 19:22:32.121977,,отправлен,11324387.13,177,1,563,111
337,2002-06-18 14:59:33.923639,2002-07-02 14:59:33.923639,доставлен,78482975.33,378,766,287,839
338,1984-04-17 14:24:35.897628,,создан,77406752.13,152,368,405,485
339,2023-09-08 00:02:08.524211,2023-09-20 00:02:08.524211,доставлен,66142220.61,176,564,819,802
340,2002-03-27 03:04:16.291271,2002-04-09 03:04:16.291271,доставлен,68972339.57,983,347,109,188
341,1970-09-10 23:27:26.519499,,создан,36197848.58,167,731,699,896
342,1974-12-15 10:24:16.755258,1974-12-16 10:24:16.755258,доставлен,64808573.09,191,261,180,162
343,1970-09-11 05:45:04.487269,,создан,68445016.90,379,713,867,359
344,1971-05-28 17:29:27.335176,,отменен,74702396.29,390,805,456,348
345,2023-04-02 20:28:46.733361,,отменен,34985974.72,650,288,151,105
346,2018-05-10 20:56:55.955013,,создан,17116369.98,937,227,154,460
347,2001-10-23 21:58:20.875021,,отправлен,41339856.15,278,429,961,485
348,2004-07-13 00:42:38.086727,,создан,55587570.56,238,792,829,809
349,2017-07-02 01:14:44.847883,2017-07-08 01:14:44.847883,доставлен,20060972.33,879,829,607,665
350,2010-11-02 01:13:17.904696,,создан,52205324.78,180,170,349,938
351,2016-06-16 04:17:49.084034,,создан,91195587.24,926,308,421,767
352,1974-09-06 01:29:01.329017,,отменен,27067530.85,403,316,754,249
353,1972-06-30 09:20:11.871516,,отправлен,30285411.29,300,129,251,725
354,1985-05-18 20:18:45.633091,,отправлен,18634823.25,750,500,256,937
355,1989-11-19 04:33:51.129046,,отправлен,51426658.30,957,362,347,127
356,1982-04-10 21:17:25.377397,,отправлен,57873543.83,216,128,924,466
357,1970-01-27 10:55:56.435684,,создан,75987130.74,726,887,608,616
358,1987-08-04 00:53:50.229090,,отменен,28236831.09,77,66,764,690
359,2005-03-28 15:57:58.421014,,создан,53533996.56,17,729,988,678
360,2006-05-17 09:15:39.397399,2006-06-13 09:15:39.397399,доставлен,85028622.99,319,808,219,177
361,2024-06-18 10:56:04.228460,,отменен,18284389.15,788,410,588,909
362,1994-08-15 04:47:54.378439,,создан,32288239.44,630,456,371,474
363,1978-12-07 08:38:50.741606,,отправлен,40724455.90,924,8,273,587
364,2007-04-26 06:03:28.759620,,отменен,39089669.80,742,655,106,145
365,2013-02-06 22:51:24.359301,,отменен,72331448.41,577,981,262,462
366,2011-04-15 23:46:01.010543,,отправлен,28207563.31,894,138,990,199
367,1972-09-01 02:42:58.634173,,создан,95840142.25,400,311,157,27
368,1979-12-25 00:58:36.281581,,отправлен,51956018.30,730,595,405,695
369,1975-04-04 12:44:47.789530,,отправлен,24422678.87,940,445,766,606
370,2008-02-12 23:05:53.801605,,отправлен,39168874.28,484,592,626,904
371,1983-07-06 06:21:48.661868,,создан,46566946.89,92,488,99,28
372,1993-12-14 02:05:30.505103,,создан,58553061.78,215,384,195,954
373,2000-11-02 03:21:31.293377,,создан,48733338.83,303,776,108,335
374,1989-07-16 16:01:23.521484,,отменен,60882419.48,305,680,50,140
375,1989-05-06 22:52:16.616188,1989-05-25 22:52:16.616188,доставлен,95716230.35,299,326,476,820
376,1979-04-23 12:47:04.290301,1979-05-20 12:47:04.290301,доставлен,88086547.88,582,316,161,544
377,2008-11-01 04:14:36.562505,,создан,57196541.02,356,626,44,978
378,2017-01-26 21:42:50.454446,,отправлен,61018270.27,476,818,580,689
379,2006-10-15 06:25:14.509747,,отправлен,80776650.54,369,502,352,736
380,2015-07-29 15:33:22.644432,,отправлен,95983753.42,832,474,197,590
381,2000-02-06 06:46:29.174264,,отменен,88177791.17,55,664,643,703
382,1983-11-23 17:29:55.518447,1983-12-20 17:29:55.518447,доставлен,68760721.64,656,453,159,208
383,1975-12-26 02:56:27.525063,,отправлен,16582200.50,36,871,834,587
384,1975-04-22 21:08:49.794718,,создан,66557620.37,976,441,963,74
385,2016-09-09 18:27:32.146305,,создан,79422299.15,810,569,342,75
386,2005-08-04 18:13:31.497829,2005-08-08 18:13:31.497829,доставлен,91216039.53,696,217,266,474
387,2020-07-28 10:15:08.283425,2020-08-04 10:15:08.283425,доставлен,50947800.53,223,315,504,307
388,1970-12-04 00:23:52.590133,,отправлен,87499888.06,469,51,317,733
389,1993-05-09 01:58:35.617765,1993-06-03 01:58:35.617765,доставлен,42615481.24,86,662,510,2
390,2020-07-09 21:03:51.318573,,создан,15826804.65,528,873,157,112
391,1983-02-03 00:05:49.980788,,отправлен,15958172.10,895,290,347,791
392,1987-10-14 18:21:20.628736,,отправлен,97892665.88,323,95,966,424
393,2008-08-15 18:18:48.726352,2008-08-24 18:18:48.726352,доставлен,14618259.11,180,697,218,12
394,2009-10-12 04:06:23.798520,,отправлен,39096530.13,104,172,227,479
395,2009-03-03 11:31:36.959568,,создан,98987342.09,486,157,259,548
396,1988-10-30 21:40:18.909381,,отменен,87881240.34,856,563,882,467
397,2006-07-08 02:50:15.453342,,отправлен,54762829.13,702,389,758,694
398,2018-09-28 21:04:02.963349,,создан,86048513.50,756,370,304,768
399,1992-05-24 14:31:46.667493,,создан,11073317.29,516,183,341,257
400,2002-03-29 02:24:32.512107,,отменен,97308692.09,620,554,963,65
401,1990-11-12 19:22:05.600539,1990-11-25 19:22:05.600539,доставлен,86038159.28,689,342,625,980
402,2012-02-26 14:33:25.655540,,отправлен,75611495.57,750,428,393,188
403,1976-07-27 04:48:48.524253,,отправлен,23101869.79,921,525,646,584
404,1994-11-12 22:52:02.757748,,отправлен,75308862.72,580,568,436,429
405,1996-03-02 05:18:59.258225,1996-03-07 05:18:59.258225,доставлен,16650999.17,76,581,179,376
406,2005-06-20 03:31:07.141688,,создан,50754639.14,394,310,70,58
407,1995-01-01 13:54:06.088000,,отправлен,75770506.54,731,43,585,184
408,1984-10-17 07:52:02.186710,1984-11-10 07:52:02.186710,доставлен,90176847.30,765,751,423,48
409,1982-11-30 06:21:23.385356,,создан,51263318.69,106,510,608,556
410,2018-02-26 00:50:34.079976,2018-03-08 00:50:34.079976,доставлен,29223165.69,266,691,946,770
411,2010-12-05 15:09:44.873014,,создан,54163257.17,744,979,30,376
412,2016-11-11 21:53:50.081785,,отменен,95436204.51,493,443,106,612
413,2008-01-01 08:33:16.149173,,отправлен,56495141.14,782,54,849,210
414,1974-03-23 20:39:51.408825,,отменен,91254032.95,773,152,104,425
415,2002-11-16 04:29:04.105318,2002-11-17 04:29:04.105318,доставлен,40549680.68,721,23,440,513
416,1999-10-22 23:03:30.936914,,создан,12281730.18,322,896,415,229
417,2017-11-21 02:39:25.016489,,отправлен,62274520.69,525,794,115,606
418,1985-10-20 02:48:40.797240,1985-11-16 02:48:40.797240,доставлен,18878929.71,324,241,508,668
419,2018-07-19 19:36:30.045739,2018-07-24 19:36:30.045739,доставлен,92428778.11,983,580,168,134
420,1979-04-04 00:01:30.338023,,отменен,24520722.49,277,160,763,343
421,2020-06-02 22:18:33.354710,,отменен,78362657.58,637,624,685,753
422,1985-07-16 10:58:24.860079,,отправлен,59583606.91,541,478,41,208
423,2009-10-23 20:23:53.769070,2009-11-18 20:23:53.769070,доставлен,67947093.41,807,858,25,520
424,1985-01-23 05:52:34.533129,,создан,19589117.79,268,512,691,765
425,1974-01-07 19:18:49.070439,,отменен,34940538.91,503,765,794,87
426,1986-04-10 05:36:57.183387,,создан,76728504.85,483,499,44,881
427,2016-03-08 12:55:43.594685,,отменен,17140274.62,902,556,486,557
428,2019-07-11 21:00:05.094748,,создан,80829191.15,369,335,211,330
429,2022-03-23 12:59:56.200232,2022-04-11 12:59:56.200232,доставлен,97501137.32,440,164,114,118
430,1979-01-21 06:38:31.326048,,создан,16687572.11,575,479,491,514
431,2018-05-24 00:01:17.273395,,отправлен,65134934.43,803,462,488,339
432,2003-06-15 09:08:31.871527,2003-06-20 09:08:31.871527,доставлен,24598488.58,257,780,677,249
433,1997-06-26 10:30:57.315483,1997-07-14 10:30:57.315483,доставлен,47314556.66,693,880,394,910
434,1999-07-23 19:07:42.724854,,создан,48193587.78,564,189,476,464
435,1997-10-08 06:51:30.833968,,создан,19487542.60,128,422,996,170
436,1972-11-27 03:59:08.620602,,создан,75422035.80,706,66,234,450
437,1995-11-17 22:01:49.641554,,отменен,57084831.70,221,791,963,464
438,2016-09-18 06:06:11.217698,2016-09-27 06:06:11.217698,доставлен,36063395.75,761,912,452,717
439,2022-04-17 02:17:03.532791,2022-04-18 02:17:03.532791,доставлен,10195650.06,885,695,988,904
440,1991-11-09 15:44:52.779006,,отправлен,65911100.05,288,85,596,579
441,1998-05-14 12:42:35.602095,1998-06-11 12:42:35.602095,доставлен,60384035.76,321,820,392,573
442,1982-10-04 07:32:49.259708,,отменен,21393902.30,914,539,981,658
443,1970-04-21 13:38:43.337226,,создан,22538977.66,382,320,30,447
444,1983-12-31 13:32:28.691477,,отправлен,29779866.00,36,995,245,949
445,2017-05-17 06:08:08.833689,,отправлен,57766601.08,930,287,356,236
446,1985-08-06 22:13:13.453179,,отменен,58570652.03,485,273,826,206
447,2011-09-10 02:36:46.842263,,отправлен,84078093.84,676,858,631,955
448,1998-06-05 03:41:36.882454,1998-06-25 03:41:36.882454,доставлен,66889752.18,843,791,198,614
449,2011-12-20 19:07:57.071441,,создан,25070022.75,769,853,205,582
450,2021-01-24 06:25:52.547822,2021-02-11 06:25:52.547822,доставлен,89787085.59,288,145,773,970
451,2014-12-04 19:52:42.425911,,отменен,57584563.16,556,494,324,11
452,2009-08-10 06:41:01.389762,,создан,44370572.20,224,118,968,662
453,2023-03-15 00:36:58.182007,,отправлен,80570309.19,393,70,453,655
454,1974-10-20 04:00:44.295686,,создан,12515022.53,346,791,196,399
455,2001-08-15 17:15:04.869644,,создан,33910439.29,250,85,681,314
456,1973-04-08 04:42:45.299183,1973-04-25 04:42:45.299183,доставлен,28183213.58,709,188,267,533
457,2012-04-29 23:17:13.317227,,отменен,65190978.79,554,173,101,35
458,1981-07-29 13:32:23.449517,,отменен,95727344.41,460,164,379,753
459,2018-11-28 02:57:59.731776,,создан,79436760.91,11,401,798,581
460,1999-07-20 18:28:49.825125,,отправлен,61964045.15,805,613,367,637
461,1979-03-11 21:35:45.230367,1979-03-28 21:35:45.230367,доставлен,33551726.99,235,627,161,998
462,1994-12-18 08:21:38.849168,1994-12-22 08:21:38.849168,доставлен,68675023.22,645,25,239,365
463,1993-11-17 18:42:32.347621,,отправлен,85308773.84,46,677,656,64
464,2000-02-07 06:12:55.194510,2000-02-17 06:12:55.194510,доставлен,62336611.13,341,473,981,283
465,2014-12-14 18:34:08.924293,,отправлен,32653493.85,779,443,423,956
466,1978-08-23 23:04:46.910898,1978-09-09 23:04:46.910898,доставлен,22150537.78,199,939,395,877
467,1997-07-31 06:14:13.904493,,создан,30271239.03,481,378,792,645
468,1979-03-06 11:51:02.377670,1979-03-30 11:51:02.377670,доставлен,56913873.01,262,484,53,214
469,1981-04-10 13:05:47.008539,1981-04-13 13:05:47.008539,доставлен,60721737.18,628,405,196,880
470,2011-08-25 03:03:36.855443,,отменен,71889076.62,672,955,656,203
471,2020-10-23 23:59:09.419037,,отправлен,40653666.45,38,898,439,857
472,2024-06-09 23:38:07.658686,,отправлен,29448003.90,344,782,814,502
473,1989-11-24 19:53:38.689632,1989-12-19 19:53:38.689632,доставлен,42328388.51,292,580,663,661
474,2015-10-13 11:54:49.103899,,создан,27914739.63,754,903,20,781
475,2012-04-23 00:07:53.847177,,отменен,88878233.35,369,841,823,286
476,1990-09-04 17:43:13.473626,,создан,62576907.98,993,532,457,600
477,2010-11-22 14:32:06.606936,,отменен,79968736.58,711,298,96,189
478,1990-07-19 19:17:01.923614,1990-08-13 19:17:01.923614,доставлен,93090454.50,478,74,157,701
479,1976-06-04 01:46:47.817231,,отправлен,42755035.42,904,273,789,184
480,2016-08-31 07:24:31.095550,,создан,24278273.86,841,933,992,487
481,2011-02-14 18:15:23.107365,,создан,40643950.58,471,169,823,88
482,2024-04-16 02:49:44.984192,,отправлен,41924262.17,281,760,754,12
483,2020-07-06 04:08:51.188728,2020-07-22 04:08:51.188728,доставлен,59852655.06,493,577,406,454
484,1981-10-04 07:39:01.705313,1981-10-10 07:39:01.705313,доставлен,74963005.25,326,525,459,75
485,1992-04-12 14:33:03.104909,,отправлен,71504523.70,971,365,498,135
486,2003-03-12 14:09:00.696697,,отправлен,26027701.92,331,35,900,648
487,1992-02-07 16:00:30.949619,,отменен,84743138.65,456,185,110,499
488,1988-03-17 03:57:51.424267,1988-04-15 03:57:51.424267,доставлен,95905191.85,448,545,591,756
489,1970-09-14 20:42:52.872114,,отправлен,93735277.66,97,379,653,969
490,1980-01-16 22:23:43.799047,,создан,59785678.93,143,598,887,511
491,2020-04-18 10:28:59.338205,,создан,47301849.01,235,390,741,343
492,2006-09-16 23:00:04.360683,2006-10-06 23:00:04.360683,доставлен,33587393.52,571,713,245,330
493,1989-11-08 03:09:18.346239,1989-11-13 03:09:18.346239,доставлен,91040999.33,354,221,804,520
494,2019-11-03 22:57:52.509849,,отправлен,36595521.38,37,727,874,634
495,1978-08-11 00:31:00.224170,,создан,14837702.92,354,927,367,648
496,2002-02-25 18:18:49.146590,,отправлен,96098062.30,570,969,727,894
497,1985-10-30 09:47:14.323506,,отправлен,97357091.12,586,400,507,890
498,1981-11-27 13:41:34.096142,1981-12-18 13:41:34.096142,доставлен,68204789.62,273,571,185,616
499,2017-09-04 09:37:26.152628,2017-09-06 09:37:26.152628,доставлен,39109468.74,438,802,507,408
500,1993-06-30 19:58:21.770391,,отправлен,46389965.10,706,78,209,255
501,1981-02-05 17:44:28.708334,,отменен,74765240.34,722,110,227,954
502,1998-10-14 05:43:00.025573,,создан,72944034.08,657,853,748,939
503,1982-10-30 12:08:06.982380,1982-11-01 12:08:06.982380,доставлен,88712518.13,973,708,933,609
504,2001-02-22 09:52:04.574075,,отменен,54778494.34,192,792,627,408
505,2011-05-22 11:09:55.143819,,создан,25024157.18,844,410,550,150
506,2011-11-04 02:27:59.789971,,отменен,99735871.98,963,605,596,767
507,1993-06-08 20:35:10.586874,,отправлен,36664561.15,493,121,936,971
508,2023-12-29 09:31:55.039099,,отменен,22086360.89,339,920,775,842
509,2005-07-21 16:39:34.562764,,отменен,83899839.48,400,854,14,170
510,2006-07-19 13:56:02.551202,,отправлен,45308879.56,350,997,903,133
511,1997-03-14 13:29:42.433559,,отменен,25061747.12,223,485,268,100
512,1993-09-11 03:20:54.435473,,создан,88021156.15,156,157,106,943
513,1995-12-14 16:06:46.006748,,отправлен,57257110.25,453,480,517,316
514,1988-11-25 03:56:41.438229,,создан,11124140.32,381,121,433,409
515,1989-11-09 20:12:12.414484,,отправлен,57456445.30,227,226,287,499
516,1989-08-03 13:36:21.484234,,отменен,64109953.27,953,252,347,113
517,2006-12-08 23:48:13.993917,,отправлен,13495245.86,623,269,995,618
518,1995-11-24 11:15:50.788876,1995-12-20 11:15:50.788876,доставлен,54163434.61,297,727,346,191
519,1986-10-01 13:36:51.731194,,отменен,78657475.34,311,344,380,530
520,2020-11-09 11:05:03.904171,,отменен,23213809.29,507,287,973,49
521,1989-01-17 11:56:23.489606,,отменен,40411989.22,652,306,651,891
522,1990-01-14 13:11:21.387334,,отменен,30041016.03,529,356,897,322
523,1972-10-29 18:18:30.217582,,создан,14570650.94,190,960,356,877
524,2021-02-26 05:24:26.049326,,отправлен,31454036.48,191,402,374,120
525,1978-05-15 03:00:45.242507,,отменен,35868450.46,360,666,559,986
526,2003-10-02 09:40:59.857936,,отправлен,85226530.22,351,816,773,355
527,2004-02-22 23:16:01.428025,,создан,24049781.41,540,183,106,533
528,1983-04-05 07:20:21.151253,1983-05-01 07:20:21.151253,доставлен,61169710.68,832,517,964,587
529,2011-10-10 13:52:29.263851,,отменен,63126822.02,530,870,406,908
530,2024-06-24 13:51:38.942962,,отменен,45688797.37,114,85,493,407
531,1987-04-23 12:42:19.600521,1987-05-20 12:42:19.600521,доставлен,58747898.69,473,851,900,467
532,2012-07-09 05:51:06.139603,2012-08-02 05:51:06.139603,доставлен,80501217.44,11,773,875,948
533,1984-12-27 14:42:25.264574,1985-01-10 14:42:25.264574,доставлен,61220737.41,550,817,387,583
534,2000-05-26 16:32:38.971042,,отменен,35748679.99,550,648,672,842
535,1984-01-09 08:30:11.381648,1984-01-21 08:30:11.381648,доставлен,32115835.99,508,808,261,650
536,1981-02-06 17:02:31.813901,,отправлен,20784132.06,77,347,923,21
537,1991-03-29 19:57:51.818462,,создан,69713835.52,72,705,340,409
538,2012-08-17 21:45:07.578062,2012-08-31 21:45:07.578062,доставлен,66181035.95,413,764,34,767
539,1994-11-12 21:39:52.867449,1994-12-12 21:39:52.867449,доставлен,81835416.97,267,139,366,2
540,1984-04-06 09:50:46.340990,,отменен,96657640.44,448,795,824,516
541,1979-06-23 09:03:57.286226,,отменен,80026520.22,533,402,182,112
542,2019-07-15 17:51:07.680033,,создан,50744597.06,458,739,903,918
543,1971-10-26 10:27:10.568443,,создан,95284317.35,514,837,458,556
544,1980-08-12 06:02:21.755594,,отменен,38073239.84,853,726,50,149
545,1992-09-04 00:39:17.750091,,создан,95026719.22,606,448,168,143
546,1976-04-11 12:30:17.187942,,создан,50851345.83,187,13,374,705
547,2016-08-18 11:05:16.953116,2016-09-12 11:05:16.953116,доставлен,48829265.97,782,23,553,831
548,1970-02-24 11:38:05.410955,,отправлен,75677857.07,367,346,116,947
549,2004-08-21 08:41:54.562879,2004-09-02 08:41:54.562879,доставлен,31457567.01,685,640,748,466
550,2003-01-21 19:26:56.209362,2003-01-24 19:26:56.209362,доставлен,34685042.34,264,637,279,353
551,2010-01-10 16:12:18.562418,2010-02-03 16:12:18.562418,доставлен,39403776.11,929,649,829,662
552,1991-06-01 14:38:03.410816,,отправлен,93873441.83,969,90,34,618
553,1983-12-08 13:29:19.997938,,отправлен,99750623.18,686,733,84,389
554,1972-09-16 00:59:37.673389,1972-09-29 00:59:37.673389,доставлен,74880231.33,193,301,987,354
555,1999-05-30 00:04:58.714215,,создан,61117873.64,256,839,106,634
556,1986-11-03 20:11:09.316113,,создан,37487596.12,573,874,153,622
557,1984-02-06 18:00:24.752932,,отменен,50444249.12,40,1000,489,894
558,1994-10-19 06:04:43.801083,,отменен,74583986.72,425,165,419,464
559,1972-08-26 17:18:52.936118,,создан,50279912.50,156,215,18,780
560,2002-09-07 17:41:02.505868,,отменен,34107563.73,415,19,722,376
561,2016-03-21 10:54:03.050956,,отправлен,89769806.74,882,252,816,120
562,1973-04-21 06:45:09.597125,,создан,72601213.13,363,27,395,982
563,1990-02-28 08:02:36.761028,,создан,53990424.83,824,95,545,905
564,1994-08-25 23:50:44.820102,1994-09-03 23:50:44.820102,доставлен,30708180.89,735,391,510,972
565,2020-03-27 10:53:25.046892,2020-04-22 10:53:25.046892,доставлен,27367837.83,744,350,440,469
566,2011-01-20 16:19:47.344445,,отправлен,66350241.10,55,260,959,675
567,2020-03-04 07:55:11.413604,,отменен,76381901.26,317,893,223,745
568,1997-11-26 02:25:17.747707,1997-12-02 02:25:17.747707,доставлен,65196559.60,214,930,885,845
569,1995-04-02 12:17:57.380338,,отправлен,24281740.21,523,24,490,331
570,1998-11-28 15:25:23.792732,,отправлен,71090603.29,183,648,338,601
571,1994-10-20 23:06:28.047948,1994-11-19 23:06:28.047948,доставлен,52970634.19,753,514,228,575
572,1982-08-29 07:48:09.969709,,создан,33449174.21,469,157,185,362
573,1994-09-14 07:31:18.931063,,создан,85291767.89,549,201,319,391
574,1978-10-27 19:07:05.147901,1978-11-20 19:07:05.147901,доставлен,74870984.06,577,888,512,362
575,2004-04-10 11:47:59.649813,,создан,93873823.17,556,46,372,83
576,1973-11-25 11:20:31.624550,,отправлен,76850098.19,383,482,310,965
577,1972-12-18 02:33:54.700913,1973-01-13 02:33:54.700913,доставлен,70939848.50,737,136,171,537
578,1989-03-22 17:26:55.878531,,создан,78883143.06,389,983,653,429
579,2021-11-26 03:26:36.376893,,создан,38399458.75,106,844,967,934
580,2009-08-06 19:18:04.945565,2009-08-23 19:18:04.945565,доставлен,72898880.57,471,407,352,38
581,2007-08-07 11:40:15.813658,,создан,21375599.25,539,992,772,330
582,1975-06-19 00:34:57.100046,,отменен,35496962.66,516,556,106,47
583,2011-01-22 11:31:09.067458,,отправлен,95078936.84,727,343,317,726
584,1988-04-21 12:52:09.763845,,отправлен,53182857.87,652,53,297,73
585,1974-09-25 17:00:48.739212,,отменен,98549019.84,518,183,248,21
586,1987-06-04 13:05:06.916518,,отменен,39186960.68,773,884,351,575
587,1978-12-25 03:28:10.177412,,создан,63733751.19,944,245,138,26
588,1977-09-06 12:43:25.869181,,отправлен,13174476.56,925,950,912,612
589,2015-01-10 12:09:53.537292,,отправлен,52561676.39,347,606,593,931
590,2014-06-24 08:14:13.057521,,отменен,40897611.68,651,973,396,148
591,1988-08-21 10:43:19.653697,,отменен,20282930.95,589,984,532,445
592,2012-10-23 22:53:04.574378,,отправлен,83291824.66,612,554,226,856
593,2021-04-26 18:18:37.807067,,создан,47070120.01,565,393,529,810
594,1981-07-31 13:52:36.009841,,отменен,95597301.95,586,895,141,258
595,1984-03-08 18:37:38.698740,,отменен,44002447.63,706,795,874,123
596,2014-12-03 12:19:46.827468,,отменен,69153837.17,670,526,34,976
597,1994-08-14 16:30:44.725879,,отправлен,79511640.12,45,893,139,940
598,2005-06-28 13:45:30.010632,2005-07-05 13:45:30.010632,доставлен,22646602.71,917,466,226,802
599,2017-07-22 00:21:50.062092,2017-08-05 00:21:50.062092,доставлен,16000834.17,424,711,735,539
600,1980-08-07 18:11:06.276473,,отменен,72781971.01,875,920,468,474
601,2001-04-07 13:06:31.186716,,отменен,19760056.91,134,742,506,866
602,1985-04-25 07:06:07.863856,,отправлен,41756457.84,871,473,39,505
603,1972-09-18 15:21:36.694626,,создан,43104596.05,250,98,430,376
604,2021-11-19 06:31:31.426775,2021-12-15 06:31:31.426775,доставлен,10817896.81,132,778,180,539
605,1996-04-10 11:54:11.704106,,создан,31034977.02,254,653,114,922
606,2013-01-22 21:37:40.859013,,создан,36808152.91,278,834,414,705
607,1978-05-05 04:05:30.414841,1978-06-02 04:05:30.414841,доставлен,56978506.99,207,724,269,802
608,2020-05-15 23:16:57.222770,,отправлен,15960709.73,541,681,945,502
609,1999-11-05 11:17:46.871803,,создан,58087606.45,811,535,92,527
610,1978-07-10 17:49:49.716468,,создан,48900307.87,701,149,682,334
611,2023-12-16 11:24:38.519592,,создан,63648894.17,883,290,172,149
612,1999-10-19 11:54:56.005172,,отменен,75775391.06,482,282,453,587
613,2002-01-18 21:38:18.313557,,отменен,96060622.81,172,566,110,164
614,1988-10-19 16:37:41.667053,,отменен,78127516.87,118,83,867,16
615,1988-07-17 14:27:29.644517,,создан,88730507.62,715,278,761,969
616,1997-02-10 04:26:06.662213,1997-03-03 04:26:06.662213,доставлен,90493565.85,287,473,838,780
617,2012-12-25 17:17:22.974246,2013-01-07 17:17:22.974246,доставлен,83012954.41,713,441,297,717
618,1979-09-01 07:42:12.528085,,отменен,58134581.78,837,963,453,970
619,1995-01-16 03:05:04.273727,,создан,30420648.81,102,23,78,88
620,1998-11-10 23:15:00.052721,1998-12-07 23:15:00.052721,доставлен,42493570.83,341,331,501,75
621,1978-12-24 17:44:13.808692,1979-01-05 17:44:13.808692,доставлен,17678518.95,558,227,598,615
622,2018-09-05 10:56:45.524240,,отправлен,19699205.26,292,32,6,254
623,1971-04-21 02:39:19.194719,1971-05-16 02:39:19.194719,доставлен,52022648.69,837,487,219,935
624,1994-10-20 02:59:18.192194,,отправлен,23670311.74,345,233,274,133
625,1989-05-27 23:30:19.318620,,отменен,17298846.95,277,972,136,549
626,2016-10-06 14:09:35.663063,2016-10-16 14:09:35.663063,доставлен,64842958.88,646,935,315,373
627,1994-07-08 22:39:23.138304,,отправлен,68586028.38,182,984,685,425
628,1978-08-19 20:03:07.917069,1978-09-04 20:03:07.917069,доставлен,83849741.59,854,428,183,847
629,1991-12-19 09:37:39.910703,,создан,96703603.79,744,14,535,73
630,2021-08-26 08:57:42.054798,,отправлен,64580952.37,458,188,596,543
631,2016-01-24 10:49:02.255254,2016-02-09 10:49:02.255254,доставлен,45912335.85,636,723,436,590
632,2007-01-05 01:11:14.087560,2007-02-04 01:11:14.087560,доставлен,82526374.11,757,1,532,692
633,1973-05-15 17:40:12.366225,,создан,14788299.87,338,62,729,920
634,2022-09-19 03:40:29.962346,,отменен,73419611.02,649,918,183,843
635,1992-02-03 09:44:36.981750,,отменен,43458534.00,356,666,41,881
636,2001-02-09 09:56:02.084079,,создан,54553708.19,150,88,895,307
637,2010-12-20 19:03:48.765308,,отменен,33143912.71,74,440,401,354
638,2009-04-28 03:00:04.763537,,отменен,12590621.97,205,179,923,740
639,1976-03-24 11:02:41.674877,,создан,68657575.56,640,47,517,599
640,2014-09-20 12:05:29.107283,,отправлен,40985701.24,911,525,144,22
641,2016-06-30 11:02:45.263546,,создан,86668826.65,494,337,554,811
642,2022-03-22 16:57:42.823372,,создан,77194893.46,620,207,813,348
643,1970-04-19 14:12:54.261801,,создан,18614597.12,207,663,470,696
644,1979-10-02 08:42:46.828657,,отправлен,54618803.98,950,739,302,530
645,1999-10-14 12:12:50.563798,,создан,58056460.84,517,957,804,446
646,1974-08-25 10:42:16.345005,1974-08-28 10:42:16.345005,доставлен,98809309.68,62,48,119,46
647,2011-06-24 09:44:18.995170,,создан,10136180.32,668,219,108,296
648,1970-08-28 20:46:01.889536,1970-09-01 20:46:01.889536,доставлен,67014651.81,564,955,782,886
649,1992-12-05 21:39:28.544916,1992-12-28 21:39:28.544916,доставлен,67747579.17,98,678,215,931
650,2005-03-24 00:41:34.215503,,создан,83727716.94,735,727,525,292
651,2004-07-11 08:04:33.177197,,отправлен,99344892.53,61,675,651,579
652,1996-08-02 15:46:09.863095,,отменен,19131758.52,922,149,741,194
653,1998-02-25 02:02:48.368896,,отправлен,47594690.40,976,475,782,942
654,1975-05-15 21:53:24.518579,,создан,37715489.48,468,140,489,365
655,2008-11-06 21:36:35.996431,,отменен,10493927.58,444,920,708,8
656,2022-10-18 18:22:51.666453,,отменен,44405530.29,443,959,476,808
657,2006-03-12 02:58:17.278051,,создан,40613962.41,767,196,97,969
658,1975-10-22 21:32:26.082554,,создан,81601385.00,517,90,356,984
659,1970-06-11 21:25:23.826125,,отменен,51646480.43,476,234,774,983
660,1981-08-04 01:16:08.589769,,отправлен,36001143.59,510,450,872,530
661,1984-10-08 02:33:12.539196,1984-10-26 02:33:12.539196,доставлен,76796954.35,563,799,490,389
662,2021-10-31 12:24:08.647345,,отправлен,70429375.23,788,387,371,624
663,2004-07-09 09:19:35.220389,,создан,89032092.09,353,898,268,657
664,1986-07-22 13:15:19.053844,,создан,76056988.53,852,754,923,606
665,2020-11-18 15:54:41.959483,,отправлен,35163964.13,97,283,439,359
666,1996-01-19 15:23:57.469844,1996-02-18 15:23:57.469844,доставлен,45165703.02,438,750,817,856
667,1991-06-11 07:54:33.119910,,отправлен,73457398.92,281,911,664,734
668,2012-09-01 07:52:43.509048,,создан,12872753.70,205,448,248,155
669,1976-08-13 08:38:12.724277,,отменен,74311578.71,518,561,243,744
670,2020-11-22 21:57:05.755467,,отправлен,87270707.41,688,926,893,29
671,2012-01-26 10:50:09.580055,,отправлен,58398763.30,655,798,13,64
672,1980-11-16 15:14:04.532862,,отменен,83925466.52,838,3,304,747
673,2012-11-04 20:38:59.961082,,отменен,33417625.71,419,339,336,1000
674,2019-01-19 09:07:15.525259,,отправлен,62165767.30,22,886,137,547
675,2002-07-16 12:14:39.423049,,создан,33782083.96,886,637,963,391
676,2002-09-03 03:14:09.917668,,отменен,28122779.71,473,24,636,768
677,2011-11-16 17:46:20.676965,,отправлен,85560692.80,918,720,887,902
678,2011-04-05 00:01:38.139725,,отменен,56502080.49,391,387,526,606
679,2010-01-27 02:21:41.868321,,отправлен,63930518.72,403,318,233,258
680,1977-01-19 03:09:02.734794,1977-02-04 03:09:02.734794,доставлен,74758496.09,403,82,419,23
681,2015-07-14 00:26:38.633997,,отменен,22617346.83,912,427,526,354
682,1984-01-13 09:26:15.090232,,отменен,31248243.71,816,578,488,854
683,1972-10-26 18:08:59.589083,,отправлен,44933961.93,839,267,829,27
684,2022-12-01 13:08:32.670544,,создан,50257037.46,125,595,852,27
685,1997-10-09 01:05:29.832172,,отменен,92542205.25,537,515,37,583
686,2020-01-30 03:34:47.248683,,отменен,17158996.64,31,958,285,75
687,1975-08-06 11:18:00.271868,,создан,35548414.05,569,765,859,935
688,1986-12-21 01:26:06.098060,1987-01-10 01:26:06.098060,доставлен,95419574.96,137,688,708,194
689,1997-08-23 22:33:22.976140,1997-09-18 22:33:22.976140,доставлен,29823911.88,838,439,50,178
690,1980-06-05 05:18:38.211901,,создан,75892100.08,449,748,293,977
691,2004-11-04 04:24:46.523603,2004-12-04 04:24:46.523603,доставлен,86449029.37,414,194,386,538
692,2007-11-18 12:36:44.110945,,отменен,44383189.23,424,799,302,354
693,2024-03-14 10:46:23.367674,,создан,92663911.12,605,308,13,283
694,2011-05-17 01:20:01.649026,,создан,62648960.10,729,126,472,842
695,2012-05-11 15:12:28.419040,2012-05-13 15:12:28.419040,доставлен,53192262.52,525,252,974,428
696,2017-05-21 21:09:10.749707,,создан,69992614.92,859,999,66,542
697,2020-01-10 10:57:20.986553,,создан,22151619.55,628,457,865,142
698,2003-08-13 06:29:24.165020,,отправлен,31371483.73,794,888,129,40
699,1985-11-25 14:32:20.058855,,отправлен,12259193.69,273,692,873,229
700,1971-04-11 23:16:21.701876,1971-04-28 23:16:21.701876,доставлен,39410620.99,325,284,159,971
701,1979-09-28 09:21:27.560511,,отменен,51206270.02,176,847,681,513
702,2019-05-31 20:08:05.000887,,отправлен,95598444.93,766,850,412,450
703,1982-04-27 03:38:19.746721,1982-05-07 03:38:19.746721,доставлен,37425289.76,86,922,9,40
704,1997-08-24 21:22:20.545654,1997-09-07 21:22:20.545654,доставлен,53775498.14,502,369,384,632
705,1999-01-13 03:46:24.226024,,отправлен,32775721.39,788,183,380,857
706,1976-08-24 11:00:19.339795,,отправлен,74409804.33,408,256,54,178
707,1972-12-11 00:19:53.826332,,создан,27535099.16,667,545,687,982
708,1999-04-12 08:09:48.934753,,создан,28964822.63,121,733,459,830
709,1976-12-17 04:08:26.819158,,отправлен,22310239.11,270,875,682,742
710,1995-04-30 08:36:04.368988,1995-05-09 08:36:04.368988,доставлен,48746333.94,925,245,741,373
711,1986-06-10 21:57:55.013461,,отправлен,18154259.34,618,536,99,290
712,2006-10-21 01:11:56.883630,2006-10-29 01:11:56.883630,доставлен,59006775.64,916,128,903,354
713,1971-08-20 18:37:44.392485,,отменен,91815815.00,947,601,488,785
714,2005-09-23 12:43:22.852755,,создан,43207491.80,860,279,708,56
715,2006-03-24 20:55:25.750173,,отправлен,11673816.26,626,996,212,270
716,1971-04-11 23:10:17.435115,,создан,74433466.90,721,163,387,868
717,1999-06-29 09:25:01.512848,,отменен,29848048.45,54,732,546,332
718,2013-08-14 01:46:13.335745,2013-08-19 01:46:13.335745,доставлен,34157374.91,131,851,244,454
719,1998-12-17 13:12:01.541797,,отправлен,96746373.57,584,83,875,821
720,2023-05-09 20:03:21.346817,,создан,52854602.62,171,386,147,541
721,2015-01-15 12:20:31.750067,,создан,59993483.76,18,264,347,516
722,2015-04-10 23:54:11.854032,,отправлен,16959983.32,987,671,247,90
723,1984-07-14 21:39:22.086691,1984-08-03 21:39:22.086691,доставлен,58664454.87,242,140,659,886
724,2011-03-20 23:28:53.496530,,отправлен,44135061.00,903,835,966,123
725,1982-08-02 01:34:47.915037,,отправлен,68882639.79,558,767,416,918
726,2006-01-07 21:09:18.801924,,создан,73832157.84,229,440,251,780
727,1981-09-27 10:18:46.558266,1981-10-11 10:18:46.558266,доставлен,10768119.67,260,766,670,184
728,1977-04-04 23:35:44.777722,,отправлен,25322851.04,695,356,455,229
729,2004-12-07 03:33:53.370651,,отменен,48806852.86,363,965,550,378
730,2012-04-16 23:21:11.181491,2012-04-30 23:21:11.181491,доставлен,14760881.32,176,788,865,690
731,2015-05-18 01:57:04.665064,2015-05-29 01:57:04.665064,доставлен,33628481.98,944,648,679,768
732,2021-08-31 08:03:09.961644,,создан,60851198.74,780,282,807,322
733,1995-05-17 06:58:58.434162,,отправлен,55354466.78,596,163,468,323
734,1987-04-03 09:04:09.790004,,создан,20611494.08,930,11,433,548
735,1999-02-22 09:09:28.587081,,отправлен,24207424.38,865,486,287,695
736,2024-03-27 16:07:41.221374,,отправлен,82557446.98,674,561,627,918
737,1987-12-25 09:54:05.763672,,отменен,44905013.62,117,874,247,666
738,1979-07-11 03:00:43.718356,,создан,29697399.30,594,340,338,731
739,1994-01-27 05:10:04.756977,,отправлен,76357917.15,593,277,659,573
740,2001-04-29 11:42:08.057382,,создан,95421586.23,233,597,964,162
741,1997-09-22 15:57:49.022142,,отменен,39323381.16,689,46,44,647
742,1974-05-19 01:24:34.774166,1974-06-12 01:24:34.774166,доставлен,10856868.07,399,822,643,143
743,2003-03-30 14:02:13.150313,,отправлен,84201780.70,641,978,718,93
744,2013-03-02 21:25:33.054309,,отменен,39287742.84,563,241,415,784
745,2005-04-14 21:48:18.040908,,отправлен,51262491.28,182,288,197,650
746,1988-05-28 09:54:40.374998,1988-06-14 09:54:40.374998,доставлен,99941695.60,202,546,324,275
747,2003-12-29 20:31:08.111870,,отправлен,38870292.90,591,359,501,541
748,2011-06-16 07:26:51.969595,,отправлен,82814647.43,862,795,179,993
749,1971-08-10 21:43:19.821306,,отменен,82038050.06,807,914,426,954
750,2020-03-16 05:05:05.924217,,отменен,12198845.22,678,565,182,590
751,2021-06-12 04:37:41.198445,2021-06-29 04:37:41.198445,доставлен,81429543.98,187,235,398,604
752,2002-11-22 10:44:32.950606,,отправлен,50891715.05,478,670,594,612
753,1970-04-19 13:03:16.244736,,отправлен,28081808.96,792,370,438,925
754,1985-02-19 12:26:04.169640,,создан,37454090.64,397,874,946,344
755,2009-08-18 07:30:42.954658,,отменен,92876400.44,544,743,748,65
756,1971-02-23 18:17:11.598320,,создан,24449161.45,484,80,585,779
757,2012-05-28 19:32:49.037510,,отменен,52907643.64,496,317,114,449
758,2005-12-23 19:15:22.383256,2006-01-07 19:15:22.383256,доставлен,35274975.39,267,730,237,590
759,1982-11-27 18:02:40.776080,,отменен,84520648.21,410,689,168,942
760,2014-11-04 21:13:58.018751,2014-11-20 21:13:58.018751,доставлен,86306621.13,753,85,974,965
761,1986-05-14 05:05:47.283002,,отменен,28134042.34,196,405,704,1000
762,1995-12-14 03:05:57.113392,,отменен,38547602.25,495,706,867,229
763,1976-02-25 23:26:04.633859,,создан,17521700.50,603,400,631,853
764,1983-07-05 00:34:39.654637,1983-07-21 00:34:39.654637,доставлен,65778965.98,633,552,488,837
765,2019-08-16 16:54:30.388896,,отправлен,67176359.59,181,140,300,742
766,2008-10-16 22:51:45.628572,,создан,43829397.68,931,978,364,133
767,1995-12-09 18:51:05.466015,,создан,88204857.69,878,240,534,311
768,1988-11-12 14:18:50.062640,,отменен,29005654.87,107,721,302,820
769,2020-10-30 07:47:50.181148,,создан,86040482.85,248,131,613,413
770,2013-12-01 22:10:09.817645,2013-12-28 22:10:09.817645,доставлен,87423031.18,963,242,117,339
771,1973-12-29 17:00:56.227007,,создан,91023444.71,154,123,97,47
772,1988-12-01 11:36:16.183033,,отправлен,72806726.47,962,1000,638,11
773,2008-11-20 14:01:48.193116,2008-11-25 14:01:48.193116,доставлен,68672968.84,218,530,213,95
774,2020-02-12 02:11:36.163137,,отправлен,15618474.58,967,844,9,861
775,1990-12-25 16:24:36.115281,,отменен,27455449.17,313,461,775,73
776,1971-12-15 23:03:26.342173,1972-01-11 23:03:26.342173,доставлен,79598852.70,318,32,708,311
777,1981-07-20 23:55:09.210267,,отменен,17752914.05,940,917,415,270
778,1989-06-25 05:15:10.381431,,отправлен,39924002.75,728,292,501,214
779,1974-10-27 06:33:01.237840,,отправлен,47828590.13,849,193,688,530
780,2010-10-25 12:13:48.881588,2010-11-16 12:13:48.881588,доставлен,32608121.38,71,94,528,75
781,1983-09-06 05:24:25.063551,,создан,10919213.88,581,898,457,85
782,1994-08-26 13:09:14.867490,,создан,10700276.52,489,342,455,408
783,1985-05-11 04:58:50.557898,,отправлен,16102294.15,337,654,525,868
784,2001-07-27 06:37:04.353724,,отправлен,82295070.77,275,292,974,275
785,2014-06-22 20:43:50.261993,,создан,59985896.49,879,420,594,250
786,2022-06-20 22:00:28.295594,,отменен,95788899.71,519,578,625,454
787,2009-08-07 23:55:56.221685,,отправлен,79392512.01,709,876,746,56
788,1991-08-15 16:09:01.015077,1991-09-10 16:09:01.015077,доставлен,34273386.90,840,759,455,516
789,2020-10-12 14:50:20.824324,,отменен,23874425.32,516,627,412,170
790,1990-08-14 10:12:31.459282,,создан,34833792.22,814,831,263,998
791,2012-11-08 07:41:52.611172,,создан,65616807.91,557,889,267,43
792,1976-03-15 15:52:59.041602,,отправлен,60417694.57,596,147,988,650
793,2005-06-07 11:40:57.363242,,отправлен,18924391.41,66,569,419,314
794,1998-02-16 05:56:01.568719,,отменен,67694738.56,230,306,265,132
795,2014-12-22 10:22:09.706412,,отменен,15793596.30,145,6,981,700
796,1970-03-04 21:51:24.952671,,создан,39575316.83,639,306,14,312
797,1979-10-31 15:07:31.588745,,отменен,65368347.94,579,408,152,711
798,1995-04-13 07:09:08.820358,1995-04-27 07:09:08.820358,доставлен,78895242.15,919,128,245,241
799,1973-12-14 22:43:22.334661,1973-12-21 22:43:22.334661,доставлен,23777467.32,832,963,244,624
800,2000-08-17 05:44:22.100357,,отправлен,11603200.67,637,745,433,377
801,2011-05-21 08:07:51.799180,,отменен,57000500.21,304,908,293,21
802,2019-05-23 14:58:49.694234,,создан,25069739.89,357,42,975,847
803,2005-08-08 10:14:53.444001,,отправлен,15693154.28,741,286,265,855
804,1990-06-11 13:02:37.300926,,отправлен,12846366.28,116,136,320,118
805,2022-12-09 16:56:16.378587,,отправлен,56310006.02,931,273,279,891
806,1992-09-18 07:21:25.019657,,отправлен,64784674.06,859,309,470,87
807,2019-08-27 23:16:56.106056,,создан,24602866.74,177,762,268,752
808,2023-11-07 11:59:08.835166,,отменен,37880481.09,963,460,386,487
809,1978-06-26 10:53:16.396144,,создан,43145261.59,256,731,697,391
810,2020-10-06 13:23:35.621134,,отправлен,10384429.85,345,937,4,587
811,1983-10-28 04:36:38.518998,,создан,86320103.72,109,98,336,940
812,1990-07-05 01:34:59.262358,1990-07-28 01:34:59.262358,доставлен,81063938.35,916,908,803,634
813,1982-08-25 12:01:25.575828,,отправлен,79489885.74,73,688,370,164
814,2007-05-01 20:09:48.819898,,отменен,93995222.43,980,575,640,831
815,1975-03-11 18:13:46.652004,,отменен,14607263.07,435,894,329,515
816,2012-12-10 11:41:21.332981,,создан,13645827.63,762,966,936,348
817,2007-06-05 09:43:20.179062,,отменен,32373176.33,884,109,337,994
818,2013-01-10 00:31:43.238023,2013-01-28 00:31:43.238023,доставлен,91082695.98,599,348,551,742
819,2001-12-08 17:04:47.613898,,отправлен,37418316.27,577,378,364,474
820,2004-05-07 15:48:35.784747,,создан,40575823.02,182,90,427,939
821,2004-07-05 13:11:35.094241,2004-07-20 13:11:35.094241,доставлен,61447732.88,639,261,137,725
822,1987-01-21 07:33:22.793857,,отменен,36404100.83,283,933,395,77
823,1998-10-31 06:09:19.056104,,отменен,49120992.21,920,261,929,737
824,2022-05-07 09:42:34.099854,,создан,57197887.53,339,299,385,112
825,2016-08-16 04:48:53.768797,,создан,73291223.95,568,79,32,444
826,1970-04-27 20:17:49.656100,,создан,71512057.89,365,486,9,193
827,1983-01-05 00:06:23.140140,,отменен,65975288.75,819,97,840,376
828,2014-11-10 16:21:17.676144,,создан,54907736.56,250,605,436,878
829,2000-06-21 21:17:22.701558,,отправлен,66826251.09,190,872,946,82
830,1983-04-23 20:39:02.028601,,создан,36047113.07,376,432,436,516
831,2021-07-08 13:55:07.693335,,создан,74079672.23,288,401,766,193
832,1971-03-04 16:48:27.401056,,отправлен,97486051.06,3,404,509,830
833,2016-05-08 14:36:43.687037,,отправлен,42637183.59,920,304,667,689
834,2009-03-25 13:15:52.534362,,отправлен,24342353.73,614,132,9,357
835,1977-06-27 06:43:19.832981,,создан,22979182.78,288,605,517,537
836,1989-05-12 03:17:28.727898,1989-05-29 03:17:28.727898,доставлен,66742908.50,245,235,159,965
837,2022-01-29 00:49:39.826836,,отменен,12874387.49,513,777,563,575
838,1984-12-02 01:39:24.060960,1984-12-12 01:39:24.060960,доставлен,99029053.50,229,672,358,853
839,2014-11-22 00:14:40.716879,2014-12-03 00:14:40.716879,доставлен,18310479.89,670,616,560,536
840,1988-08-14 06:48:51.771331,1988-08-29 06:48:51.771331,доставлен,65745608.80,454,414,608,970
841,1973-12-21 03:51:23.071213,,отправлен,41696464.64,555,801,119,815
842,1974-03-01 04:05:23.512801,,отменен,34237063.75,204,723,248,769
843,1986-01-03 23:46:04.790785,1986-01-24 23:46:04.790785,доставлен,74013993.14,513,576,426,375
844,2019-05-09 12:11:37.583612,,отменен,33228868.32,953,642,819,369
845,1997-05-20 16:59:21.609445,,отправлен,11906081.58,373,890,213,644
846,2007-07-20 02:41:45.206959,,отменен,92875212.69,617,578,313,980
847,1982-04-24 02:05:16.425621,,отменен,24428246.86,219,10,349,890
848,2011-05-02 10:34:48.827559,,создан,87828976.44,820,7,985,863
849,2011-08-05 01:12:24.045466,,создан,56102287.14,232,359,522,848
850,2008-06-29 17:20:47.622254,2008-07-11 17:20:47.622254,доставлен,93166759.32,793,747,416,492
851,1975-02-14 08:40:36.384603,,отменен,90547285.77,481,115,34,176
852,1996-05-29 20:23:03.708313,,создан,25022734.66,557,907,372,802
853,1973-02-19 20:50:14.028761,,создан,11097661.49,150,698,458,169
854,2001-01-31 08:15:23.860590,,отменен,87839049.63,289,300,415,833
855,2000-11-17 19:13:24.127046,,отменен,41247460.48,833,565,476,970
856,2003-05-06 19:41:08.516499,,отменен,67638153.32,927,232,719,222
857,1994-07-23 01:30:11.675111,,создан,51034929.96,576,416,642,543
858,2013-07-16 05:58:24.121638,,отменен,70925196.06,282,472,205,972
859,1973-01-31 11:26:35.910064,1973-03-01 11:26:35.910064,доставлен,73075392.46,444,671,782,544
860,2008-09-23 21:14:19.411897,,отменен,95237752.92,370,228,535,75
861,1998-11-19 08:00:32.415300,,создан,21542024.26,984,556,923,38
862,2005-09-22 03:56:19.277957,,отменен,18097216.64,580,873,525,544
863,1978-09-07 08:26:26.986990,,отменен,51898536.50,140,193,945,375
864,2007-06-12 19:25:07.091177,2007-06-15 19:25:07.091177,доставлен,57247388.61,151,241,53,391
865,2006-04-14 04:06:01.810945,,создан,42491819.78,753,981,125,765
866,2010-12-22 15:29:11.420646,2011-01-07 15:29:11.420646,доставлен,37268292.83,359,395,119,280
867,2019-04-02 22:05:31.330404,,отправлен,81091376.40,152,5,560,363
868,2000-09-20 21:40:37.298172,,отменен,62385345.52,432,525,882,162
869,2010-01-12 11:06:52.833503,,отправлен,43508068.95,889,324,264,910
870,1995-04-28 17:20:50.856372,,отправлен,81795188.58,442,688,182,275
871,2010-01-06 14:01:46.690982,2010-01-28 14:01:46.690982,доставлен,23825538.50,289,156,431,111
872,2003-02-15 20:18:16.621537,,создан,80354504.65,185,837,159,733
873,2021-05-28 22:56:09.415454,,отправлен,37937828.07,847,798,818,604
874,2002-01-10 09:39:04.361689,2002-01-28 09:39:04.361689,доставлен,19860675.37,290,718,213,920
875,2016-11-23 10:41:58.726660,2016-12-18 10:41:58.726660,доставлен,42138447.13,918,562,104,61
876,1988-09-11 18:53:22.377255,,отменен,83875477.66,198,527,384,76
877,1984-02-15 04:57:18.532720,,отправлен,71493461.97,72,463,946,403
878,1982-12-01 05:21:16.316113,,отправлен,83363503.23,335,702,41,935
879,2014-08-12 06:09:47.732556,,отменен,47759289.76,159,736,366,599
880,1988-07-10 16:04:41.157117,,отправлен,43751711.94,170,618,89,292
881,1971-06-16 17:09:11.405081,,создан,36008502.80,727,721,964,275
882,2020-07-12 11:39:44.666152,,создан,96633873.56,956,761,546,339
883,2002-09-06 02:02:17.822981,,отменен,18254758.45,60,851,19,355
884,2022-08-01 14:40:35.557819,,создан,71914316.50,188,377,992,199
885,1994-01-03 02:46:41.276899,,создан,22062478.85,470,951,981,587
886,1974-06-22 15:26:05.497244,,создан,18478654.19,256,234,472,720
887,1978-08-02 04:00:12.395620,,отменен,10254054.29,338,915,356,250
888,1970-07-18 03:42:21.647552,1970-08-15 03:42:21.647552,доставлен,73154086.27,725,531,996,417
889,1978-12-01 09:08:04.719002,1978-12-08 09:08:04.719002,доставлен,44497506.65,848,773,787,46
890,1999-10-07 10:42:43.448692,1999-10-26 10:42:43.448692,доставлен,68137492.61,775,831,94,121
891,1978-11-14 17:56:20.735579,1978-11-30 17:56:20.735579,доставлен,79162016.15,725,67,509,891
892,1970-08-24 08:23:16.827877,1970-09-08 08:23:16.827877,доставлен,26662865.68,918,169,227,599
893,2003-02-03 05:01:28.054898,2003-02-05 05:01:28.054898,доставлен,80014410.81,685,175,691,465
894,1997-07-06 13:29:01.662689,1997-07-10 13:29:01.662689,доставлен,90479470.76,404,330,670,150
895,2002-04-06 12:32:50.841172,,создан,93226079.19,345,825,125,779
896,1995-05-07 20:53:58.840326,,создан,41407327.96,824,477,383,418
897,2023-03-03 02:36:47.768227,,отменен,85423799.71,995,185,952,105
898,1977-06-15 02:14:33.882991,,создан,54624980.81,330,266,551,178
899,1992-07-06 21:07:01.937524,,создан,21736518.01,598,9,473,579
900,2005-06-03 20:08:26.725688,2005-06-20 20:08:26.725688,доставлен,98205905.62,914,66,245,441
901,2013-10-13 12:39:26.908212,,отменен,28281945.88,659,424,282,437
902,2015-07-05 23:41:19.263582,,отправлен,56438745.44,749,745,223,360
903,2010-08-29 16:28:20.273985,,отменен,49999263.82,731,572,946,323
904,1975-10-03 15:35:21.046146,,отменен,90621969.44,127,838,19,75
905,2014-09-07 18:24:10.882036,,создан,41576252.41,792,835,201,516
906,2013-02-21 11:28:17.322867,,создан,48014785.87,521,200,999,943
907,1978-01-14 14:47:11.794849,,отправлен,55349783.54,650,748,952,518
908,1977-06-08 16:25:51.598254,,отправлен,35208296.11,65,832,749,935
909,2006-03-15 11:21:24.007166,,отменен,65291374.93,330,723,992,483
910,1990-08-13 20:32:41.074138,,отменен,91294517.96,405,647,875,450
911,2002-05-30 21:08:43.915439,,создан,20600400.08,563,951,338,884
912,1992-10-29 23:01:12.724413,,отменен,87996665.91,872,73,882,536
913,1992-05-04 15:05:11.294118,1992-05-21 15:05:11.294118,доставлен,32328751.66,427,468,392,624
914,1989-01-31 12:05:07.172186,,создан,90426519.65,922,472,691,424
915,2020-04-29 12:28:08.613557,,создан,83627625.21,735,522,876,732
916,1992-05-18 06:58:47.100628,1992-06-04 06:58:47.100628,доставлен,73286196.90,786,454,423,420
917,1974-10-29 16:17:25.973465,1974-11-21 16:17:25.973465,доставлен,25348732.45,386,740,968,584
918,1994-03-23 01:40:03.391593,1994-04-14 01:40:03.391593,доставлен,37577128.05,575,43,455,780
919,1979-06-09 16:20:59.645078,,отменен,67358459.47,398,758,341,12
920,1996-07-24 13:10:18.143600,1996-08-05 13:10:18.143600,доставлен,20167348.69,24,325,233,35
921,2001-06-29 18:01:22.400094,,отправлен,93459863.98,239,169,874,547
922,2007-12-03 23:13:13.527889,2007-12-31 23:13:13.527889,доставлен,87971331.90,786,920,266,11
923,1988-03-06 01:27:50.791545,,создан,41571659.50,103,782,799,360
924,1975-08-13 02:03:28.208307,1975-08-20 02:03:28.208307,доставлен,82324415.77,650,807,436,949
925,2021-04-10 16:03:34.843398,,отменен,39093217.24,764,187,117,207
926,2009-05-12 10:31:42.892948,,создан,48525395.53,112,227,607,857
927,2002-10-26 16:54:18.009699,,отправлен,77467992.05,590,48,981,146
928,2011-05-29 11:28:16.651919,2011-06-13 11:28:16.651919,доставлен,99328004.45,596,181,91,167
929,1975-11-25 17:27:50.803652,,отменен,97525244.10,114,613,86,513
930,1974-02-04 07:26:46.460222,,отменен,48960643.87,381,971,903,408
931,1995-08-31 04:04:11.887239,,отменен,55179948.76,888,893,282,965
932,2020-06-24 22:35:13.956868,2020-06-25 22:35:13.956868,доставлен,26829039.25,783,505,659,738
933,1972-10-17 05:38:24.276298,,отменен,31405659.73,847,48,168,954
934,2001-08-02 10:14:11.860255,2001-08-26 10:14:11.860255,доставлен,62914300.42,82,549,439,668
935,1996-07-31 06:40:07.239194,,отменен,16655981.68,860,898,766,402
936,1993-07-01 15:38:48.253076,,создан,15073608.35,598,170,252,49
937,1988-03-16 23:07:51.930287,,отправлен,47340084.74,503,590,981,521
938,1999-09-16 04:06:50.820552,1999-10-03 04:06:50.820552,доставлен,63302656.76,529,337,531,145
939,1977-04-23 12:55:31.585484,,создан,73200571.00,507,163,398,391
940,1996-08-01 05:19:34.342531,,отправлен,48316146.18,15,77,370,899
941,2014-05-07 23:17:01.219464,2014-05-13 23:17:01.219464,доставлен,79790668.48,285,941,84,541
942,1985-03-21 10:14:56.324753,1985-03-28 10:14:56.324753,доставлен,95169427.10,570,27,456,808
943,2001-01-14 05:05:15.648316,,создан,82712841.06,118,28,917,85
944,2023-01-23 22:42:18.122785,,создан,78129429.39,378,929,324,514
945,2005-06-22 14:56:16.485450,,создан,88974248.05,553,918,271,290
946,2021-07-10 03:23:23.064915,2021-07-25 03:23:23.064915,доставлен,54871771.74,379,987,279,81
947,1984-08-01 01:52:17.724694,1984-08-07 01:52:17.724694,доставлен,89654010.57,594,1,677,220
948,1978-10-25 06:31:12.056348,,создан,27436261.76,85,641,818,548
949,1997-10-25 13:43:47.736804,1997-10-31 13:43:47.736804,доставлен,77961272.85,489,177,329,665
950,1999-10-29 08:45:54.456571,1999-11-15 08:45:54.456571,доставлен,29903556.78,583,494,92,890
951,2000-05-07 15:40:00.709514,,создан,53278222.14,620,294,503,662
952,2001-06-12 16:15:20.310888,,отправлен,25368426.71,604,233,405,3
953,2007-04-14 08:20:45.685346,2007-04-21 08:20:45.685346,доставлен,22293593.17,699,675,506,373
954,1972-03-07 02:21:32.013435,,отправлен,52130213.96,977,36,567,46
955,2017-03-10 16:32:02.829772,,отменен,51208381.32,653,8,325,539
956,1983-12-24 11:59:05.386184,,отменен,47453582.06,685,286,529,861
957,2000-05-03 10:19:18.204138,,отправлен,53020091.94,853,810,623,979
958,2020-01-28 09:00:39.098039,,отменен,75597447.77,3,433,674,753
959,2012-06-01 01:55:32.060932,,создан,49433071.98,54,686,18,907
960,2007-05-01 16:21:04.658113,2007-05-18 16:21:04.658113,доставлен,84753136.84,178,344,758,191
961,1970-11-24 12:10:12.706464,,отменен,67054596.74,857,617,627,998
962,1993-01-05 22:09:38.044310,,отменен,18377772.76,980,380,329,8
963,2024-03-10 09:50:34.190690,,отменен,14713139.93,166,862,347,64
964,1984-02-04 13:03:06.724016,1984-02-21 13:03:06.724016,доставлен,91694302.75,930,289,959,437
965,2017-02-05 21:07:31.313312,2017-02-25 21:07:31.313312,доставлен,68263823.86,976,935,86,363
966,2021-04-21 21:59:54.937321,,отправлен,97490254.02,708,148,961,359
967,2007-08-03 00:33:39.696013,,отправлен,43220050.01,236,498,302,485
968,1985-12-30 20:02:09.746993,,отменен,44097548.81,318,698,626,914
969,1994-02-25 03:42:25.129604,1994-03-21 03:42:25.129604,доставлен,88521504.51,325,534,800,90
970,2002-02-08 13:59:16.987469,2002-02-26 13:59:16.987469,доставлен,15571411.18,422,889,92,357
971,1987-11-19 02:24:08.909160,,отправлен,44198133.64,779,124,226,922
972,1984-03-03 07:08:10.538147,,отменен,17289422.28,470,828,563,16
973,1971-10-16 03:52:11.728104,,отправлен,43426384.44,940,326,179,536
974,1977-10-31 08:19:40.150375,1977-11-11 08:19:40.150375,доставлен,99975874.58,578,276,161,51
975,1979-12-09 18:59:45.963928,1979-12-20 18:59:45.963928,доставлен,14850332.19,384,60,92,694
976,1973-09-23 03:21:27.335447,,отправлен,35200962.99,314,829,340,407
977,2004-02-22 09:11:18.297497,2004-03-16 09:11:18.297497,доставлен,68179237.36,923,646,828,650
978,1992-02-29 08:33:31.731553,,отменен,65809352.21,941,667,975,733
979,2020-06-25 22:24:15.577903,2020-07-24 22:24:15.577903,доставлен,89626901.08,629,260,455,190
980,2004-11-03 00:00:42.926760,2004-11-20 00:00:42.926760,доставлен,77023629.42,318,743,591,494
981,1980-05-29 08:10:48.116630,,создан,84951141.69,682,738,321,28
982,1978-10-30 10:12:16.050779,,отправлен,11908790.97,759,940,261,413
983,2023-01-15 22:22:38.976785,,отменен,47310296.65,786,951,406,173
984,2002-01-10 19:09:45.544473,,отправлен,93220564.63,393,73,53,847
985,1992-11-22 18:49:48.778094,1992-11-29 18:49:48.778094,доставлен,88960134.19,681,909,139,169
986,1975-04-23 04:58:07.778603,,отменен,74115462.57,141,901,929,483
987,2022-01-07 09:37:15.428906,2022-01-21 09:37:15.428906,доставлен,57631608.84,139,91,252,118
988,1999-04-19 23:22:40.337374,,создан,47456805.82,280,214,52,11
989,1973-03-27 02:06:10.249699,1973-04-09 02:06:10.249699,доставлен,45458831.74,591,532,772,305
990,1971-10-21 01:02:57.367938,,отправлен,84292197.57,374,463,629,600
991,1998-08-28 22:55:10.606306,,отправлен,43601876.54,184,798,722,713
992,1991-01-14 02:25:16.838848,1991-01-21 02:25:16.838848,доставлен,77834504.93,118,721,916,105
993,1986-03-05 02:02:33.610579,,отменен,61522427.08,812,816,439,676
994,2021-01-06 12:17:52.940288,,создан,51583054.15,291,591,507,502
995,1983-07-09 18:56:42.795964,1983-08-05 18:56:42.795964,доставлен,54058144.86,637,389,55,962
996,1998-11-07 06:20:17.850220,,отменен,11005753.82,958,285,799,665
997,1982-09-01 09:51:45.301287,,отправлен,80796122.43,352,789,461,919
998,2009-06-19 01:30:02.492661,2009-07-04 01:30:02.492661,доставлен,52366472.78,590,398,180,994
999,1985-09-30 06:13:10.265059,1985-10-23 06:13:10.265059,доставлен,12444045.13,313,844,144,571
1000,2021-06-05 06:26:25.500112,,создан,85693380.71,629,306,964,552
