order_id,item_name,quantity
1,наткнуться,43
1,тусклый,43
1,жидкий,70
1,призыв,9
1,что,8
1,терапия,86
1,правый,81
1,манера,25
1,вскакивать,66
2,песенка,73
2,основание,20
2,беспомощный,31
2,уронить,61
2,отражение,66
2,трубка,90
2,лететь,50
3,четко,16
3,важный,52
3,природа,97
3,материя,79
3,карандаш,52
3,хлеб,99
3,скрытый,96
3,возмутиться,63
3,понятный,27
4,торопливый,23
4,развитый,73
4,неправда,27
4,пропадать,69
4,спешить,67
4,дыхание,32
4,возможно,68
4,низкий,80
4,заработать,95
4,потрясти,31
5,один,38
5,очередной,4
5,совет,9
5,заведение,40
5,недостаток,26
5,одиннадцать,75
5,мрачно,24
6,смелый,46
6,функция,58
6,мелочь,47
7,салон,69
7,подземный,98
7,триста,66
7,неправда,87
7,бак,6
7,боец,49
8,решетка,38
8,вариант,19
8,издали,85
8,бочок,22
8,проход,75
8,светило,76
8,эффект,32
9,ломать,74
9,мелочь,3
9,актриса,28
9,новый,94
9,редактор,57
9,бабочка,83
9,вчера,25
9,применяться,56
9,через,38
10,гулять,95
10,неожиданно,5
11,манера,29
11,социалистический,47
11,призыв,11
12,миф,58
12,один,90
13,налево,39
13,вскинуть,38
13,возникновение,44
13,холодно,35
13,сынок,34
14,полностью,10
14,пастух,91
14,граница,70
14,редактор,69
14,картинка,53
14,валюта,3
14,плавно,71
14,природа,100
15,совет,88
15,штаб,14
15,близко,72
15,тюрьма,98
16,сынок,71
16,более,57
16,естественный,11
16,трубка,55
16,миф,21
16,скользить,34
17,эпоха,20
18,налоговый,33
18,мучительно,43
18,командование,17
18,песенка,43
18,командир,33
19,торговля,47
19,дружно,85
20,передо,52
20,прежний,17
20,бровь,96
21,кузнец,77
21,спорт,26
21,увеличиваться,21
22,правление,66
22,слать,14
22,написать,83
22,правильный,22
23,неправда,8
23,тюрьма,19
23,штаб,20
23,спешить,46
23,порт,34
23,задержать,39
23,научить,14
23,вообще,47
23,анализ,11
23,картинка,54
24,фонарик,96
24,ярко,18
24,висеть,1
24,вскинуть,68
24,вряд,86
24,граница,58
24,роса,99
25,желание,14
26,покинуть,41
26,куча,44
26,тусклый,5
26,жидкий,54
27,дальний,50
27,палец,49
27,горький,88
28,рот,36
28,налоговый,79
28,носок,11
28,коричневый,87
28,кидать,3
28,подземный,98
28,лапа,31
29,дурацкий,78
29,мера,80
29,инструкция,34
29,спешить,76
29,художественный,83
29,ленинград,54
29,аж,17
30,падаль,15
30,совет,96
30,мелочь,25
30,коричневый,27
30,совещание,96
30,район,48
30,бок,49
31,космос,3
31,пасть,12
31,рота,57
31,демократия,60
32,издали,40
32,прежде,71
32,бок,99
33,спорт,30
33,торопливый,75
33,холодно,8
33,приходить,2
33,заработать,51
34,написать,81
34,приятель,9
34,устройство,26
34,миг,60
34,доставать,54
34,ботинок,65
34,спичка,35
34,деньги,49
34,товар,4
35,инструкция,22
35,порог,43
35,встать,31
35,командир,14
35,налоговый,53
35,команда,45
35,пересечь,26
36,направо,86
37,человечек,78
37,видимо,79
37,сбросить,7
37,заявление,79
37,господь,59
37,боец,75
37,витрина,76
37,мгновение,56
37,плясать,34
38,изменение,64
38,увеличиваться,29
38,пропаганда,86
38,угодный,9
38,хотеть,66
38,рассуждение,92
38,дружно,1
39,научить,86
39,редактор,65
40,видимо,83
40,назначить,85
40,зима,3
40,район,49
40,бок,16
40,провал,62
40,неожиданно,73
40,ботинок,46
41,посвятить,96
41,сомнительный,36
41,трясти,25
41,изба,7
41,собеседник,91
41,торопливый,97
41,доставать,4
42,второй,31
42,написать,35
42,возникновение,71
42,каюта,70
43,актриса,65
43,рабочий,8
43,неправда,51
43,витрина,97
44,зачем,28
44,неправда,35
44,смертельный,16
44,премьера,42
44,означать,11
44,встать,37
45,реклама,73
45,заявление,71
45,ведь,59
45,более,66
45,рис,31
45,сохранять,19
45,пространство,36
45,механический,84
45,слать,95
45,пространство,17
46,сбросить,68
46,бегать,87
46,крыса,34
46,точно,4
46,единый,94
46,невыносимый,82
46,интернет,80
46,падать,17
46,зато,97
46,наступать,13
47,анализ,2
47,мусор,54
47,ложиться,24
47,скрытый,85
47,солнце,94
47,забирать,12
47,белье,41
47,каюта,5
47,слишком,6
48,страсть,30
48,академик,7
48,медицина,80
48,изменение,50
48,четыре,60
48,изменение,80
48,потом,2
48,сынок,73
49,редактор,75
49,понятный,15
49,другой,29
49,вперед,84
49,роскошный,6
50,выраженный,88
50,гулять,22
50,господь,4
50,прошептать,7
50,пропадать,56
50,космос,17
50,волк,89
50,бетонный,96
50,магазин,92
51,недостаток,93
52,полоска,81
52,плясать,43
52,трясти,78
52,падаль,1
53,миг,65
53,выгнать,18
53,посвятить,37
53,картинка,74
53,еврейский,80
53,помолчать,21
53,дремать,51
53,сбросить,32
53,свежий,38
53,угроза,92
54,витрина,74
55,устройство,25
55,потом,16
55,редактор,70
55,светило,30
56,упор,87
56,добиться,57
56,сравнение,62
56,ныне,15
57,академик,44
57,угроза,95
57,посвятить,29
57,поезд,58
58,сходить,4
58,монета,56
58,счастье,99
58,вряд,51
58,райком,79
59,место,31
59,инструкция,30
59,скрытый,69
59,школьный,8
59,естественный,32
59,применяться,85
59,господь,54
59,умирать,61
59,очко,80
60,поздравлять,23
60,пересечь,70
60,затянуться,83
60,изображать,80
60,неудобно,96
60,штаб,51
60,вытаскивать,93
60,горький,64
61,число,56
61,слать,59
62,запустить,81
63,возникновение,41
64,изображать,59
64,доставать,16
64,роскошный,65
64,недостаток,16
64,природа,79
64,коммунизм,65
64,прелесть,69
64,важный,35
64,затянуться,49
65,медицина,63
65,полюбить,49
66,теория,53
66,голубчик,48
66,плясать,10
66,бабочка,42
66,неправда,30
66,заявление,100
66,поставить,45
66,командование,38
67,руководитель,5
67,собеседник,84
67,бригада,2
67,беспомощный,24
67,естественный,20
67,мрачно,74
68,социалистический,75
68,плод,2
68,торговля,62
69,дружно,10
69,при,44
69,житель,5
69,смелый,30
69,отметить,56
70,шлем,72
70,пламя,70
70,сомнительный,62
70,рот,37
70,еврейский,17
70,другой,96
70,карман,72
71,терапия,6
71,висеть,77
71,миф,31
71,промолчать,33
71,тревога,51
71,увеличиваться,87
71,коричневый,93
71,печатать,52
72,головка,33
72,растеряться,39
72,парень,3
72,прелесть,37
73,выбирать,77
73,тревога,50
73,направо,92
73,наступать,59
73,поколение,85
73,факультет,15
73,второй,30
73,присесть,20
73,более,75
73,полоска,54
74,исследование,18
74,рота,96
74,деньги,20
74,зато,23
74,дальний,86
74,функция,83
74,снимать,84
74,пламя,1
74,близко,88
75,солнце,95
75,правый,10
75,эффект,34
75,армейский,27
76,костер,73
76,полюбить,51
76,девка,11
76,дремать,18
77,нажать,100
77,прощение,13
77,гулять,81
77,факультет,82
77,монета,37
77,карандаш,6
77,покидать,46
77,князь,50
78,выгнать,19
78,построить,9
78,вздрогнуть,56
78,недостаток,80
78,изредка,68
78,спасть,46
78,четыре,56
78,пропаганда,82
79,школьный,11
79,лететь,96
79,тяжелый,44
79,жить,10
79,витрина,72
80,механический,13
80,художественный,99
80,исследование,56
80,деловой,48
80,палец,59
80,господь,100
80,о,18
80,хотеть,31
81,головка,25
81,жестокий,45
81,очутиться,4
81,ночь,23
81,уронить,93
81,терапия,8
81,четыре,79
81,сопровождаться,30
81,чувство,24
81,нервно,9
82,банда,25
82,банда,56
82,спорт,56
82,редактор,37
82,привлекать,16
82,потянуться,89
82,ягода,32
82,важный,99
82,естественный,87
82,похороны,8
83,теория,56
83,конференция,69
83,войти,98
83,бочок,77
83,парень,74
83,миг,38
83,применяться,84
83,головной,2
83,освободить,28
83,выразить,35
84,господь,71
84,монета,12
84,неожиданный,74
84,кпсс,8
84,витрина,39
84,легко,73
85,подземный,23
85,песенка,60
85,слать,39
85,привлекать,92
86,изменение,45
86,другой,32
87,правление,23
87,витрина,57
87,ложиться,16
87,исполнять,54
87,скользить,28
87,карман,9
87,пятеро,46
87,призыв,3
88,возникновение,8
88,порода,65
88,беспомощный,59
88,способ,45
88,проход,73
88,самостоятельно,65
88,разнообразный,43
89,выкинуть,58
89,горький,7
89,выбирать,13
89,пространство,89
89,манера,82
89,пламя,42
90,промолчать,11
90,услать,20
90,плясать,39
90,ныне,87
90,изменение,31
90,неожиданный,45
90,хлеб,60
90,расстройство,48
90,слишком,38
90,банк,26
91,сутки,78
91,освободить,75
91,аж,56
91,функция,28
91,какой,60
92,мера,80
92,близко,38
93,жидкий,51
93,товар,12
93,нервно,67
93,недостаток,10
93,миг,73
93,поезд,92
93,плясать,38
93,да,91
93,рай,24
94,желание,16
94,командующий,69
94,темнеть,81
94,прежний,18
94,инфекция,34
94,число,64
94,инструкция,2
94,банда,88
95,заявление,3
95,бетонный,18
95,спалить,72
95,приходить,67
95,применяться,90
95,художественный,46
95,один,96
95,инвалид,72
95,плод,51
95,штаб,17
96,посвятить,48
96,банк,57
96,перебивать,44
96,упорно,16
96,назначить,80
96,миф,67
96,крутой,91
96,счастье,44
96,казнь,5
97,пробовать,22
97,кузнец,50
98,заработать,4
99,июнь,33
99,монета,55
99,полюбить,85
99,изучить,94
99,близко,77
100,висеть,82
100,растеряться,71
100,непривычный,4
100,страсть,26
100,освободить,93
100,выраженный,12
100,князь,49
100,реклама,38
101,смеяться,2
101,низкий,56
101,тяжелый,46
101,адвокат,17
101,проход,67
102,экзамен,3
102,отдел,13
102,военный,47
102,иной,24
103,налоговый,55
103,славный,49
103,правильный,90
103,новый,74
104,передо,9
104,поговорить,82
104,потрясти,23
104,дыхание,37
104,назначить,88
104,самостоятельно,74
104,заявление,87
104,торговля,2
104,похороны,100
104,неправда,43
105,войти,85
105,спалить,52
105,естественный,70
105,анализ,96
105,куча,93
105,четко,6
105,выраженный,12
105,похороны,59
106,художественный,97
106,сустав,35
107,кидать,76
107,спешить,65
107,дрогнуть,97
107,факультет,89
108,цвет,59
108,видимо,65
108,спорт,81
108,жидкий,2
108,рот,95
108,изменение,10
108,правый,66
108,выраженный,92
108,применяться,37
109,через,29
109,посвятить,9
110,дьявол,4
111,инвалид,97
111,болото,99
112,следовательно,26
112,миф,96
112,вздрагивать,9
113,уронить,65
113,картинка,54
113,ребятишки,50
113,что,89
114,куча,73
114,правильный,61
114,зато,8
114,шлем,91
114,кузнец,63
114,реклама,23
114,танцевать,92
114,функция,72
115,достоинство,39
115,пасть,37
115,столетие,12
116,цепочка,93
116,следовательно,53
116,еврейский,86
116,вчера,95
116,основание,48
116,достоинство,34
116,встать,3
116,дремать,86
116,коммунизм,51
117,левый,62
117,через,38
117,выкинуть,50
117,расстройство,29
117,помолчать,17
117,расстройство,60
117,куча,40
117,спорт,20
117,печатать,89
117,тяжелый,41
118,жидкий,16
118,бетонный,84
118,чувство,41
118,стакан,92
118,заработать,23
118,валюта,76
118,механический,30
118,более,83
119,хотеть,57
119,равнодушный,40
119,зарплата,57
120,издали,30
120,вздрагивать,58
120,рассуждение,6
120,прежний,80
120,невыносимый,67
121,терапия,95
121,дорогой,96
122,командир,47
122,металл,50
122,столетие,68
122,конференция,43
123,порт,91
123,освобождение,2
123,палец,1
123,советовать,60
123,полностью,82
123,горький,46
123,назначить,65
123,прелесть,17
123,тусклый,29
123,лиловый,38
124,успокоиться,11
124,нож,48
125,недостаток,80
125,призыв,30
125,сверкающий,6
125,мимо,49
125,некоторый,74
125,решетка,62
125,написать,15
125,инструкция,7
125,девка,8
126,спорт,8
126,присесть,86
126,миллиард,57
126,палец,47
127,войти,82
127,зеленый,25
127,выбирать,82
127,житель,15
127,господь,47
127,нервно,88
127,смелый,54
127,выраженный,66
127,прежде,23
128,печатать,69
128,мучительно,54
128,успокоиться,27
128,поговорить,30
128,какой,88
128,голубчик,79
128,передо,99
128,избегать,82
128,сохранять,26
128,госпожа,3
129,задержать,40
129,демократия,61
129,висеть,55
129,рай,47
129,лиловый,2
129,задрать,84
129,отражение,20
129,горький,47
129,палец,43
129,ручей,40
130,поезд,39
130,волк,25
130,печатать,63
131,поставить,74
131,мелочь,99
131,пропадать,60
131,медицина,57
131,еврейский,67
131,поставить,31
131,издали,5
131,задержать,40
131,появление,55
132,наткнуться,49
133,банда,67
133,грустный,11
133,космос,4
133,носок,17
134,кпсс,14
134,космос,89
134,танцевать,54
134,основание,37
134,мрачно,71
134,командующий,24
135,райком,33
135,роса,50
135,команда,40
135,поколение,48
136,помолчать,65
136,добиться,10
136,теория,83
136,шлем,72
136,дорогой,45
136,затянуться,75
136,теория,98
137,падаль,93
137,ботинок,52
137,болото,7
137,изба,76
137,мотоцикл,65
137,славный,96
137,мучительно,14
137,мотоцикл,46
137,человечек,26
137,жить,61
138,ставить,1
138,основание,40
139,господь,40
139,порода,67
140,пробовать,26
140,результат,52
140,разуметься,2
140,отражение,44
140,очко,17
140,четыре,25
141,спешить,34
141,прощение,59
141,уронить,51
142,коричневый,9
142,вывести,32
142,слишком,97
142,издали,41
142,картинка,2
142,предоставить,80
142,поздравлять,16
142,более,93
142,поговорить,39
143,вытаскивать,25
143,коллектив,89
143,выдержать,66
143,порода,19
143,полюбить,71
143,мучительно,19
144,командир,74
144,помимо,26
144,наступать,94
144,порог,10
144,бабочка,81
144,угодный,96
144,горький,70
144,наступать,53
144,крутой,79
145,июнь,38
145,даль,47
145,похороны,35
145,еврейский,12
145,рассуждение,91
145,карман,17
145,забирать,32
146,опасность,82
147,исследование,72
147,ломать,65
147,тута,30
147,командир,54
147,тусклый,59
148,механический,60
148,белье,70
148,следовательно,52
148,ученый,9
148,головной,71
148,механический,80
148,желание,2
148,около,60
148,правый,100
149,новый,54
149,уточнить,55
149,дурацкий,21
149,лететь,64
149,роса,63
149,вытаскивать,68
150,манера,41
150,витрина,20
151,что,11
151,смелый,89
151,необычный,16
151,задрать,44
152,мусор,10
152,аллея,33
152,да,36
152,приятель,61
152,прощение,62
152,степь,29
153,парень,13
153,засунуть,53
153,промолчать,35
153,кольцо,5
153,пища,1
153,через,35
154,за,14
155,запретить,1
155,ручей,11
155,висеть,46
155,бак,28
155,картинка,39
155,посвятить,34
155,терапия,23
155,экзамен,54
155,изменение,32
155,деньги,84
156,дыхание,95
156,изображать,47
156,дремать,36
156,лететь,37
157,о,99
157,видимо,4
157,горький,62
157,необычный,63
157,ломать,4
157,трясти,1
158,жидкий,12
158,встать,7
158,серьезный,44
158,вывести,74
158,фонарик,33
159,деньги,58
159,о,32
159,даль,54
160,бровь,70
160,сопровождаться,20
160,точно,67
160,одиннадцать,80
160,деньги,27
160,прежний,6
160,бабочка,60
160,войти,47
160,сынок,65
160,танцевать,86
161,пасть,44
161,палата,74
161,левый,39
161,хотеть,48
161,уничтожение,14
161,горький,47
161,задержать,86
161,аллея,83
161,песня,38
161,наступать,62
162,дьявол,52
162,роскошный,91
162,через,46
162,неожиданно,36
162,невозможно,78
162,чувство,57
162,свежий,93
163,вздрогнуть,53
163,житель,58
163,полевой,59
163,конструкция,35
163,смеяться,18
163,около,67
163,пропаганда,77
163,расстегнуть,77
163,радость,39
163,кузнец,33
164,сынок,21
164,задержать,22
164,пятеро,17
164,спешить,36
164,набор,1
164,сохранять,7
164,выбирать,50
164,кидать,58
164,нож,73
164,коммунизм,9
165,покинуть,71
165,дошлый,45
165,вздрогнуть,38
165,вряд,14
165,металл,10
165,оставить,31
165,решение,11
166,пространство,79
166,что,6
166,другой,88
166,сынок,64
166,бригада,37
166,крыса,10
166,домашний,70
166,провал,75
166,художественный,63
167,триста,32
167,кпсс,61
167,протягивать,6
168,секунда,87
168,вывести,62
168,находить,95
168,строительство,4
168,поздравлять,2
169,запретить,57
169,металл,41
169,дальний,44
169,бочок,84
170,разуметься,79
170,левый,37
170,решение,8
170,четыре,92
170,наступать,36
170,ставить,89
170,поймать,85
171,выкинуть,23
171,столетие,47
171,шлем,23
171,равнодушный,10
172,тяжелый,9
172,угодный,70
172,инвалид,55
172,жестокий,60
172,постоянный,51
172,костер,49
173,избегать,20
173,район,49
173,услать,78
174,слишком,86
174,передо,40
174,сутки,92
174,сынок,36
175,услать,80
175,кузнец,42
175,пропасть,19
175,металл,27
175,рай,76
175,уточнить,21
175,вперед,55
175,рассуждение,68
176,тусклый,72
176,головка,84
176,палец,80
176,иной,38
176,правый,24
177,четыре,33
177,неправда,58
178,видимо,19
178,перебивать,45
178,выдержать,23
178,налоговый,36
179,присесть,33
179,низкий,86
179,уничтожение,55
179,рай,10
180,даль,41
180,нажать,93
180,прежний,75
180,тюрьма,89
180,ответить,35
181,мимо,79
181,дорогой,47
181,посидеть,7
181,цвет,96
181,свежий,88
181,механический,90
181,единый,25
181,вряд,13
181,армейский,91
182,академик,26
182,блин,4
182,уничтожение,77
183,хозяйка,66
183,выдержать,37
183,выгнать,80
183,миф,60
183,сопровождаться,81
183,дрогнуть,30
183,лететь,77
184,лиловый,56
184,боец,56
184,руководитель,53
184,школьный,80
185,ныне,67
185,необычный,52
185,роса,28
185,место,37
185,мягкий,13
185,грудь,58
186,нажать,57
186,даль,71
186,райком,95
186,идея,3
186,выражаться,76
186,упорно,54
186,командир,71
187,перебивать,11
187,космос,99
187,монета,50
187,похороны,28
187,пасть,36
187,отражение,96
187,перебивать,75
188,роскошный,45
188,набор,24
188,отметить,82
188,пастух,56
188,понятный,16
188,выраженный,68
188,волк,3
188,мусор,20
188,цель,90
188,спорт,29
189,грустный,42
189,научить,12
189,жить,19
189,металл,44
189,эпоха,24
189,мрачно,62
189,вздрагивать,93
189,художественный,4
189,господь,32
189,отдел,71
190,господь,2
190,волк,31
190,заложить,27
190,возможно,53
190,совет,59
190,потом,54
190,волк,46
190,равнодушный,8
190,миллиард,40
190,выбирать,36
191,рассуждение,77
191,премьера,76
191,поезд,51
191,видимо,11
191,зато,56
191,рис,36
192,желание,76
192,вздрогнуть,94
192,бак,96
192,зеленый,22
192,сверкать,22
193,отражение,2
193,вздрогнуть,62
193,картинка,20
193,рис,56
194,провинция,96
194,ручей,54
194,госпожа,66
194,цепочка,68
194,о,95
194,палата,72
195,вряд,8
195,ночь,7
196,выразить,61
196,жестокий,42
196,наслаждение,3
196,следовательно,72
196,порог,61
196,актриса,80
196,невыносимый,99
196,заявление,93
197,тревога,49
197,зарплата,87
197,госпожа,81
197,инструкция,23
197,исполнять,65
197,настать,1
197,угроза,35
198,грустный,89
198,заведение,22
198,рабочий,82
198,угодный,22
198,мелькнуть,11
198,космос,38
198,отметить,33
198,миф,98
198,расстройство,99
198,находить,87
199,торопливый,21
200,жидкий,37
200,правление,37
200,покидать,53
200,что,49
200,цепочка,32
200,что,94
201,рай,45
201,природа,95
202,лететь,8
202,тесно,21
203,девка,76
203,уточнить,100
203,цель,76
203,означать,97
203,манера,29
203,а,9
203,невозможно,33
204,банк,27
204,райком,97
204,выражаться,38
204,труп,80
204,райком,39
204,экзамен,57
205,равнодушный,23
205,сутки,55
205,понятный,51
205,хотеть,44
205,рота,6
205,пища,33
205,перебивать,7
205,мальчишка,69
205,медицина,78
205,наткнуться,31
206,висеть,14
206,медицина,89
206,ответить,94
206,важный,72
207,пламя,82
207,спичка,92
207,сынок,1
207,цвет,66
207,реклама,50
207,зеленый,68
207,жидкий,62
207,мера,76
208,передо,74
208,указанный,1
209,дошлый,26
209,виднеться,17
209,эффект,93
209,выгнать,25
209,разводить,17
210,угроза,56
211,виднеться,35
211,термин,63
211,освобождение,96
211,счастье,54
211,солнце,33
212,мальчишка,90
212,выкинуть,84
212,передо,17
212,вряд,9
212,угодный,92
212,задрать,60
212,зачем,29
212,падаль,54
213,девка,34
213,разуметься,88
213,палец,71
213,правление,18
213,сбросить,92
213,термин,59
213,угодный,90
213,страсть,93
213,ученый,60
214,передо,41
214,медицина,87
214,цвет,77
214,сравнение,76
214,актриса,14
214,помолчать,8
214,чувство,28
214,применяться,55
214,горький,42
215,медицина,25
215,совещание,36
215,грустный,8
215,гулять,58
215,протягивать,38
215,казнь,69
215,равнодушный,7
216,сверкающий,68
216,светило,95
216,покидать,82
216,постоянный,71
216,правление,62
217,актриса,44
217,увеличиваться,28
217,ягода,88
217,построить,74
217,постоянный,68
217,рассуждение,61
217,дремать,32
217,слать,2
217,тюрьма,25
218,приличный,58
218,горький,44
218,холодно,11
218,невыносимый,68
218,райком,86
218,потрясти,91
218,похороны,10
218,костер,86
218,следовательно,10
218,коммунизм,12
219,кожа,93
219,какой,92
219,жить,26
219,цель,70
219,проход,35
219,поставить,44
219,угроза,12
219,выраженный,19
219,затянуться,71
219,рот,58
220,поговорить,39
221,невозможно,12
221,вперед,90
221,палата,89
221,расстройство,73
221,способ,17
221,за,43
221,кпсс,89
222,вскакивать,26
222,сынок,7
222,тесно,17
222,природа,46
223,демократия,59
223,заложить,91
223,потянуться,37
223,господь,71
223,развитый,60
224,о,30
224,сверкать,47
224,иной,78
224,запеть,35
224,казнь,43
224,более,42
224,запустить,80
224,конструкция,34
224,решение,14
224,успокоиться,39
225,актриса,2
225,правильный,53
225,ученый,95
225,тревога,1
226,один,27
226,печатать,17
226,коробка,88
227,девка,87
227,порт,30
227,рассуждение,63
227,оставить,10
227,банк,19
227,свежий,5
227,эффект,8
227,тута,36
227,скользить,66
228,появление,21
228,кпсс,89
228,дрогнуть,32
228,пространство,31
228,зато,81
228,армейский,95
228,приятель,97
228,наткнуться,14
229,угроза,75
229,заложить,92
229,товар,92
229,вчера,37
229,славный,66
229,полностью,78
230,командир,28
230,сынок,93
230,место,16
230,поколение,66
230,редактор,25
230,инструкция,26
230,чем,72
230,наступать,37
230,приличный,67
230,построить,30
231,поставить,9
231,каюта,97
231,вздрагивать,53
231,освободить,91
231,равнодушный,71
232,торопливый,3
232,кузнец,24
232,собеседник,51
232,падать,22
232,возможно,13
232,услать,70
232,приятель,88
232,плод,93
233,цепочка,36
233,славный,94
233,выражаться,15
233,изучить,62
233,вариант,7
233,металл,60
233,плавно,81
233,головной,64
233,прежний,11
233,доставать,93
234,уточнить,55
234,аж,95
234,грудь,60
234,вздрогнуть,97
234,штаб,19
234,изменение,65
235,затянуться,9
235,инструкция,36
235,непривычный,97
236,тута,55
237,настать,66
237,поговорить,47
238,угроза,54
238,увеличиваться,77
238,правление,9
238,актриса,67
238,радость,10
239,жестокий,60
240,вряд,39
240,запустить,8
240,совещание,60
240,мучительно,95
240,руководитель,61
240,находить,70
240,трясти,65
240,мусор,95
241,приличный,49
241,советовать,100
241,спичка,10
241,домашний,56
241,деловой,72
241,бегать,39
241,командир,83
241,написать,21
241,помолчать,27
241,порт,47
242,чем,9
242,помимо,7
242,ярко,22
242,чувство,65
242,строительство,45
242,конференция,83
242,угроза,17
243,посвятить,33
243,перебивать,56
243,висеть,68
243,рабочий,91
243,число,16
243,премьера,69
243,умолять,12
243,выражаться,17
244,радость,27
245,нож,49
245,помолчать,51
245,достоинство,5
245,передо,54
245,изображать,6
245,кузнец,11
245,картинка,29
245,ремень,90
245,фонарик,4
246,неожиданный,64
246,налоговый,19
246,зима,97
246,изучить,37
246,вздрогнуть,97
246,факультет,37
246,интернет,59
246,применяться,21
246,роса,93
247,развернуться,45
247,запретить,75
247,возмутиться,62
247,правый,80
247,светило,87
247,ребятишки,41
247,неожиданный,7
247,прошептать,6
247,секунда,37
248,демократия,48
248,прошептать,39
248,холодно,5
248,карман,45
248,мрачно,98
248,недостаток,9
248,умолять,34
248,означать,22
249,школьный,23
249,отъезд,70
250,нажать,72
250,поставить,98
250,плясать,93
250,аж,47
250,покидать,84
250,тревога,95
250,желание,9
250,выбирать,64
250,проход,14
251,развернуться,50
251,палец,40
251,точно,23
251,правый,8
251,сверкающий,41
251,ученый,24
251,мимо,24
252,смертельный,75
252,совещание,57
252,сынок,3
252,отъезд,4
252,свежий,16
252,присесть,15
252,армейский,74
252,мучительно,18
253,мелочь,46
253,правление,27
253,неудобно,73
253,понятный,10
254,валюта,67
254,передо,63
254,бак,90
254,витрина,68
255,космос,83
255,сынок,22
255,ремень,55
255,тревога,51
255,ручей,88
255,выраженный,95
256,ботинок,14
256,райком,89
256,торговля,17
256,бабочка,71
256,дорогой,90
256,функция,24
257,сустав,52
257,задрать,25
257,головка,23
257,граница,97
257,выраженный,13
257,изучить,41
258,скрытый,22
258,рассуждение,43
258,прежний,23
258,покидать,62
258,коробка,44
259,художественный,47
259,мягкий,57
259,подземный,81
259,успокоиться,53
260,основание,39
261,ведь,15
261,валюта,70
261,разуметься,24
261,наслаждение,17
261,недостаток,60
261,дремать,62
261,провинция,20
262,место,23
262,князь,88
263,решение,53
263,поставить,91
263,инфекция,29
263,сынок,55
263,вообще,30
263,палец,22
264,посидеть,45
265,трясти,2
265,кожа,23
265,поколение,52
265,даль,24
265,наткнуться,41
266,плавно,24
266,руководитель,85
266,цель,38
266,премьера,37
266,запустить,29
266,товар,81
266,один,50
266,успокоиться,33
267,пастух,18
267,задержать,44
267,господь,38
267,приходить,42
267,обида,52
267,смеяться,46
267,цепочка,21
267,демократия,79
267,умирать,78
267,похороны,60
268,функция,26
268,спорт,55
268,трясти,78
268,приятель,83
268,издали,4
269,запустить,67
269,каюта,44
269,встать,24
269,мимо,95
269,предоставить,35
270,находить,55
270,парень,73
271,мера,8
271,призыв,32
271,трубка,97
271,полюбить,77
271,полевой,44
271,понятный,24
271,банда,87
271,поздравлять,44
271,пропаганда,47
271,идея,11
272,засунуть,11
272,темнеть,17
272,сынок,23
272,второй,18
273,волк,30
273,четыре,54
273,ход,35
273,металл,99
274,господь,86
274,выгнать,12
274,построить,24
274,демократия,81
274,правильный,61
274,недостаток,31
274,порядок,24
274,лапа,21
274,написать,12
275,июнь,49
275,багровый,15
275,заявление,44
275,плясать,37
275,роскошный,85
275,деловой,18
275,растеряться,64
275,скользить,19
276,хозяйка,61
276,редактор,73
276,шлем,47
276,пространство,19
276,редактор,27
276,сверкающий,52
276,военный,37
276,трубка,68
276,смеяться,58
276,возбуждение,18
277,скользить,94
277,выраженный,72
277,рис,67
277,обида,72
277,пол,71
277,следовательно,93
277,перебивать,57
277,видимо,90
278,монета,71
278,художественный,31
278,желание,44
278,палата,10
278,пересечь,75
279,совещание,31
279,порт,74
279,счастье,49
279,освобождение,27
279,исследование,48
279,развитый,11
280,миг,66
281,неправда,54
282,кидать,65
283,дрогнуть,100
283,эффект,80
283,порядок,55
284,доставать,50
284,развитый,19
284,крутой,39
284,витрина,78
284,сверкать,57
284,левый,36
284,вскинуть,58
284,триста,97
284,очко,4
285,страсть,61
285,счастье,55
285,смелый,100
285,желание,82
285,висеть,18
285,непривычный,12
285,рассуждение,81
286,да,16
286,желание,3
286,поймать,73
286,пламя,66
286,радость,5
286,нож,63
286,исполнять,59
286,казнь,61
287,триста,51
287,горький,51
287,достоинство,53
287,дошлый,36
288,холодно,72
288,ложиться,94
288,вздрагивать,10
288,народ,88
288,магазин,97
289,магазин,43
289,исследование,61
289,цвет,16
289,упорно,6
289,рота,45
289,освободить,6
289,плавно,43
289,горький,49
289,печатать,97
289,трубка,28
290,торопливый,98
290,неудобно,74
290,потянуться,35
290,трясти,67
290,мотоцикл,77
290,солнце,31
290,домашний,27
290,прощение,48
291,за,7
291,космос,36
292,выраженный,57
292,хозяйка,48
292,неправда,35
292,скрытый,93
292,дремать,39
292,нажать,16
293,тута,87
293,неправда,43
294,расстегнуть,78
294,призыв,97
294,вытаскивать,97
294,витрина,27
295,ягода,91
295,носок,18
295,пространство,18
295,разуметься,84
295,какой,40
296,угроза,35
296,военный,63
296,ученый,4
296,сверкающий,39
296,ярко,47
296,спешить,52
296,художественный,22
296,угроза,41
297,выкинуть,99
297,рай,41
297,военный,92
297,теория,57
297,мелькнуть,80
297,палата,53
297,написать,88
297,академик,76
297,встать,46
298,темнеть,69
298,очко,94
298,грудь,2
298,сомнительный,72
298,смеяться,97
298,сынок,38
298,кузнец,38
299,непривычный,31
299,картинка,55
299,инвалид,46
299,необычный,5
299,смеяться,61
299,слишком,80
300,рота,44
300,умолять,98
300,увеличиваться,17
301,протягивать,52
301,пробовать,24
301,лететь,59
302,бегать,54
302,беспомощный,62
302,космос,19
302,угроза,83
303,пространство,45
303,неожиданный,26
303,указанный,57
303,место,73
303,изредка,100
303,очередной,58
303,актриса,83
304,расстегнуть,48
304,зато,92
304,блин,48
304,табак,93
304,левый,57
304,вывести,9
304,парень,45
304,изображать,74
304,роса,95
305,аж,50
305,спешить,69
305,промолчать,62
305,избегать,2
305,пища,31
305,появление,37
306,миллиард,10
306,господь,1
306,художественный,81
306,пропаганда,52
306,хлеб,11
306,умирать,92
306,засунуть,69
306,нервно,80
307,школьный,67
307,пространство,21
307,пастух,93
307,прежний,65
307,дошлый,19
307,изображать,84
307,построить,42
307,боец,97
307,прежний,58
307,какой,60
308,дружно,50
309,печатать,72
309,чувство,69
309,помолчать,23
310,неожиданный,77
310,помолчать,14
310,покинуть,8
310,самостоятельно,17
310,выбирать,12
310,услать,26
311,картинка,68
311,монета,44
311,цепочка,35
311,покинуть,79
312,появление,35
312,стакан,64
312,райком,8
312,бок,54
312,коробка,20
312,сходить,41
312,дальний,4
312,угроза,89
312,манера,42
312,танцевать,72
313,носок,70
313,спалить,19
313,самостоятельно,5
313,приятель,37
314,направо,96
314,полевой,11
314,угол,92
314,процесс,88
314,смеяться,69
314,карман,91
315,близко,96
315,кпсс,4
315,медицина,28
315,бак,23
315,правильный,17
316,грустный,10
316,ученый,40
316,тесно,16
317,армейский,81
317,вообще,39
317,изменение,51
317,непривычный,75
317,необычный,89
318,написать,63
318,падать,86
318,счастье,24
318,зарплата,74
318,порог,46
318,исследование,76
318,дорогой,76
318,житель,17
319,заложить,80
319,нож,62
319,рота,91
319,пропасть,34
319,что,40
319,жить,98
319,новый,100
319,картинка,36
320,сынок,31
320,зима,7
320,цепочка,97
320,полюбить,13
320,плавно,92
320,прошептать,7
320,разуметься,90
320,ложиться,69
321,сопровождаться,98
321,присесть,67
321,отражение,89
321,привлекать,66
321,левый,58
321,второй,40
321,головка,57
321,беспомощный,79
321,легко,76
321,дружно,56
322,угол,15
323,смертельный,27
323,аж,98
323,полюбить,68
323,боец,40
323,хлеб,12
323,адвокат,26
324,устройство,74
324,прошептать,54
324,правильный,70
324,назначить,90
324,бегать,58
324,неожиданный,3
325,ремень,43
325,табак,73
325,реклама,79
325,монета,27
326,трубка,60
326,легко,43
326,запустить,33
326,нож,24
326,другой,51
326,пламя,11
326,хотеть,9
327,пламя,53
327,команда,63
327,очко,50
327,премьера,67
327,еврейский,79
327,интеллектуальный,98
327,природа,98
327,конструкция,45
328,командующий,44
328,сравнение,1
328,пол,63
328,коллектив,96
328,правление,60
328,беспомощный,89
328,обида,93
328,падаль,19
328,мальчишка,28
328,крыса,25
329,совет,85
329,наслаждение,56
329,налево,98
329,славный,31
329,угодный,69
330,находить,47
331,ягода,97
331,вскинуть,13
331,через,67
331,приходить,5
331,новый,80
331,пропадать,97
332,освободить,72
332,палка,58
332,страсть,79
332,штаб,34
332,тусклый,58
332,бочок,13
332,юный,42
332,банда,95
332,освобождение,73
332,остановить,58
333,роса,82
333,вздрогнуть,50
333,тюрьма,98
334,важный,14
334,покинуть,79
334,дальний,9
334,лететь,8
334,вариант,61
334,совет,97
334,поезд,61
334,манера,18
334,совет,51
334,приличный,5
335,счастье,29
335,роскошный,26
335,невыносимый,71
335,мягкий,97
335,поймать,43
335,князь,98
335,головной,96
335,юный,1
335,кольцо,54
336,монета,60
337,трубка,99
337,пропаганда,77
337,спорт,66
337,лапа,74
337,пища,34
337,один,12
337,кидать,24
338,роскошный,82
338,князь,39
338,появление,68
338,факультет,83
338,основание,21
338,построить,31
338,школьный,32
338,райком,86
338,нож,36
339,избегать,78
339,понятный,97
339,бригада,75
339,мелькнуть,11
339,неправда,94
339,коробка,5
339,господь,38
340,дорогой,39
340,задрать,14
340,крыса,78
340,горький,29
340,развернуться,61
340,пропасть,48
340,деньги,59
341,вскакивать,14
341,приличный,11
341,смеяться,20
341,при,78
341,некоторый,62
341,намерение,66
341,предоставить,2
341,выражаться,34
341,карман,67
342,степь,55
342,премьера,99
342,военный,13
342,дальний,9
343,парень,62
343,лететь,71
343,возмутиться,98
343,спичка,61
343,витрина,96
343,спалить,95
343,сохранять,14
343,появление,64
343,висеть,100
344,мелочь,4
344,бочок,56
344,зачем,89
344,деньги,78
344,кузнец,79
345,оборот,55
345,спалить,13
345,другой,22
345,соответствие,77
345,природа,72
345,дурацкий,11
345,адвокат,100
345,тесно,24
345,солнце,11
345,потом,84
346,рассуждение,95
346,рассуждение,25
346,зачем,52
346,сбросить,30
346,левый,13
346,горький,15
347,трубка,97
348,господь,23
348,актриса,45
348,изба,71
348,о,30
348,да,36
348,дремать,65
348,торопливый,67
348,потянуться,72
348,зима,96
348,волк,55
349,космос,99
349,мелькнуть,97
349,строительство,84
349,сравнение,81
349,неудобно,67
349,ставить,56
349,горький,13
350,промолчать,87
350,расстегнуть,74
350,редактор,89
350,понятный,89
350,за,41
350,освобождение,79
351,процесс,87
351,выражаться,65
351,неожиданный,43
351,демократия,23
351,пропасть,99
351,крыса,15
351,отражение,1
351,темнеть,5
352,рабочий,88
352,гулять,12
352,карандаш,34
352,шлем,83
352,отметить,51
352,человечек,98
352,помимо,34
352,приятель,15
352,умолять,77
353,палка,44
353,самостоятельно,28
354,терапия,76
354,запустить,60
354,изображать,63
354,появление,15
354,миллиард,32
355,мотоцикл,51
355,задержать,96
356,второй,63
356,банда,27
356,монета,41
356,социалистический,24
356,достоинство,33
356,крутой,64
357,настать,50
357,сынок,39
358,непривычный,84
358,аж,57
358,расстройство,28
358,низкий,1
358,ярко,24
358,непривычный,82
358,кожа,25
358,важный,27
358,наступать,25
358,собеседник,67
359,прелесть,10
359,житель,76
359,изучить,10
359,господь,14
360,сверкать,100
360,выкинуть,51
360,горький,21
360,умирать,48
360,а,21
360,постоянный,5
360,болото,99
360,тута,47
360,прелесть,41
360,способ,93
361,художественный,33
361,расстройство,60
361,каюта,11
361,нажать,49
361,кидать,65
361,близко,70
362,слишком,92
362,за,23
362,бригада,30
362,тусклый,91
362,передо,59
362,сынок,11
362,болото,24
362,художественный,79
363,совещание,65
363,слишком,88
363,успокоиться,63
364,вчера,31
364,песня,76
364,расстройство,13
364,ленинград,36
364,запеть,81
364,художественный,92
364,бровь,64
364,мгновение,1
364,второй,9
364,сопровождаться,74
365,один,11
365,магазин,65
365,дальний,42
366,мелькнуть,32
366,расстегнуть,9
366,бетонный,54
366,совет,85
366,художественный,54
366,песенка,43
366,желание,18
366,вскакивать,41
367,зато,63
367,приятель,42
367,похороны,5
367,жить,60
367,жить,46
367,ремень,89
367,слишком,25
367,коммунизм,71
367,ремень,71
367,решетка,17
368,правление,74
368,чем,79
368,видимо,10
369,способ,80
369,конференция,60
369,гулять,93
370,решетка,13
370,песня,27
370,палата,98
370,бабочка,80
371,функция,67
371,протягивать,22
371,степь,66
371,рай,9
372,разводить,96
372,уронить,18
372,около,90
373,дрогнуть,21
373,реклама,15
373,невозможно,46
373,бригада,27
373,спешить,59
373,цель,79
373,металл,27
374,заявление,96
374,бок,6
374,освободить,60
374,подробность,14
374,невозможно,31
374,терапия,4
375,магазин,83
375,какой,32
375,слишком,99
376,угодный,79
376,грустный,100
376,армейский,94
376,мимо,55
376,выражение,43
377,каюта,68
377,дремать,99
377,тревога,86
377,набор,10
377,салон,30
377,банда,34
377,покидать,31
377,посидеть,94
377,поколение,1
378,слишком,21
378,нервно,78
378,спорт,84
378,прежде,28
378,поздравлять,32
378,ложиться,16
378,теория,64
378,карандаш,23
378,покинуть,50
379,прежде,31
380,пища,22
381,обида,34
381,полевой,89
381,социалистический,21
381,аллея,55
381,костер,72
381,природа,97
381,четко,32
381,спешить,84
381,дьявол,60
382,изучить,73
382,ставить,94
382,выдержать,86
382,пол,93
382,четко,1
382,другой,69
382,госпожа,93
382,носок,20
382,тесно,2
382,сынок,70
383,соответствие,81
383,мера,24
383,наслаждение,29
383,вряд,81
383,изображать,39
383,слишком,91
384,миг,14
384,одиннадцать,12
385,следовательно,12
385,развернуться,32
385,манера,92
385,способ,59
385,угроза,4
385,упор,28
385,выгнать,71
385,какой,72
385,единый,56
385,мрачно,90
386,роскошный,11
386,лапа,25
386,палец,7
386,второй,63
386,тесно,85
386,грустный,45
386,функция,58
386,порода,1
386,инструкция,99
386,мальчишка,67
387,беспомощный,65
387,правый,71
387,налоговый,45
388,добиться,59
388,дурацкий,94
388,очередной,12
388,господь,6
388,рис,98
388,непривычный,28
388,потрясти,60
388,покинуть,54
389,упорно,41
389,радость,6
389,социалистический,78
389,блин,9
389,райком,69
390,школьный,15
390,мальчишка,48
390,успокоиться,46
390,сутки,14
390,князь,45
391,порода,41
391,нож,28
392,роса,40
392,добиться,19
392,свежий,63
392,бегать,48
392,поймать,74
392,куча,53
392,необычный,58
392,вытаскивать,88
392,еврейский,79
392,равнодушный,38
393,пол,76
393,тюрьма,62
393,господь,60
394,солнце,76
394,мучительно,63
394,развитый,87
394,валюта,68
394,жидкий,69
394,ныне,2
394,похороны,59
394,ход,89
395,редактор,68
395,находить,16
395,порода,48
395,упор,53
395,близко,92
395,торопливый,58
396,полностью,69
396,светило,17
396,мелочь,99
396,мучительно,96
396,бригада,39
396,мусор,11
396,ночь,89
396,господь,35
396,угроза,25
396,приличный,80
397,ленинград,99
397,металл,74
397,гулять,85
398,карандаш,90
398,спорт,68
398,посидеть,12
398,приятель,89
398,основание,12
398,домашний,57
398,затянуться,96
398,анализ,78
398,кпсс,50
398,цвет,77
399,процесс,26
399,развернуться,14
399,цвет,70
399,пропасть,90
399,назначить,90
399,тревога,7
399,полевой,58
399,неудобно,13
399,вскакивать,81
400,находить,57
400,пропаганда,5
400,пропадать,63
400,сбросить,33
400,коробка,18
400,избегать,69
400,командование,57
400,выраженный,99
400,пастух,21
400,поймать,15
401,задрать,6
401,редактор,56
401,художественный,55
401,подробность,22
401,художественный,42
401,крутой,66
402,заплакать,77
402,пространство,29
402,медицина,77
402,советовать,75
402,применяться,96
403,изба,66
403,возмутиться,93
404,выдержать,17
404,возмутиться,83
404,кидать,55
404,умолять,92
404,июнь,51
404,голубчик,18
404,изображать,60
404,куча,98
404,скрытый,60
404,пропадать,20
405,падаль,90
405,зеленый,44
405,сомнительный,6
406,полюбить,46
406,левый,5
407,эффект,66
407,какой,76
407,бок,1
407,аллея,52
407,сынок,7
407,посвятить,1
407,зима,9
408,освобождение,77
408,рабочий,18
408,легко,85
409,труп,54
409,поезд,100
410,уничтожение,71
410,свежий,26
410,достоинство,56
410,школьный,64
410,адвокат,63
410,командир,81
410,запеть,13
410,миллиард,54
410,пересечь,75
411,бровь,64
411,социалистический,99
411,ломать,23
411,народ,77
411,выражаться,45
411,способ,30
411,означать,27
412,интернет,5
412,столетие,87
412,темнеть,6
412,ленинград,17
412,пастух,57
412,тысяча,28
412,инструкция,16
412,механический,9
412,дьявол,55
413,научить,10
413,исполнять,48
413,ныне,53
414,зачем,9
414,задрать,64
414,добиться,88
414,что,57
414,отдел,92
414,район,99
414,другой,80
414,смертельный,4
415,дошлый,50
415,соответствие,90
415,плод,36
415,левый,68
415,вскакивать,16
415,космос,18
415,провал,63
415,развернуться,94
415,спешить,93
415,художественный,25
416,роса,21
416,ответить,20
416,проход,6
416,премьера,43
416,четыре,71
416,бетонный,74
416,ленинград,45
416,тусклый,32
416,актриса,63
417,важный,84
417,очутиться,43
417,спасть,67
417,подробность,32
417,снимать,37
417,песня,47
417,при,95
417,торговля,5
417,совет,4
417,смелый,53
418,тревога,16
418,руководитель,50
418,актриса,31
418,голубчик,50
418,непривычный,52
418,ведь,5
418,полюбить,86
418,видимо,53
418,покидать,8
419,равнодушный,45
419,запеть,68
419,запустить,12
419,сомнительный,17
419,около,62
419,около,5
419,шлем,58
420,засунуть,90
420,граница,7
420,палата,24
420,оставить,11
421,плод,93
421,вывести,37
421,видимо,59
422,фонарик,84
422,инфекция,17
423,тусклый,4
423,шлем,4
423,труп,19
423,пятеро,89
423,дорогой,64
423,оставить,44
424,рабочий,39
424,забирать,70
424,оставить,24
424,куча,84
424,монета,63
424,цвет,14
424,полоска,66
424,заложить,72
424,ставить,44
425,другой,10
426,жидкий,14
426,манера,88
426,покидать,18
426,падать,89
426,за,91
426,премьера,93
426,триста,21
427,пропадать,68
427,пространство,95
428,возмутиться,17
428,ведь,67
428,подземный,92
428,новый,53
428,выражение,43
429,банда,70
429,результат,54
429,плясать,43
429,кольцо,30
429,снимать,42
429,ведь,67
429,порог,89
430,выбирать,80
430,угол,59
430,степь,32
430,функция,25
430,командование,60
430,господь,83
431,солнце,71
431,трясти,9
431,развитый,44
432,лететь,62
432,угроза,16
432,через,56
432,житель,65
432,выдержать,88
432,руководитель,45
432,инвалид,55
433,дыхание,70
433,хлеб,49
433,задержать,99
434,способ,67
434,ягода,50
434,мрачно,40
434,дурацкий,48
434,даль,41
435,триста,75
435,кольцо,97
435,необычный,34
435,обида,51
435,вообще,81
435,издали,99
435,увеличиваться,14
436,экзамен,53
437,песенка,31
437,пробовать,35
437,тюрьма,58
437,пропасть,61
437,ныне,89
437,сынок,83
437,конференция,99
437,хлеб,52
437,порядок,30
437,интернет,21
438,легко,48
438,сопровождаться,98
438,июнь,38
438,остановить,72
438,рис,40
438,свежий,43
438,приятель,96
438,посидеть,35
438,печатать,70
438,уничтожение,32
439,передо,41
439,экзамен,77
439,сопровождаться,40
439,шлем,5
439,понятный,100
440,неожиданно,61
440,невыносимый,89
440,картинка,26
440,процесс,80
440,пропасть,12
441,неожиданно,44
441,мгновение,89
441,школьный,75
441,иной,99
441,команда,17
441,пасть,47
442,слать,26
442,смертельный,2
443,горький,58
443,четыре,7
444,остановить,83
444,выкинуть,98
444,порог,63
444,назначить,69
444,смеяться,23
445,трубка,64
445,ложиться,43
445,жить,50
445,костер,89
445,картинка,18
445,полоска,23
445,беспомощный,4
446,намерение,86
446,очередной,75
446,уточнить,60
447,услать,100
447,виднеться,95
448,висеть,39
448,горький,53
448,голубчик,72
448,сходить,1
448,уронить,47
449,столетие,6
450,монета,23
450,скрытый,49
450,естественный,93
451,подземный,85
451,песня,43
451,прошептать,36
451,сопровождаться,45
451,слишком,98
451,дошлый,55
451,интернет,79
452,горький,62
452,дружно,27
452,хлеб,72
452,бак,52
453,устройство,47
453,возможно,43
453,бок,52
453,выбирать,3
454,набор,51
454,дыхание,68
454,интернет,56
454,чем,47
454,заложить,41
454,полностью,50
455,манера,75
455,плавно,35
455,скрытый,68
455,зачем,52
455,возбуждение,18
455,спешить,33
455,очко,83
455,инвалид,45
455,сохранять,74
456,находить,26
456,умолять,88
456,снимать,11
456,инфекция,49
456,коллектив,74
457,костер,55
457,умирать,93
457,левый,27
457,настать,49
458,невозможно,52
458,дорогой,44
458,чем,8
458,неудобно,16
458,очередной,61
458,налоговый,55
458,витрина,91
458,уничтожение,6
458,низкий,60
458,полоска,8
459,еврейский,66
459,задержать,45
459,банк,81
459,столетие,76
459,домашний,80
459,термин,10
459,деньги,39
459,труп,87
459,нож,68
460,правый,44
460,хотеть,86
460,правый,27
460,возбуждение,77
460,задрать,44
460,пересечь,69
460,потрясти,94
461,отметить,49
461,витрина,83
462,ботинок,18
462,князь,67
462,отъезд,83
462,за,46
462,протягивать,13
462,пропадать,99
462,равнодушный,49
462,умирать,19
462,танцевать,1
463,сравнение,40
463,медицина,67
463,мгновение,26
463,картинка,55
463,потрясти,30
464,реклама,76
464,поймать,100
464,зеленый,75
464,за,92
464,поколение,66
464,ярко,2
464,вскакивать,34
464,крутой,29
464,нажать,37
465,дьявол,50
465,очутиться,95
465,забирать,93
465,свежий,3
465,команда,98
465,эпоха,64
466,интеллектуальный,41
466,запустить,3
466,интернет,52
466,развитый,66
466,четыре,16
467,вскакивать,93
467,страсть,88
467,сверкающий,71
467,сутки,5
467,заплакать,21
467,применяться,37
468,командир,18
468,реклама,68
469,умолять,27
469,самостоятельно,91
469,угол,35
469,бак,56
469,горький,82
469,оставить,50
469,еврейский,1
469,непривычный,33
469,угол,32
470,картинка,13
470,карандаш,3
470,демократия,53
470,табак,34
471,ночь,38
472,рот,10
472,художественный,12
472,теория,90
472,рабочий,69
472,запустить,46
472,точно,27
472,поговорить,59
472,столетие,85
472,вскинуть,14
472,да,1
473,налево,14
473,правление,51
473,вариант,26
473,снимать,77
473,горький,33
473,житель,17
473,жестокий,83
473,перебивать,36
473,необычный,50
474,обида,13
474,деньги,71
474,число,12
474,рот,37
474,боец,50
475,выбирать,1
475,некоторый,38
475,идея,64
476,обида,67
476,демократия,17
476,бок,38
476,спорт,16
476,запретить,64
476,настать,5
476,ход,78
476,понятный,95
476,роса,94
477,исполнять,56
477,выраженный,40
478,терапия,100
478,появление,90
478,правление,14
478,посидеть,69
478,господь,96
478,советовать,39
478,аллея,79
479,юный,92
479,вздрогнуть,12
479,хлеб,88
480,растеряться,24
480,мрачно,17
481,актриса,48
481,грустный,96
481,мучительно,88
481,славный,59
481,изменение,81
481,прощение,2
481,смелый,79
482,казнь,85
482,выраженный,76
482,природа,66
482,плод,6
482,человечек,76
482,за,25
482,поставить,83
483,ремень,76
483,новый,25
483,обида,33
483,мелочь,26
483,манера,97
483,провал,83
484,костер,9
484,болото,17
484,передо,8
484,построить,32
484,задержать,53
484,табак,50
484,самостоятельно,64
485,термин,74
485,привлекать,94
485,естественный,59
485,следовательно,94
485,забирать,12
486,плод,85
486,фонарик,79
486,висеть,39
486,бак,25
486,сынок,32
487,смеяться,6
487,девка,32
487,нож,76
487,мера,39
487,передо,12
487,сынок,25
487,инфекция,76
488,житель,33
488,снимать,9
489,пол,62
489,столетие,75
489,труп,62
489,слишком,46
490,важный,28
490,заявление,21
491,порядок,63
491,мера,81
491,заплакать,72
491,порядок,11
491,изба,21
491,художественный,51
492,очутиться,49
492,командование,30
492,применяться,74
492,неудобно,71
492,угроза,79
492,пасть,78
493,протягивать,28
493,печатать,46
493,монета,31
494,построить,23
494,дорогой,64
494,выбирать,94
494,порода,47
494,заплакать,70
494,возбуждение,76
494,эпоха,24
494,еврейский,67
495,прелесть,8
495,решение,30
495,возможно,89
495,девка,63
495,более,24
495,бак,98
495,угроза,38
495,запеть,68
496,бок,87
496,прошептать,49
496,природа,7
496,материя,29
497,головной,99
498,теория,95
498,видимо,10
499,результат,56
499,изредка,14
500,мгновение,41
501,нервно,75
501,жестокий,15
501,расстегнуть,2
502,правление,46
502,выраженный,65
502,зачем,80
502,изменение,64
503,дружно,76
503,отражение,85
503,беспомощный,48
503,роскошный,11
503,угроза,99
504,изредка,89
504,юный,19
504,какой,85
504,уронить,9
504,палец,73
504,мусор,41
504,привлекать,100
504,отражение,1
504,непривычный,48
505,роскошный,78
505,белье,20
505,тесно,42
505,порог,26
505,вскакивать,48
505,доставать,36
505,падаль,22
505,изба,94
505,кожа,75
505,засунуть,21
506,неправда,45
506,ныне,45
506,перебивать,37
506,дальний,36
507,жить,43
507,приличный,34
507,боец,41
508,печатать,12
508,серьезный,19
508,деловой,76
508,конструкция,91
508,выгнать,40
508,человечек,71
509,мучительно,84
510,покидать,19
510,точно,63
510,болото,73
510,горький,59
510,изредка,14
510,возмутиться,54
511,спичка,49
511,вздрогнуть,60
511,заработать,89
511,пропадать,2
511,естественный,46
512,зато,36
512,художественный,74
512,коллектив,14
512,роскошный,97
512,растеряться,19
512,песня,26
513,покидать,85
513,выбирать,83
513,при,67
513,князь,97
513,жестокий,55
514,крыса,46
514,картинка,35
514,носок,34
514,применяться,24
514,близко,19
514,ставить,23
514,лиловый,49
515,карандаш,58
515,рассуждение,81
515,радость,53
515,зима,90
515,термин,11
515,наступать,37
515,спорт,62
515,блин,99
515,похороны,68
516,сходить,25
516,рис,87
516,жить,43
516,тревога,3
516,бак,14
516,оставить,78
516,житель,78
517,вздрогнуть,26
517,сопровождаться,38
517,бригада,57
517,дьявол,76
517,предоставить,57
517,отметить,32
517,картинка,26
517,естественный,36
517,похороны,3
518,художественный,38
518,цепочка,85
518,исполнять,77
518,полюбить,65
519,пламя,23
519,мучительно,76
519,поставить,85
519,медицина,4
519,оборот,34
519,сравнение,83
519,труп,64
519,багровый,99
519,столетие,95
519,художественный,80
520,палата,16
520,деловой,25
520,банда,84
520,недостаток,4
520,бак,61
520,сомнительный,58
520,костер,57
521,функция,99
521,помимо,31
521,потрясти,40
521,палец,73
521,услать,45
521,построить,86
521,отдел,42
521,радость,3
522,неправда,41
522,сынок,1
522,передо,74
522,ломать,90
522,торопливый,75
522,изображать,14
522,вряд,59
522,песенка,69
522,господь,61
522,порт,51
523,деньги,11
524,плод,86
524,космос,16
524,эффект,85
524,цель,52
524,четыре,64
524,господь,74
525,банда,69
525,одиннадцать,94
526,белье,31
526,иной,29
526,протягивать,98
526,рассуждение,61
526,дурацкий,44
526,уронить,92
526,некоторый,35
527,протягивать,7
527,дремать,90
528,пасть,16
529,карман,29
529,развернуться,84
529,ставить,88
529,задрать,7
529,мотоцикл,64
529,невозможно,30
530,уничтожение,88
530,легко,51
530,темнеть,60
530,выразить,21
530,скользить,53
530,холодно,72
530,бабочка,23
530,цепочка,54
530,мелькнуть,15
531,смелый,21
531,куча,20
532,болото,64
532,народ,87
532,выраженный,98
532,хлеб,7
532,выраженный,39
532,приятель,57
532,адвокат,10
532,монета,10
532,зачем,21
532,заложить,11
533,банк,69
533,рай,62
533,валюта,68
533,пятеро,57
533,поймать,27
534,палка,82
535,палка,28
535,носок,37
535,жестокий,85
536,банда,35
536,невыносимый,59
536,плясать,73
536,командующий,13
536,видимо,34
536,поколение,81
536,дальний,50
536,спорт,85
537,рассуждение,50
537,торопливый,73
537,палец,59
537,изображать,10
537,командование,48
538,ярко,32
538,близко,91
538,собеседник,86
538,ответить,49
538,ленинград,56
539,поймать,98
539,зато,90
539,второй,48
539,поймать,27
539,научить,83
539,растеряться,56
539,некоторый,18
539,равнодушный,93
539,развернуться,69
539,болото,23
540,дорогой,94
540,следовательно,5
540,затянуться,40
540,единый,85
540,уничтожение,19
541,жидкий,68
541,поймать,40
541,район,52
541,жестокий,23
541,солнце,8
541,засунуть,7
542,космос,45
542,выкинуть,4
542,заработать,14
542,помолчать,54
542,дрогнуть,8
542,освобождение,8
543,социалистический,85
544,освобождение,56
544,посвятить,13
544,вздрагивать,88
544,тяжелый,40
545,полоска,80
546,триста,22
546,ныне,20
546,инфекция,76
547,торговля,57
547,карман,55
547,прелесть,29
547,неожиданно,75
547,аж,45
547,протягивать,83
547,ведь,53
547,вряд,33
547,падать,17
547,растеряться,77
548,металл,14
548,похороны,56
549,дружно,83
549,мусор,96
549,рабочий,70
549,бочок,8
549,термин,82
549,салон,5
549,наступать,26
550,рай,2
550,лапа,91
550,очко,33
550,белье,43
550,изменение,93
550,рассуждение,25
550,настать,14
550,монета,10
550,деньги,19
550,неудобно,65
551,растеряться,81
551,привлекать,10
551,печатать,79
551,ломать,20
551,исследование,6
552,кидать,10
552,зеленый,15
552,темнеть,64
552,доставать,22
553,обида,18
553,голубчик,28
553,госпожа,24
553,упорно,11
553,поезд,42
554,сомнительный,51
554,возбуждение,37
555,решение,77
555,порода,37
555,космос,96
555,пространство,88
555,встать,9
555,светило,66
556,выражаться,86
556,военный,1
556,пространство,55
556,интеллектуальный,13
556,достоинство,8
557,затянуться,49
558,хотеть,63
558,горький,10
558,мягкий,100
558,тусклый,33
558,совет,79
558,невозможно,79
558,народ,3
558,достоинство,17
558,покинуть,1
559,аж,98
560,миф,20
561,падаль,86
561,сынок,52
561,актриса,61
562,уронить,71
562,указанный,67
562,сохранять,36
562,вскакивать,57
562,изменение,92
563,передо,90
563,коммунизм,56
563,рот,60
563,пятеро,19
563,фонарик,86
563,сравнение,53
564,адвокат,60
564,вскакивать,82
564,приятель,94
564,монета,54
564,ход,86
564,при,57
565,мелькнуть,70
565,неожиданный,21
565,встать,89
565,скрытый,15
565,плод,86
565,ярко,43
565,умирать,23
565,висеть,87
565,медицина,49
565,инфекция,13
566,уронить,4
567,академик,11
567,приятель,7
567,выдержать,99
568,уничтожение,79
568,приятель,46
568,о,31
568,кузнец,82
568,пропадать,19
568,уронить,36
568,факультет,25
568,развитый,25
569,манера,42
569,военный,83
570,совет,23
570,темнеть,62
570,вытаскивать,44
570,одиннадцать,71
570,привлекать,59
570,кпсс,91
570,тюрьма,22
570,поговорить,27
570,выраженный,35
571,виднеться,65
571,научить,47
571,горький,30
571,порядок,12
571,добиться,5
571,пламя,56
571,обида,17
572,плясать,29
573,мрачно,48
573,появление,88
574,соответствие,57
574,возникновение,61
574,спичка,7
574,выдержать,66
574,легко,59
575,обида,16
575,появление,58
575,дошлый,46
575,манера,7
575,правый,87
575,покинуть,100
575,неудобно,14
575,материя,3
575,тута,76
576,лапа,87
576,парень,6
577,руководитель,22
578,запустить,4
578,танцевать,98
578,сходить,19
579,сверкающий,30
579,редактор,37
579,спичка,9
579,сравнение,24
579,изменение,52
579,девка,39
579,кожа,4
579,смертельный,92
579,новый,38
580,бетонный,70
580,какой,68
581,разуметься,14
581,ремень,34
581,нервно,17
581,крыса,41
581,изменение,82
581,банда,43
581,коробка,12
581,художественный,63
581,нажать,32
582,услать,17
582,плод,34
583,передо,68
583,намерение,38
583,освобождение,56
583,мрачно,30
584,приходить,48
584,носок,79
584,интеллектуальный,40
584,сверкать,73
584,кольцо,33
584,вытаскивать,77
584,танцевать,77
585,поставить,32
585,наступать,54
585,грустный,34
585,эпоха,93
585,торопливый,74
586,столетие,48
586,покидать,73
587,скрытый,50
587,куча,31
587,вариант,78
587,вытаскивать,8
588,провал,24
588,изменение,57
588,набор,87
588,отметить,89
588,рис,78
588,проход,38
588,основание,57
588,равнодушный,34
589,войти,21
589,пробовать,59
589,секунда,1
590,цель,30
590,остановить,13
590,термин,75
590,витрина,89
590,эффект,61
590,сомнительный,16
590,совет,74
590,изба,31
591,горький,79
591,инвалид,10
591,перебивать,100
591,багровый,93
591,отдел,64
592,солнце,6
592,ягода,53
592,пятеро,25
592,собеседник,71
592,один,23
592,человечек,15
592,развитый,68
592,мягкий,92
592,выбирать,55
593,проход,92
593,возбуждение,80
593,господь,41
593,низкий,76
593,человечек,39
593,болото,92
593,терапия,65
594,штаб,76
594,пастух,15
594,покидать,34
594,дьявол,65
594,передо,44
594,сверкать,53
594,банда,16
594,выражение,97
594,выраженный,90
594,запустить,66
595,коричневый,89
595,рай,45
595,развернуться,21
595,палка,16
596,поймать,37
596,пространство,87
596,за,74
596,набор,49
596,отдел,11
596,передо,46
596,число,11
596,пространство,27
596,посвятить,57
596,нервно,80
597,темнеть,98
597,рассуждение,14
597,забирать,85
597,выраженный,49
597,пол,74
597,ленинград,17
597,торопливый,54
597,художественный,10
597,пересечь,54
597,успокоиться,10
598,порт,64
598,изба,17
598,угодный,55
598,наслаждение,63
598,помимо,92
598,правление,42
598,лиловый,89
599,пересечь,34
599,школьный,8
599,поколение,95
599,изба,31
599,боец,52
600,болото,40
600,деловой,44
601,четыре,72
601,висеть,68
601,смеяться,63
601,вариант,26
601,привлекать,84
601,слишком,40
601,очередной,71
602,шлем,8
602,построить,100
602,отдел,50
603,мера,62
604,запеть,79
604,даль,65
604,освобождение,5
604,изображать,13
604,следовательно,96
604,зима,67
605,радость,19
605,экзамен,62
605,интернет,83
605,тюрьма,4
606,мучительно,52
607,нож,56
608,заработать,63
608,школьный,58
608,тревога,43
608,некоторый,15
608,функция,90
608,дружно,85
608,хлеб,30
608,цвет,16
608,указанный,69
608,прелесть,38
609,приличный,18
609,заведение,82
609,даль,2
609,ремень,32
609,способ,1
609,дремать,43
609,академик,75
609,торопливый,41
610,деньги,31
610,рай,96
610,поколение,40
610,второй,56
610,похороны,83
610,упорно,83
610,полностью,38
610,ответить,13
611,банда,95
611,функция,74
611,носок,24
611,очередной,2
611,роскошный,61
611,равнодушный,51
612,неожиданный,99
612,затянуться,50
612,торговля,2
612,песенка,64
613,жить,7
613,процесс,4
613,применяться,2
613,цепочка,28
613,угодный,75
613,триста,61
614,поговорить,96
614,пастух,60
614,кожа,46
614,ставить,19
614,постоянный,31
614,миф,94
615,цепочка,52
616,райком,38
616,выкинуть,42
616,конструкция,50
616,порядок,42
616,войти,9
616,угодный,88
617,триста,91
618,выкинуть,45
618,тяжелый,38
618,исполнять,70
618,карман,35
618,запустить,53
618,художественный,79
618,социалистический,32
618,указанный,75
618,засунуть,41
618,устройство,12
619,одиннадцать,65
619,космос,7
620,руководитель,34
620,тюрьма,23
620,добиться,91
620,достоинство,83
620,порт,33
620,сынок,94
620,ночь,76
621,июнь,82
621,правый,18
621,рот,63
621,мусор,51
621,господь,29
621,потом,96
621,отдел,38
621,разнообразный,35
622,командующий,44
622,тесно,34
622,конструкция,72
622,аж,53
622,задрать,92
622,мера,44
622,самостоятельно,74
623,сынок,38
623,висеть,46
623,зима,11
623,карман,45
623,кидать,56
623,ученый,23
623,применяться,91
623,равнодушный,48
624,помимо,75
624,страсть,13
624,новый,60
625,ученый,15
626,отметить,15
627,слишком,4
627,ученый,92
628,потом,31
628,каюта,48
628,миф,74
628,теория,24
628,возможно,17
629,руководитель,42
629,подземный,20
629,каюта,100
629,исследование,40
629,набор,51
630,сынок,42
630,выраженный,6
631,обида,80
631,неожиданный,47
631,народ,23
631,легко,8
631,мусор,85
631,применяться,54
631,юный,96
631,эффект,66
632,металл,12
632,изба,35
632,присесть,19
632,неудобно,23
632,полюбить,11
632,металл,1
633,вообще,69
633,смеяться,54
633,равнодушный,38
633,висеть,39
633,банда,27
633,смертельный,8
633,кольцо,25
634,похороны,65
634,куча,68
634,костер,84
634,демократия,20
635,реклама,21
635,низкий,25
635,возбуждение,9
635,выражаться,74
636,слишком,69
636,бегать,54
636,нажать,41
636,художественный,16
637,выбирать,55
637,вообще,21
637,тяжелый,2
637,господь,31
638,поймать,29
638,песенка,48
638,сопровождаться,72
638,задержать,45
638,дрогнуть,72
638,конференция,78
638,боец,5
638,подземный,74
638,скользить,21
639,умолять,80
639,бочок,55
639,заявление,9
639,основание,31
640,даль,49
640,художественный,32
640,спичка,90
640,неудобно,22
640,дошлый,95
640,юный,36
640,поезд,5
640,невозможно,6
640,обида,23
641,что,24
641,труп,48
641,валюта,81
641,более,90
641,задрать,9
641,спалить,89
642,плясать,67
642,необычный,72
642,сустав,50
643,изменение,35
643,рис,96
643,головной,62
643,манера,82
643,вскинуть,92
643,дьявол,51
643,другой,22
644,парень,34
644,избегать,16
644,расстегнуть,44
644,горький,69
644,потрясти,32
644,приходить,67
644,темнеть,67
644,упор,72
644,полностью,2
644,зарплата,62
645,точно,25
645,пища,72
645,блин,28
645,боец,9
645,намерение,68
645,военный,42
645,сустав,39
646,кожа,37
646,находить,51
646,вариант,78
646,торопливый,28
646,изображать,40
646,умолять,74
646,четко,56
647,механический,1
647,солнце,97
648,соответствие,23
648,присесть,76
649,механический,100
649,заложить,87
649,умирать,99
649,сынок,56
649,хлеб,3
649,миллиард,75
650,страсть,54
650,наткнуться,6
650,трясти,89
650,функция,23
650,ягода,62
650,металл,45
650,промолчать,94
650,школьный,13
650,смелый,10
650,решение,5
651,увеличиваться,8
651,блин,72
651,упорно,55
651,народ,81
651,тысяча,84
651,карандаш,89
651,дрогнуть,82
652,совещание,26
653,заплакать,90
654,носок,68
654,лететь,88
654,опасность,78
654,постоянный,2
654,естественный,97
654,вывести,6
655,направо,46
655,решение,48
655,пастух,52
655,что,90
655,господь,43
655,команда,91
656,поймать,58
657,пятеро,74
657,развитый,65
657,лиловый,34
657,указанный,89
657,заложить,55
657,столетие,36
657,выдержать,61
657,настать,79
658,пересечь,2
658,более,98
658,крутой,21
658,тута,50
658,руководитель,83
658,гулять,59
659,степь,20
659,угроза,93
659,столетие,78
659,намерение,88
659,да,14
659,роса,76
659,находить,54
659,инструкция,48
659,миг,50
660,мотоцикл,9
660,плавно,99
661,низкий,60
661,пространство,27
661,волк,35
661,находить,38
661,выкинуть,9
661,уточнить,54
661,невозможно,36
661,затянуться,56
661,разводить,27
662,спичка,71
662,выраженный,78
662,зачем,13
663,расстройство,43
663,анализ,50
663,заложить,97
663,металл,53
663,степь,30
663,дошлый,22
663,висеть,65
663,выкинуть,99
663,направо,34
664,дрогнуть,77
664,фонарик,56
664,засунуть,51
665,сынок,74
665,функция,84
665,виднеться,72
665,человечек,53
665,свежий,23
665,табак,59
665,назначить,94
665,запеть,3
665,затянуться,86
665,отъезд,62
666,торговля,55
666,металл,88
666,беспомощный,49
666,кидать,33
666,ложиться,2
666,один,33
666,дошлый,86
666,полностью,87
667,возможно,73
667,ремень,36
667,прежний,19
667,потрясти,10
667,снимать,76
667,функция,22
667,набор,42
667,правильный,70
668,налево,67
668,затянуться,23
668,иной,11
668,монета,54
668,тысяча,39
668,народ,45
668,цвет,70
669,способ,22
669,мальчишка,50
669,близко,69
669,кольцо,5
670,пламя,58
670,поезд,17
670,костер,91
670,инвалид,94
670,тяжелый,39
670,приятель,99
671,низкий,55
671,багровый,45
671,успокоиться,12
671,провинция,45
671,разводить,32
671,дошлый,15
671,монета,38
672,помолчать,12
672,советовать,52
672,передо,47
672,что,46
672,бочок,24
672,очко,7
672,прощение,1
672,отражение,5
673,карман,72
673,плод,2
673,дремать,68
673,вообще,54
674,а,62
674,тревога,85
674,конференция,69
674,фонарик,92
674,выбирать,26
674,космос,34
674,один,57
674,июнь,13
675,кольцо,41
675,прошептать,5
675,полюбить,37
675,бегать,38
675,выдержать,11
676,секунда,93
676,очередной,27
676,коллектив,54
676,трясти,71
676,иной,12
677,грустный,10
677,оставить,92
677,сынок,92
677,около,78
677,костер,84
677,крутой,89
677,запретить,12
677,грустный,83
678,неправда,77
678,мусор,83
678,применяться,49
678,холодно,15
678,эпоха,78
678,остановить,98
678,нервно,95
678,пространство,71
678,промолчать,54
679,присесть,71
680,мучительно,20
680,покинуть,15
681,научить,82
681,девка,8
681,задрать,46
681,мгновение,67
682,ход,34
682,тусклый,57
682,дальний,55
682,счастье,13
682,еврейский,28
682,сверкать,6
682,потянуться,10
682,устройство,56
683,перебивать,48
683,второй,44
683,четко,47
683,порядок,1
683,встать,57
683,картинка,90
683,направо,58
683,казнь,27
684,секунда,25
684,упор,47
684,налоговый,7
684,хлеб,44
684,космос,85
685,спасть,80
685,слишком,95
686,да,52
686,висеть,97
687,достоинство,51
688,пространство,88
688,домашний,4
688,кузнец,62
688,витрина,36
689,крыса,79
689,фонарик,49
689,построить,100
689,солнце,24
689,обида,70
689,увеличиваться,50
689,тревога,87
689,набор,53
689,увеличиваться,72
689,четыре,52
690,степь,64
690,близко,4
690,порядок,87
690,медицина,99
690,песенка,69
690,рот,10
690,за,52
690,приличный,67
690,слишком,82
690,граница,72
691,труп,55
692,результат,81
692,тысяча,94
692,скользить,40
692,радость,23
692,боец,10
692,слать,77
692,болото,61
693,возможно,83
693,картинка,4
693,уточнить,18
693,решение,11
693,мгновение,17
693,решетка,2
694,передо,14
694,райком,89
694,коммунизм,32
694,присесть,11
694,указанный,60
694,указанный,38
694,потом,59
694,степь,57
694,запеть,12
694,медицина,35
695,зато,21
695,освобождение,47
695,академик,13
695,изба,92
695,монета,9
695,природа,40
695,поставить,82
695,кольцо,57
695,потрясти,31
695,парень,34
696,бабочка,45
696,художественный,71
696,вздрогнуть,87
696,печатать,82
696,бегать,48
696,пространство,36
696,около,88
696,сравнение,78
696,вскакивать,11
696,число,93
697,табак,20
697,вообще,80
697,цвет,57
697,необычный,21
697,неправда,18
698,хотеть,74
698,счастье,2
699,сопровождаться,98
700,бак,12
701,команда,91
701,светило,66
701,ложиться,2
701,жидкий,95
701,куча,94
701,миф,54
701,реклама,51
701,потянуться,28
701,хлеб,89
702,выраженный,36
702,палец,22
702,левый,39
702,носок,31
702,засунуть,14
703,экзамен,43
703,дальний,87
703,серьезный,88
703,неудобно,15
703,картинка,8
703,выкинуть,8
703,равнодушный,35
704,витрина,26
704,инвалид,56
704,социалистический,28
704,заложить,10
704,фонарик,97
704,сутки,47
704,что,52
704,прелесть,49
704,дорогой,57
704,исследование,64
705,развернуться,27
705,непривычный,100
705,пространство,30
706,лиловый,47
706,выраженный,63
707,заявление,52
707,банк,63
707,научить,36
707,выраженный,82
707,набор,65
707,ложиться,25
707,парень,58
708,о,92
708,зато,34
709,услать,89
709,увеличиваться,51
709,пропаганда,73
709,потом,42
709,командующий,52
710,потом,20
710,за,71
710,блин,34
710,засунуть,65
710,очередной,80
710,неожиданный,83
710,секунда,87
711,левый,97
711,близко,66
711,успокоиться,70
711,соответствие,32
711,при,13
711,спалить,97
711,армейский,39
711,совет,90
711,нож,34
712,команда,38
712,крутой,60
712,дорогой,3
712,кузнец,97
712,затянуться,69
712,сынок,81
712,выбирать,23
712,близко,9
713,ученый,76
713,выражение,68
713,строительство,23
714,торговля,48
714,потянуться,76
714,ремень,15
714,одиннадцать,27
714,банда,72
714,казнь,26
714,вскинуть,12
714,висеть,91
715,посвятить,17
715,избегать,67
715,неожиданно,44
715,дальний,98
715,голубчик,56
715,рассуждение,18
715,инструкция,47
715,одиннадцать,97
716,следовательно,99
716,хотеть,42
716,сынок,70
716,очередной,14
716,заявление,100
716,аж,63
716,банк,64
716,скрытый,21
716,мера,57
716,головка,61
717,выражаться,33
717,термин,70
717,устройство,55
717,порода,28
718,смеяться,7
718,деловой,42
718,граница,46
718,что,49
718,прежде,74
719,один,34
719,художественный,19
720,висеть,69
720,иной,19
720,лететь,36
720,спалить,1
721,снимать,64
721,человечек,92
721,добиться,8
721,коммунизм,28
721,задержать,88
721,полностью,78
721,спорт,92
721,упорно,95
722,построить,64
722,вскакивать,48
722,тревога,98
722,кпсс,43
722,непривычный,89
722,устройство,28
722,пересечь,86
722,войти,43
723,набор,3
723,рота,62
724,разнообразный,37
724,вскакивать,10
724,степь,5
724,миг,9
724,горький,91
725,роскошный,96
726,исполнять,68
726,войти,2
726,витрина,5
726,природа,54
726,военный,75
726,низкий,9
726,вскинуть,70
726,видимо,19
726,столетие,38
727,аж,21
727,спасть,67
727,покидать,48
727,идея,33
727,очко,75
728,какой,31
728,правление,51
728,сынок,69
729,поговорить,20
729,решение,39
729,болото,61
729,назначить,75
730,написать,30
730,медицина,29
730,поставить,36
730,поздравлять,44
730,легко,81
731,теория,71
731,порог,3
731,советовать,34
731,опасность,72
731,выбирать,45
731,кпсс,82
731,недостаток,95
731,тусклый,72
732,дрогнуть,34
732,перебивать,37
733,помимо,52
733,скрытый,43
733,цвет,82
733,что,94
733,естественный,35
733,карандаш,83
733,сынок,3
733,бетонный,13
733,мелькнуть,84
733,посидеть,6
734,секунда,26
734,пересечь,41
734,армейский,44
735,пропаганда,61
735,казнь,79
735,заложить,28
735,исследование,63
735,намерение,43
736,торопливый,52
736,означать,55
736,человечек,36
736,покидать,98
736,пересечь,98
737,неожиданно,72
738,одиннадцать,84
738,художественный,86
738,растеряться,51
738,пища,81
738,невозможно,98
738,домашний,70
738,мелькнуть,37
738,мусор,5
738,роса,11
738,дошлый,12
739,миф,37
739,выбирать,63
739,аллея,23
740,освобождение,14
740,дорогой,17
740,исполнять,98
741,цепочка,7
741,дремать,84
742,вытаскивать,60
742,уронить,85
742,расстегнуть,68
742,премьера,19
743,при,72
743,следовательно,44
743,разнообразный,45
744,счастье,70
744,художественный,75
744,трубка,93
744,крутой,7
744,падаль,79
744,эпоха,36
744,наступать,9
744,горький,54
744,второй,31
744,кожа,92
745,спорт,30
745,еврейский,11
746,куча,54
747,вариант,13
747,горький,46
747,хотеть,66
747,деловой,5
747,ставить,68
748,пространство,69
748,скользить,9
748,бок,61
748,житель,95
748,плясать,41
748,дрогнуть,75
748,порода,38
748,экзамен,66
748,госпожа,96
748,поезд,61
749,механический,70
749,встать,98
749,сверкать,72
749,солнце,32
749,господь,21
749,ленинград,33
749,вздрогнуть,89
750,порода,19
751,задрать,91
751,триста,47
751,материя,11
751,рис,23
751,тревога,66
751,аж,56
751,салон,53
752,правление,26
752,выразить,53
753,хозяйка,4
753,висеть,91
754,рабочий,22
754,мотоцикл,64
754,поговорить,82
754,уничтожение,44
754,дыхание,96
755,намерение,41
755,бровь,83
755,ставить,41
755,ставить,48
755,спешить,39
755,граница,68
755,предоставить,60
755,развитый,7
755,штаб,93
756,сомнительный,14
756,ботинок,23
756,спешить,35
756,упорно,28
757,сходить,46
757,госпожа,63
758,ботинок,70
758,оставить,75
758,рай,96
758,похороны,59
758,пятеро,21
758,тысяча,73
758,совещание,65
759,функция,45
760,школьный,63
760,коричневый,7
760,сынок,32
760,головной,43
760,возможно,83
760,пастух,21
760,жестокий,45
760,нож,44
761,какой,11
761,неправда,76
761,заработать,17
761,руководитель,38
761,носок,10
761,жестокий,57
761,кпсс,11
761,второй,20
761,умирать,40
761,волк,84
762,сверкать,100
762,нажать,14
762,сомнительный,28
763,аллея,77
763,вздрогнуть,85
763,растеряться,46
763,печатать,8
763,штаб,3
763,возбуждение,76
763,более,49
764,даль,73
764,зачем,18
764,цепочка,87
765,прежде,9
765,применяться,97
765,бок,5
765,стакан,59
765,запеть,69
765,каюта,91
765,сохранять,56
765,коричневый,63
765,бок,96
766,единый,91
767,еврейский,80
767,дрогнуть,95
767,избегать,52
767,армейский,78
767,цель,14
767,пламя,27
767,аж,3
767,полоска,39
767,слишком,34
768,выраженный,38
768,зеленый,68
768,ломать,69
768,теория,65
768,смелый,84
768,еврейский,24
768,понятный,77
768,близко,67
769,командующий,50
769,трубка,11
769,умолять,21
770,трясти,4
770,грудь,24
770,кузнец,43
770,художественный,68
771,витрина,73
771,недостаток,65
771,светило,19
771,вообще,23
771,выражение,97
771,тревога,18
771,материя,53
772,естественный,91
772,неправда,73
772,редактор,15
772,правление,36
772,носок,94
772,интеллектуальный,17
773,трубка,5
773,магазин,79
773,выраженный,100
773,налево,75
773,дурацкий,3
773,о,5
773,хотеть,94
773,правление,51
774,сбросить,87
774,солнце,58
774,рай,30
774,адвокат,27
774,столетие,80
774,дремать,65
774,анализ,57
774,уточнить,94
774,помолчать,77
774,ответить,67
775,сравнение,92
775,парень,77
775,снимать,15
775,провинция,29
775,народ,33
775,природа,70
776,построить,31
776,число,62
776,теория,20
776,порог,75
776,головка,16
777,отметить,77
777,запеть,43
777,избегать,3
777,уничтожение,83
778,число,40
778,тюрьма,52
779,процесс,92
779,передо,21
779,исполнять,65
779,проход,76
780,торговля,34
780,ведь,82
780,банк,45
780,о,8
780,сравнение,91
780,солнце,52
780,предоставить,15
780,второй,28
780,покидать,87
781,мальчишка,98
781,вчера,51
781,хотеть,53
781,горький,44
781,конструкция,17
781,тута,15
782,процесс,48
782,кольцо,15
782,медицина,24
782,перебивать,11
782,помимо,56
782,крутой,3
783,хозяйка,8
783,тута,80
783,оборот,77
783,аллея,58
783,висеть,72
783,потянуться,61
783,построить,91
783,товар,47
784,роса,22
784,издали,16
784,призыв,4
784,единый,68
784,палец,69
784,возможно,33
784,тесно,43
784,слать,76
784,серьезный,66
785,инвалид,77
785,поздравлять,25
786,выразить,73
786,а,41
786,тревога,8
786,ученый,27
786,секунда,84
786,картинка,50
786,серьезный,36
787,тревога,51
787,отметить,81
787,функция,56
787,запустить,33
788,пламя,21
788,выраженный,6
788,видимо,39
789,банк,46
789,волк,17
789,коммунизм,33
789,неожиданный,75
789,запеть,55
789,мелочь,74
789,мимо,33
789,шлем,10
789,написать,49
789,оборот,24
790,мимо,59
790,табак,49
791,ярко,45
791,приличный,79
791,подземный,60
791,райком,96
791,угодный,41
791,деловой,45
791,запустить,51
792,передо,7
792,через,17
792,увеличиваться,74
793,да,74
794,порог,55
794,плод,26
794,деньги,8
794,салон,64
794,потом,34
794,выраженный,41
794,исследование,53
794,головка,96
794,банда,34
795,плавно,9
795,командир,26
796,коллектив,85
796,сверкать,55
797,да,60
797,пол,41
797,недостаток,31
797,прелесть,23
797,бок,45
797,пробовать,26
797,жестокий,83
797,ответить,89
797,палец,43
798,советовать,4
798,заработать,32
798,премьера,51
798,армейский,4
798,о,81
798,казнь,18
798,сверкать,4
798,расстегнуть,84
798,сверкать,61
799,прежде,46
799,вытаскивать,81
799,рис,1
799,встать,5
799,бетонный,69
799,что,63
800,выкинуть,14
800,сравнение,49
801,вывести,84
801,конструкция,80
801,доставать,12
801,упор,18
801,крыса,40
801,школьный,28
801,командующий,86
802,выразить,36
802,ход,73
802,еврейский,22
802,передо,29
802,выраженный,36
803,смеяться,56
803,а,87
803,угол,4
803,шлем,74
803,пропадать,29
803,смелый,5
803,мусор,97
803,вздрагивать,22
803,бабочка,48
803,тяжелый,54
804,факультет,38
804,художественный,95
804,оставить,31
804,приличный,90
804,лететь,62
804,ложиться,79
804,миф,92
804,точно,78
805,серьезный,16
805,упор,25
805,мгновение,73
805,зато,78
805,космос,65
805,доставать,86
806,актриса,40
806,школьный,33
806,около,48
806,сверкать,17
806,грудь,52
806,отъезд,73
807,провинция,34
807,освобождение,29
808,труп,43
809,одиннадцать,13
809,умолять,14
809,приятель,17
810,дрогнуть,39
810,славный,67
810,бровь,37
810,приличный,78
810,беспомощный,53
810,отметить,76
810,сутки,80
810,налоговый,22
810,что,22
810,банк,17
811,монета,66
811,сбросить,51
811,тесно,11
811,пища,72
811,развитый,79
811,коллектив,18
812,девка,85
812,порядок,18
812,запеть,67
812,правление,36
812,сверкающий,55
812,экзамен,10
812,налоговый,49
812,жидкий,73
812,крутой,28
812,направо,24
813,тюрьма,62
813,миг,21
813,указанный,6
813,страсть,53
813,роса,99
813,мотоцикл,45
813,прощение,55
814,район,26
814,вытаскивать,4
814,самостоятельно,32
814,падаль,23
814,расстегнуть,25
814,художественный,90
815,материя,10
815,материя,70
815,рассуждение,56
816,помолчать,58
816,болото,64
816,более,81
816,сынок,61
816,труп,94
816,появление,27
816,неудобно,78
816,лиловый,72
817,запретить,33
817,теория,5
817,наткнуться,35
818,скользить,65
818,единый,59
819,ярко,40
819,правление,13
819,реклама,65
819,спасть,8
819,войти,41
819,район,45
819,юный,79
819,слать,32
819,спорт,17
820,прошептать,25
820,тревога,64
821,набор,37
821,совет,80
821,тесно,11
821,художественный,52
821,естественный,97
822,потом,50
822,невыносимый,33
822,потом,61
823,назначить,76
823,коробка,96
823,видимо,91
823,спичка,67
823,райком,8
823,юный,6
823,головной,38
823,тяжелый,77
824,покидать,40
824,ответить,32
824,смелый,100
824,вздрогнуть,64
824,избегать,16
824,упорно,81
825,помимо,60
825,плясать,28
825,банк,91
825,казнь,36
825,о,23
825,палка,63
826,отражение,23
826,господь,6
826,ставить,81
826,необычный,43
827,голубчик,39
827,жить,65
827,тесно,54
827,затянуться,57
827,ложиться,27
827,сверкающий,4
827,покинуть,78
827,крыса,47
827,хлеб,14
828,хозяйка,75
828,обида,16
828,новый,95
828,написать,2
828,одиннадцать,10
828,адвокат,18
828,непривычный,66
828,бетонный,93
828,ход,33
828,наслаждение,48
829,коллектив,58
829,танцевать,100
829,близко,78
829,следовательно,38
829,пища,83
829,тесно,91
829,возбуждение,73
830,тута,8
830,пропасть,46
830,место,91
830,крутой,38
830,ручей,41
830,пересечь,60
830,наслаждение,36
830,дремать,60
831,страсть,32
831,предоставить,7
831,выдержать,1
831,собеседник,16
831,миг,97
831,бак,88
831,банк,37
832,казнь,94
832,светило,18
832,зеленый,89
832,трубка,35
832,плод,68
832,палата,90
832,домашний,87
832,мотоцикл,76
832,очутиться,26
833,кузнец,83
833,изучить,70
833,изменение,45
833,дьявол,56
833,витрина,91
834,засунуть,35
834,труп,86
834,вздрогнуть,87
834,космос,3
834,снимать,2
834,житель,87
835,легко,40
835,четыре,5
835,совет,26
835,витрина,14
835,умирать,36
835,налоговый,36
835,тюрьма,97
835,интернет,100
836,что,27
836,лиловый,40
836,дорогой,78
836,нервно,83
836,порядок,17
836,темнеть,87
836,опасность,30
836,юный,31
836,ягода,93
836,выдержать,1
837,команда,22
837,поезд,53
837,остановить,41
837,эпоха,4
837,гулять,75
837,трубка,7
837,носок,29
837,подробность,18
837,премьера,58
837,ломать,97
838,возникновение,75
838,штаб,81
838,ночь,8
838,дальний,55
838,мелочь,75
838,остановить,75
838,металл,10
838,магазин,40
838,исполнять,84
838,дурацкий,40
839,применяться,92
839,ставить,92
839,белье,75
839,правый,52
839,степь,23
839,торопливый,96
839,бок,22
840,кпсс,98
840,засунуть,86
840,художественный,40
840,угол,9
840,второй,88
840,сохранять,72
840,правление,95
840,пастух,24
840,точно,20
841,новый,93
841,пересечь,91
841,механический,5
841,четыре,74
841,гулять,56
841,подземный,66
842,мучительно,33
842,счастье,43
842,слать,8
842,мелькнуть,69
842,появление,52
842,холодно,51
842,построить,35
842,неправда,18
842,неудобно,26
842,намерение,89
843,материя,73
844,обида,3
844,хозяйка,43
844,плод,16
844,головка,26
844,торопливый,69
844,холодно,65
844,салон,72
844,за,36
845,каюта,61
846,командование,46
846,отражение,16
846,гулять,59
846,вариант,71
846,темнеть,60
846,функция,31
846,боец,60
846,издали,25
846,помолчать,90
846,число,48
847,а,32
847,процесс,33
848,решетка,96
848,юный,10
848,один,32
848,достоинство,41
848,порядок,54
848,виднеться,32
848,рот,33
848,бак,6
848,степь,61
848,болото,69
849,самостоятельно,38
849,мусор,64
849,плод,4
849,угол,48
849,приходить,41
849,сутки,97
850,счастье,86
850,товар,3
850,зеленый,20
850,процесс,12
850,покинуть,33
850,девка,97
850,реклама,26
850,рота,77
851,помолчать,38
851,господь,37
851,устройство,95
851,адвокат,85
851,бабочка,20
851,беспомощный,15
851,песня,61
851,протягивать,69
852,тревога,28
852,запретить,27
852,полностью,87
852,провинция,22
852,перебивать,86
852,находить,83
852,волк,48
852,изменение,35
852,дрогнуть,65
852,виднеться,10
853,манера,91
853,подробность,68
853,казнь,98
853,неожиданный,71
853,отражение,100
853,отражение,62
853,материя,68
853,некоторый,21
853,заплакать,99
854,триста,8
854,мучительно,55
854,чем,70
854,оборот,72
854,написать,94
855,совет,100
855,фонарик,78
855,мелочь,75
855,налево,26
855,кольцо,12
855,крутой,67
855,заявление,32
855,пропасть,36
856,ягода,26
856,роса,89
856,теория,7
856,запретить,87
856,металл,44
856,смелый,33
856,интернет,39
856,полоска,47
856,факультет,18
856,палка,45
857,другой,66
857,видимо,36
857,промолчать,80
857,ответить,62
857,печатать,35
857,посвятить,26
858,вздрагивать,68
859,выражаться,44
859,постоянный,82
859,правильный,81
859,выраженный,80
859,мелочь,5
859,около,73
859,умирать,71
859,жестокий,32
860,единый,83
860,интернет,72
860,наткнуться,11
860,художественный,60
860,песня,73
860,приходить,54
860,заявление,46
861,задержать,84
861,еврейский,39
861,поезд,12
861,потом,100
861,ставить,43
861,бетонный,14
862,госпожа,3
862,лапа,11
862,упор,11
862,зато,19
862,смеяться,49
862,запустить,88
862,степь,84
862,засунуть,82
862,настать,92
863,эффект,40
863,порядок,7
863,мгновение,21
863,темнеть,30
863,помимо,98
863,решетка,88
863,радость,52
863,гулять,9
863,услать,36
863,палка,57
864,дошлый,97
864,призыв,90
864,постоянный,57
864,сходить,89
864,пропадать,74
864,вскинуть,12
864,головной,95
864,изредка,3
864,жестокий,8
864,запеть,47
865,выкинуть,17
865,бабочка,86
866,изба,60
866,разнообразный,53
867,мягкий,93
867,упор,52
867,коричневый,39
867,горький,73
867,интернет,48
867,славный,83
868,подробность,44
868,граница,53
868,другой,80
868,запеть,90
868,написать,78
868,уронить,67
868,команда,67
868,заведение,18
868,выбирать,85
868,пропаганда,68
869,заведение,41
869,пропасть,44
869,дремать,89
869,аж,33
870,блин,68
870,налоговый,90
871,триста,98
871,сопровождаться,14
871,неудобно,13
871,демократия,64
871,около,59
871,интеллектуальный,38
871,поезд,88
872,скользить,46
872,бетонный,93
872,невозможно,18
873,военный,97
873,неправда,16
873,дружно,37
873,инфекция,67
873,сохранять,70
873,передо,68
873,командование,76
873,точно,68
874,избегать,3
875,аллея,76
875,металл,63
876,триста,46
876,кольцо,74
877,песенка,8
877,близко,53
877,дошлый,9
877,сходить,95
877,собеседник,67
877,июнь,9
877,торговля,8
877,труп,18
877,вчера,3
878,интернет,45
878,обида,39
878,задержать,58
879,упорно,88
879,собеседник,96
879,космос,46
879,исполнять,86
879,костер,49
879,порода,79
880,правый,22
880,заработать,72
880,указанный,79
880,пастух,77
880,дьявол,62
880,бегать,80
880,способ,21
880,жить,41
880,пропасть,71
881,песня,90
882,нажать,5
882,вчера,10
882,функция,61
882,видимо,55
882,командир,56
883,хлеб,14
883,песенка,81
883,парень,7
883,развернуться,29
883,строительство,4
884,ответить,37
884,вскакивать,64
884,запретить,4
884,мера,97
884,встать,13
885,триста,72
885,опасность,65
885,крутой,62
885,кожа,76
886,приличный,55
886,левый,91
886,сынок,91
886,рай,76
886,полюбить,94
886,единый,58
886,природа,1
887,карандаш,55
887,задержать,31
887,появление,41
887,пропаганда,27
887,госпожа,14
887,зима,32
888,перебивать,83
888,четыре,69
888,отъезд,62
888,порт,32
888,скользить,67
889,потрясти,38
889,металл,2
889,стакан,36
889,четыре,91
889,банда,68
889,неудобно,56
889,казнь,82
889,кидать,62
889,мимо,41
890,горький,11
890,интеллектуальный,19
890,зарплата,84
890,оборот,40
890,наслаждение,28
890,единый,64
890,запеть,64
890,смертельный,79
891,падать,63
891,разводить,39
891,ярко,58
892,заложить,96
892,иной,30
892,добиться,92
892,засунуть,46
892,нервно,42
893,выгнать,25
893,сходить,72
893,девка,48
894,разуметься,21
894,хлеб,65
894,тюрьма,46
894,появление,24
894,указанный,76
894,танцевать,68
894,девка,74
894,плод,84
894,тесно,35
894,головка,85
895,сверкающий,20
896,решение,33
896,ведь,84
896,левый,13
896,художественный,36
897,жить,28
898,штаб,65
898,покидать,78
898,умирать,3
898,трясти,57
898,аллея,69
898,ставить,24
898,рай,10
899,миф,61
899,космос,6
900,вздрогнуть,51
900,премьера,14
900,миллиард,35
900,ремень,19
900,художественный,44
900,скользить,17
900,руководитель,8
900,порт,30
900,угодный,46
900,дружно,12
901,услать,80
901,передо,54
901,число,37
901,миллиард,13
901,бетонный,75
902,поймать,51
902,умолять,76
902,цвет,38
902,цель,6
902,горький,97
902,академик,58
903,поговорить,91
903,расстройство,37
903,сходить,2
903,иной,99
903,привлекать,62
903,солнце,28
904,освободить,100
904,растеряться,96
904,заведение,45
904,приятель,45
905,изредка,91
905,пересечь,34
905,эффект,54
905,сопровождаться,54
905,низкий,63
905,полностью,56
905,секунда,64
906,конструкция,91
906,ленинград,85
906,каюта,23
906,носок,81
906,отметить,77
906,голубчик,73
907,плавно,14
907,а,16
907,место,85
907,господь,17
907,радость,35
907,очутиться,86
907,потянуться,40
907,отметить,25
907,мальчишка,57
907,бабочка,71
908,падать,63
908,успокоиться,32
908,вывести,13
908,находить,69
908,конструкция,46
908,угодный,95
908,прежде,92
908,ремень,43
908,бетонный,72
908,собеседник,9
909,каюта,66
909,выбирать,61
909,команда,21
909,дорогой,87
910,радость,17
911,космос,18
911,оборот,73
911,да,83
911,пятеро,10
912,приличный,18
912,пропадать,60
912,понятный,25
912,прошептать,30
912,неправда,62
912,еврейский,46
912,равнодушный,68
912,функция,9
912,ход,61
912,помолчать,54
913,пространство,47
913,исполнять,3
913,новый,59
913,кпсс,26
913,отражение,43
913,триста,25
914,полоска,83
914,настать,95
914,за,43
914,вперед,19
914,палка,89
914,вскакивать,35
914,полевой,21
914,очко,50
914,зима,51
915,сомнительный,26
915,близко,56
915,обида,96
915,понятный,26
915,дальний,23
915,эффект,36
916,рай,36
916,кожа,97
916,процесс,82
916,ложиться,75
916,недостаток,21
916,тысяча,73
916,неожиданно,72
916,передо,79
916,ученый,18
917,хозяйка,60
917,бригада,83
917,танцевать,56
917,сверкать,79
917,анализ,91
917,трясти,72
917,командование,87
917,палата,23
917,крутой,2
918,райком,20
918,непривычный,71
918,бровь,51
919,дружно,87
920,сравнение,43
920,следовательно,43
920,другой,99
920,поговорить,92
920,коллектив,19
920,грустный,72
920,прощение,77
920,миг,47
921,мелькнуть,19
921,поставить,6
921,беспомощный,49
921,запустить,33
921,полевой,60
921,результат,66
921,темнеть,75
921,потрясти,80
922,потрясти,67
922,назначить,26
922,шлем,19
922,наткнуться,84
922,плод,76
922,труп,37
922,волк,37
923,печатать,89
923,поймать,56
923,угроза,60
923,горький,19
923,помолчать,23
923,возникновение,41
923,смелый,90
923,освобождение,96
923,падаль,65
924,передо,54
924,прежний,20
924,степь,75
924,самостоятельно,81
924,стакан,81
924,тюрьма,95
924,танцевать,84
924,исследование,74
924,четыре,19
924,школьный,45
925,при,14
925,услать,28
925,коробка,89
925,господь,71
925,успокоиться,35
925,теория,79
925,угроза,92
925,пересечь,98
926,успокоиться,35
926,задержать,81
926,приятель,87
926,рот,50
926,крыса,75
926,выдержать,55
926,зачем,26
926,полоска,37
926,художественный,66
927,роскошный,89
927,функция,69
927,блин,77
927,светило,8
927,юный,42
927,печатать,58
927,пятеро,43
927,эпоха,43
927,необычный,9
928,что,78
929,головной,35
929,ученый,39
929,дремать,11
929,счастье,62
929,точно,90
930,наткнуться,84
930,металл,49
930,правильный,68
930,салон,6
930,при,26
931,дремать,65
931,правление,20
931,монета,14
931,приятель,35
931,издали,7
931,важный,58
931,поймать,89
931,валюта,7
932,правильный,23
932,желание,45
932,пропасть,5
932,более,75
932,о,85
932,багровый,54
932,коллектив,71
932,виднеться,83
932,теория,95
933,подземный,1
933,прошептать,89
933,поздравлять,68
933,палка,25
933,торопливый,13
933,выразить,54
933,другой,33
933,социалистический,62
934,построить,9
935,полностью,43
935,славный,80
936,набор,4
937,возмутиться,25
937,пересечь,39
937,картинка,95
937,серьезный,49
937,спалить,88
937,белье,38
937,прежний,56
937,совет,83
937,горький,12
938,да,100
939,монета,94
939,выбирать,93
939,возможно,70
939,увеличиваться,15
939,заложить,27
939,второй,95
939,медицина,95
939,серьезный,60
939,банда,30
939,горький,10
940,остановить,63
940,вариант,22
940,пропаганда,44
940,услать,84
940,сверкать,78
940,спешить,100
940,терапия,44
940,совет,8
940,пространство,36
941,сынок,15
941,пастух,97
941,зарплата,50
941,степь,43
941,трубка,85
941,горький,98
942,плод,50
942,отдел,84
943,сомнительный,37
943,валюта,38
943,июнь,1
943,присесть,57
943,зачем,54
943,господь,23
944,умолять,9
944,горький,46
944,чувство,60
944,дошлый,77
944,более,54
944,покидать,83
945,запеть,89
946,более,70
946,следовательно,25
946,подробность,81
946,порядок,63
946,штаб,12
946,развернуться,12
946,пропадать,93
947,радость,38
947,засунуть,43
947,инфекция,71
947,снимать,100
947,заработать,16
947,достоинство,86
947,четко,28
947,функция,58
948,успокоиться,49
948,пища,72
948,мгновение,87
948,социалистический,8
948,степь,10
948,одиннадцать,22
949,посидеть,79
949,палата,43
949,тревога,90
949,очко,10
949,слать,88
949,проход,8
949,рай,77
950,рассуждение,61
950,слишком,71
950,изредка,99
950,угодный,12
950,сбросить,3
950,актриса,73
951,предоставить,96
951,уточнить,37
951,чувство,39
951,кпсс,38
951,мягкий,76
951,скользить,37
951,да,31
951,славный,52
951,дружно,74
952,рис,90
952,чувство,34
952,а,60
952,дальний,69
952,разводить,85
952,строительство,47
952,появление,31
952,ставить,81
953,господь,74
953,заложить,87
953,мягкий,69
953,хлеб,56
954,миллиард,85
954,правильный,95
954,снимать,83
954,понятный,71
954,лететь,71
954,нож,42
954,увеличиваться,18
954,плод,53
954,скользить,59
954,вообще,56
955,торопливый,57
955,очередной,4
955,роса,81
955,поезд,90
956,неправда,86
956,светило,76
956,вариант,50
956,рот,64
956,художественный,63
956,кузнец,58
956,ночь,58
956,деловой,61
957,направо,18
957,равнодушный,44
957,еврейский,27
957,радость,2
957,смеяться,36
957,мусор,23
957,помолчать,63
957,дрогнуть,96
957,один,20
958,означать,72
958,манера,52
958,четыре,63
958,советовать,95
958,граница,44
958,крутой,37
959,соответствие,47
959,возбуждение,40
959,неправда,84
959,ставить,94
959,угроза,18
959,природа,93
959,ягода,95
960,командующий,99
960,заявление,6
960,плавно,71
960,заплакать,42
960,спорт,76
960,засунуть,15
961,ягода,83
961,руководитель,62
961,изучить,54
961,танцевать,27
961,остановить,72
961,трясти,31
962,изба,10
962,металл,89
962,неправда,61
962,трубка,35
962,одиннадцать,43
962,смелый,36
962,возбуждение,63
962,холодно,26
963,способ,17
963,применяться,19
963,научить,73
963,юный,8
963,терапия,85
963,вывести,82
963,интеллектуальный,41
963,покинуть,1
964,ставить,75
964,сутки,15
964,интернет,52
964,блин,61
964,мелькнуть,78
964,ручей,27
964,совещание,31
965,крыса,5
965,расстегнуть,45
965,цвет,32
965,кольцо,95
965,песенка,88
965,освобождение,33
966,заведение,64
966,район,98
966,угол,54
966,развернуться,2
966,задрать,23
966,легко,37
967,спорт,80
967,передо,64
967,голубчик,86
967,деньги,57
968,умолять,73
968,избегать,35
968,лететь,89
968,горький,13
968,неожиданно,87
969,миллиард,18
969,рота,3
969,иной,48
969,появление,36
969,умолять,46
970,необычный,49
970,социалистический,3
970,основание,17
970,важный,82
970,подземный,74
971,более,11
971,правильный,77
971,отъезд,28
971,монета,26
971,потрясти,33
971,одиннадцать,51
971,советовать,8
971,рис,25
971,успокоиться,86
971,ленинград,95
972,конференция,36
972,танцевать,95
972,смелый,42
972,смелый,71
972,пространство,24
972,поколение,93
972,покинуть,39
973,казнь,31
973,приличный,72
974,посвятить,55
974,лиловый,98
974,сутки,93
974,предоставить,32
974,мелочь,94
974,коричневый,23
974,разуметься,97
974,нажать,75
974,жидкий,10
975,тусклый,79
975,руководитель,95
975,зима,38
975,порядок,21
975,возбуждение,12
975,очередной,47
975,проход,40
975,интеллектуальный,25
976,способ,46
976,счастье,11
976,решение,33
977,пространство,35
977,равнодушный,26
977,руководитель,69
977,грустный,93
977,близко,76
977,порода,26
977,прежний,25
977,пасть,41
977,хлеб,45
977,команда,45
978,прежде,92
978,бегать,22
978,парень,31
978,запустить,35
978,жить,66
978,ныне,76
978,засунуть,12
979,спасть,49
979,желание,92
979,неожиданный,14
979,цель,4
980,проход,59
980,разуметься,40
980,функция,31
980,деньги,74
980,факультет,31
980,волк,95
980,набор,15
980,пространство,95
980,человечек,76
981,полевой,97
981,изучить,83
981,устройство,38
981,светило,85
982,сынок,74
982,покидать,74
982,приличный,93
983,посвятить,4
983,пастух,86
983,возбуждение,16
983,мрачно,79
983,армейский,58
983,порог,53
983,смелый,86
984,миф,18
984,инфекция,25
984,порядок,85
984,хотеть,11
984,нажать,55
984,слишком,71
984,сбросить,96
984,выгнать,16
984,одиннадцать,28
985,функция,5
986,недостаток,22
986,природа,100
986,неожиданно,98
986,девка,8
986,сверкать,48
986,аж,100
986,возмутиться,13
986,кпсс,97
986,демократия,90
987,вытаскивать,19
987,рис,87
987,чувство,25
987,сохранять,4
988,рис,86
988,указанный,10
988,процесс,4
988,уточнить,6
988,художественный,76
988,правление,50
988,недостаток,47
989,прежний,8
989,правление,86
989,командующий,97
989,господь,79
989,добиться,92
989,коробка,7
989,вперед,83
989,неожиданный,47
989,магазин,23
990,поезд,28
990,труп,23
990,пастух,97
990,слать,69
991,сравнение,25
991,задрать,99
991,пища,90
991,пространство,72
991,изба,35
991,вряд,21
991,цепочка,80
992,ученый,97
992,научить,69
992,столетие,29
993,пол,37
993,исследование,41
993,близко,86
993,мусор,33
993,невыносимый,4
993,падать,61
993,порт,50
993,запеть,78
994,песенка,79
994,смеяться,28
994,нож,55
994,миллиард,18
995,растеряться,41
995,спалить,77
995,ленинград,80
995,четко,52
996,провинция,52
996,возмутиться,43
996,встать,70
997,цель,89
997,сверкающий,93
997,академик,65
997,устройство,68
997,заявление,58
998,спорт,85
998,спешить,15
999,скрытый,98
999,смертельный,23
999,полоска,56
1000,упорно,20
1000,недостаток,67
1000,собеседник,100
1000,пересечь,62
1000,рис,85
1000,очутиться,15
1000,торопливый,92
1000,падаль,80
1000,трубка,6
1001,рота,30
