courier_id,order_id,assigned_at
570,951,1999-04-25 12:21:54.729098
332,935,2006-11-07 16:35:21.776919
294,340,2021-12-07 01:36:38.449215
182,209,2017-07-04 07:53:08.357533
807,174,2011-10-17 10:25:45.754023
403,760,2020-08-31 15:37:13.044407
454,987,2005-06-10 08:26:51.942164
142,914,1998-06-23 14:40:01.564047
12,466,2004-11-25 19:29:38.873020
624,238,2003-06-14 23:20:35.029509
555,575,2000-03-30 04:35:39.211438
34,51,2014-07-22 22:33:03.166190
89,378,2009-04-09 09:00:39.210928
958,110,1995-09-16 02:45:08.435201
325,719,2021-06-06 05:51:59.519441
582,659,2005-05-01 23:45:14.998888
656,720,2019-10-07 09:19:25.591396
367,872,2012-06-28 22:05:02.525311
552,865,1995-12-21 01:52:53.708158
756,302,2000-02-05 04:54:26.939598
791,810,2010-01-08 14:45:22.548984
515,399,2000-08-16 21:25:34.328825
526,46,2016-07-02 21:25:24.423384
924,618,2004-12-28 20:31:58.937718
562,415,2018-12-25 08:06:55.037746
845,950,2010-12-27 01:22:37.408578
782,95,1995-11-02 17:52:08.139899
981,47,2017-06-11 02:09:05.019335
991,678,2015-02-17 20:29:09.473145
770,561,2003-05-16 22:32:42.086847
130,639,2006-08-15 06:04:37.764813
616,384,2001-01-14 07:41:46.422881
320,65,2009-01-08 11:11:02.131419
533,808,2020-09-22 12:06:16.789032
145,953,2001-08-09 11:53:54.072624
521,856,2001-05-03 15:22:22.806241
525,619,2001-02-18 03:07:00.123687
926,638,2020-08-31 15:57:16.800856
751,298,2018-12-07 21:57:35.542703
600,360,2002-12-31 09:43:51.846007
704,496,2020-03-01 12:03:14.894035
141,784,2003-01-09 00:02:56.994523
156,452,2016-07-02 14:15:45.673692
702,406,2002-03-04 12:42:43.052028
366,527,2006-03-19 08:49:52.257778
821,383,2009-12-23 17:18:10.656348
873,87,2014-03-23 16:45:00.281359
916,721,2011-06-29 09:18:11.073128
418,168,2019-05-11 07:06:39.546618
48,827,2005-12-25 09:27:44.694636
303,830,2002-07-29 09:56:16.534455
593,38,2020-02-28 22:52:34.323357
566,356,2014-02-22 17:49:39.656394
412,658,2012-02-15 07:13:20.519616
471,363,2015-03-08 21:32:33.216688
31,934,1995-12-14 15:19:08.028429
258,571,2001-09-27 03:17:37.786004
513,466,2004-11-20 19:29:38.873020
164,513,2010-01-30 00:09:44.326092
709,319,2000-07-27 16:26:40.135659
34,980,2012-05-08 23:56:44.210102
79,12,2023-10-08 17:22:24.204343
487,410,2023-03-10 04:21:41.855464
633,301,1996-08-09 22:48:44.484995
383,156,2020-03-30 19:21:05.648744
461,549,2009-03-31 19:39:59.432293
270,444,2019-08-22 07:02:11.540960
38,655,2024-05-06 11:47:28.415186
631,772,2008-03-15 16:00:37.166811
586,310,2017-12-26 13:55:19.271977
866,549,2009-04-04 19:39:59.432293
354,253,2011-06-20 02:58:25.465074
441,51,2014-08-04 22:33:03.166190
532,142,2016-08-23 16:14:04.175486
347,74,2021-07-20 20:16:52.276984
297,215,2011-02-07 04:29:21.478055
885,88,2008-05-24 11:55:21.633095
582,457,2013-08-30 02:20:56.903946
411,170,2002-04-11 14:16:32.985159
710,783,2004-11-15 15:13:08.119254
598,153,2020-12-30 04:05:10.981595
379,151,2014-05-29 22:04:45.889266
260,843,2015-10-30 11:31:50.549644
566,383,2009-12-23 17:18:10.656348
520,326,2022-06-19 14:23:47.382380
95,184,2000-11-24 02:37:08.007465
673,304,2020-05-13 14:10:26.179518
292,526,2016-03-26 02:03:21.867285
240,478,2008-03-20 04:14:01.637852
836,768,2009-12-29 12:21:35.884299
451,154,2019-01-18 16:07:03.317059
184,865,1995-12-14 01:52:53.708158
346,276,1995-09-13 18:15:55.147802
963,256,2014-07-12 04:18:48.439587
108,348,2023-01-29 23:35:13.451769
922,107,2011-02-10 13:39:39.539238
634,673,2016-03-14 15:07:50.887858
856,394,2000-12-08 18:04:46.247386
333,302,1999-12-26 04:54:26.939598
118,826,2012-07-11 16:13:14.951498
702,331,2006-01-21 05:19:13.163838
608,278,2008-12-19 17:08:54.633219
684,167,2014-10-03 23:44:08.920701
551,835,2003-08-02 01:05:07.673229
908,297,2019-05-04 22:59:15.159317
21,406,2002-03-05 12:42:43.052028
350,690,1998-09-18 02:47:10.387989
194,229,2020-01-25 09:35:12.121144
914,812,2024-04-30 04:43:01.867908
474,959,2017-08-20 08:39:19.924851
647,949,2017-10-03 11:44:34.027980
635,681,2006-12-09 06:44:14.989144
134,135,2011-09-21 01:06:59.962808
313,353,2003-03-27 12:16:39.690573
963,495,2020-10-30 01:21:29.460784
110,122,2018-10-08 23:14:50.201312
542,859,1997-05-25 22:08:44.366160
668,58,2013-04-07 06:13:02.151316
447,438,2009-08-17 16:53:00.016563
549,739,2015-07-13 18:21:16.192344
90,106,2020-09-13 17:16:48.362693
47,476,2019-07-27 05:21:19.286644
604,173,2011-05-18 04:18:19.713005
650,114,2021-10-22 18:31:21.036228
408,935,2006-11-08 16:35:21.776919
327,381,2008-08-06 17:03:43.902505
579,699,2009-06-05 17:21:50.714200
774,100,2015-01-21 00:40:11.860615
108,688,2011-02-12 20:24:30.700266
863,301,1996-09-21 22:48:44.484995
201,972,2024-06-07 12:55:05.946314
340,525,2021-04-24 10:34:16.955557
163,262,2009-09-26 08:20:22.220441
776,304,2020-05-13 14:10:26.179518
364,722,2009-07-30 23:55:47.878434
475,906,2015-09-23 16:58:47.087929
866,194,2000-09-26 12:34:08.293287
849,354,2006-09-25 06:31:10.181902
669,618,2005-01-10 20:31:58.937718
563,256,2014-07-12 04:18:48.439587
131,72,2023-04-13 02:28:38.879629
394,245,2022-04-04 16:00:38.111613
508,585,2011-07-22 11:32:53.291960
912,77,2018-09-28 09:24:50.768205
746,263,2011-06-13 22:35:03.508338
198,536,2014-01-06 18:25:12.804917
214,170,2002-05-01 14:16:32.985159
664,874,2013-06-13 14:30:28.870181
567,944,2019-10-03 17:11:50.493807
801,732,2020-11-27 22:15:19.785002
569,402,2016-07-31 12:05:14.913993
512,383,2009-12-23 17:18:10.656348
705,97,1999-10-23 05:26:07.125350
516,20,1995-04-11 16:08:57.030629
922,437,2023-07-27 08:15:15.521619
827,730,2018-08-24 09:09:13.524020
608,903,2018-06-27 13:03:21.886925
53,627,1999-10-17 06:36:34.165403
972,374,2002-08-10 01:37:18.975592
439,892,2005-08-24 01:21:22.929966
118,996,2016-03-06 20:23:45.417902
535,527,2006-03-15 08:49:52.257778
947,283,2000-10-01 08:23:50.583459
435,454,2021-06-10 20:20:42.419598
665,290,2018-05-13 15:10:03.216714
669,81,2000-06-15 06:27:35.900962
402,389,2002-12-11 14:26:40.835375
160,77,2018-07-22 09:24:50.768205
799,578,2005-07-31 23:49:28.064848
423,273,2013-01-08 07:22:31.295434
235,346,2000-12-03 04:47:42.850180
998,262,2009-09-19 08:20:22.220441
582,812,2024-04-30 04:43:01.867908
346,581,2006-01-31 09:43:08.183224
58,988,2007-09-05 18:49:49.254833
999,477,2008-09-24 15:06:57.133564
229,32,2012-01-17 11:24:18.411390
224,232,1997-01-25 08:10:05.722767
950,12,2023-10-09 17:22:24.204343
261,56,2014-08-17 16:55:41.122828
357,565,2019-04-26 16:30:27.429584
545,459,2020-07-16 03:21:22.648081
749,163,2016-12-16 17:40:12.881370
425,837,2003-04-06 05:47:40.807927
251,279,2018-02-25 18:53:41.476998
448,655,2024-05-14 11:47:28.415186
256,253,2011-06-20 02:58:25.465074
156,711,2012-08-19 05:11:11.004784
810,235,2013-10-04 09:19:20.284740
729,86,1999-09-25 13:55:56.575354
708,439,2007-09-11 17:01:20.807858
27,331,2006-01-05 05:19:13.163838
544,751,2001-10-01 20:42:43.706208
110,375,2005-11-19 18:18:50.150687
236,383,2009-12-23 17:18:10.656348
91,205,2005-01-22 19:22:59.346488
226,175,2008-08-09 01:41:31.839029
85,768,2009-12-10 12:21:35.884299
382,284,2000-04-17 06:05:04.298803
13,547,2021-01-10 11:11:45.008373
239,415,2018-12-25 08:06:55.037746
469,956,2006-09-02 10:09:56.108783
445,702,2017-05-24 07:28:21.024287
288,504,2007-06-03 14:19:35.481955
861,818,2010-01-31 14:45:43.274918
754,118,2005-06-19 00:59:26.708227
207,739,2015-07-16 18:21:16.192344
722,443,2004-02-05 14:32:57.103093
36,286,2008-09-22 01:28:28.463000
392,60,2014-09-02 16:03:46.312486
555,371,2011-03-14 18:31:51.578209
671,826,2012-07-11 16:13:14.951498
755,589,1998-06-26 16:00:54.142438
58,247,2018-12-18 13:17:07.838293
396,163,2017-02-02 17:40:12.881370
161,879,2020-11-15 06:45:23.238163
566,291,1996-09-16 09:24:46.614632
17,202,2010-11-16 16:33:23.980908
484,865,1995-12-14 01:52:53.708158
571,865,1996-01-14 01:52:53.708158
718,981,2020-08-24 03:49:09.369565
861,888,2016-06-10 21:59:27.914528
172,700,2014-09-21 19:10:34.211159
154,232,1997-01-25 08:10:05.722767
340,708,1996-02-25 18:36:40.194309
123,889,2019-11-15 04:13:12.045951
379,343,1998-06-29 03:42:12.549560
791,460,2015-08-02 03:24:16.295104
983,997,2019-02-28 09:30:37.225918
732,209,2017-06-25 07:53:08.357533
692,977,1998-02-23 14:55:20.188863
505,734,1996-12-13 09:01:05.391900
801,635,2012-07-15 01:43:28.698472
943,899,2002-01-03 07:18:14.869644
652,273,2013-01-08 07:22:31.295434
820,109,1998-07-08 16:49:49.703727
219,188,1996-08-11 08:12:14.883403
671,972,2024-05-05 12:55:05.946314
514,118,2005-06-09 00:59:26.708227
24,665,2020-03-25 11:09:01.518650
223,570,2022-06-04 11:26:51.282680
980,503,2016-09-11 02:49:45.447946
454,559,1998-03-18 05:52:22.016515
768,687,2012-05-13 10:05:20.731879
9,88,2008-05-31 11:55:21.633095
791,566,1998-10-21 14:11:42.629679
803,937,2017-09-11 12:15:39.712584
778,876,2008-04-08 08:14:29.735603
667,630,1996-02-12 14:24:08.073984
866,201,1995-04-02 00:00:54.302865
178,476,2019-07-04 05:21:19.286644
962,302,1999-12-29 04:54:26.939598
86,247,2018-12-25 13:17:07.838293
730,636,2000-12-22 09:47:26.561525
262,50,1996-09-13 05:42:17.432999
946,349,1999-12-10 14:01:53.816575
148,73,2024-01-17 01:39:56.681902
596,891,2013-06-14 11:11:02.242939
714,111,2010-06-14 15:16:18.319789
569,920,2017-03-30 05:21:08.681320
169,470,2014-01-10 12:18:27.128003
478,431,2005-09-27 09:33:41.382349
511,203,1999-12-21 00:51:46.163172
281,817,2019-10-18 23:29:56.145933
113,537,2018-01-20 05:07:30.431664
246,60,2014-08-26 16:03:46.312486
168,65,2008-12-28 11:11:02.131419
40,695,2015-11-01 09:01:12.978678
262,989,2006-02-18 07:15:52.514920
747,371,2011-03-14 18:31:51.578209
86,583,2019-09-22 23:48:59.094508
80,521,2015-04-07 06:40:36.431927
466,690,1998-10-31 02:47:10.387989
575,684,2011-11-16 09:47:03.940634
878,629,2023-08-28 06:58:08.369090
718,68,2016-05-01 21:40:10.179564
914,701,2017-05-05 03:29:07.201728
74,814,2006-03-28 11:32:24.221000
388,953,2001-08-02 11:53:54.072624
610,110,1995-09-19 02:45:08.435201
636,952,2009-02-07 22:53:24.626110
684,55,2006-03-19 19:02:55.963997
196,567,2004-05-11 17:01:17.729461
37,988,2007-09-11 18:49:49.254833
968,281,2008-08-20 16:43:06.903146
356,256,2014-07-12 04:18:48.439587
43,492,2023-03-09 18:35:52.247528
626,86,1999-09-25 13:55:56.575354
830,601,1999-01-20 09:33:57.120445
580,896,2004-01-10 08:42:18.876779
653,847,2007-07-29 12:21:12.492924
207,282,2011-06-05 21:46:21.624214
707,718,2004-03-20 14:09:04.364343
226,860,1995-07-01 16:36:37.875432
772,266,1995-01-06 22:55:47.270449
29,476,2019-07-23 05:21:19.286644
546,564,2023-07-03 00:17:00.144434
852,768,2010-02-10 12:21:35.884299
855,866,2009-07-27 21:36:15.881346
480,982,2010-01-11 22:04:52.278951
871,651,2010-02-16 04:45:06.334886
172,593,2017-09-14 00:28:16.995203
401,908,1998-01-01 08:18:21.099811
442,734,1996-12-14 09:01:05.391900
518,970,1998-11-08 00:36:37.011701
547,853,2004-11-16 15:17:53.370986
5,961,2023-03-12 14:39:51.510659
126,646,2001-09-02 11:56:53.560352
548,65,2008-12-02 11:11:02.131419
278,308,2017-11-12 14:34:01.765450
238,511,2013-01-06 23:44:47.898113
390,730,2018-09-10 09:09:13.524020
186,531,2013-03-31 19:05:58.558509
883,703,1997-06-02 04:22:09.075260
414,432,1998-04-15 21:39:34.059791
872,342,2020-02-11 14:42:57.792301
294,256,2014-07-12 04:18:48.439587
620,51,2014-07-29 22:33:03.166190
339,323,2017-03-25 15:33:40.375986
715,766,2016-05-14 19:37:13.853195
495,573,1996-01-31 07:07:58.128894
696,840,2021-02-22 10:10:56.183047
226,619,2001-02-09 03:07:00.123687
338,621,1999-09-16 23:31:23.913530
343,29,2015-04-29 06:01:23.396406
797,789,1995-11-10 16:03:42.266899
237,81,2000-06-14 06:27:35.900962
423,545,1999-06-04 00:16:09.253006
12,558,1997-08-01 03:54:22.100924
395,662,2023-07-12 16:30:26.350903
476,29,2015-05-10 06:01:23.396406
995,330,2023-12-23 07:40:06.571376
795,794,1994-11-04 22:19:04.019473
490,277,2020-08-18 18:38:54.021984
794,262,2009-09-27 08:20:22.220441
307,380,2024-02-04 00:57:42.061409
43,363,2015-03-08 21:32:33.216688
484,518,2008-05-30 01:05:14.406641
689,228,1996-03-19 21:23:12.953243
862,437,2023-07-05 08:15:15.521619
154,586,2022-12-21 07:15:17.632891
79,868,1997-09-25 07:33:57.108558
173,81,2000-06-14 06:27:35.900962
946,414,2011-01-27 16:43:17.671053
793,224,2021-04-06 14:29:43.449021
362,279,2018-01-26 18:53:41.476998
567,912,1995-10-09 19:48:52.811242
632,157,2015-03-18 23:42:40.208658
821,527,2006-03-17 08:49:52.257778
861,457,2013-08-02 02:20:56.903946
286,523,2019-11-17 07:43:39.613544
214,235,2013-10-04 09:19:20.284740
641,593,2017-09-14 00:28:16.995203
272,489,1997-07-15 05:09:43.169166
836,654,2005-07-03 17:47:20.387392
25,720,2019-10-02 09:19:25.591396
173,4,1996-02-01 03:33:42.027477
761,258,2007-10-28 14:12:04.978791
702,125,2010-07-02 00:17:02.202155
703,672,1995-04-23 15:33:31.824611
269,716,2013-06-27 11:44:34.053398
393,25,2005-08-04 18:14:35.056618
154,184,2000-12-24 02:37:08.007465
202,5,1996-10-15 07:37:46.647716
717,448,2000-04-08 09:22:41.658887
943,664,2014-09-15 02:52:29.452057
786,815,2008-03-16 08:25:42.478462
26,17,1999-09-15 11:59:22.900543
160,254,2016-09-20 20:51:16.319704
154,949,2017-10-14 11:44:34.027980
64,541,2006-11-12 15:40:05.337988
724,864,2023-01-26 09:42:40.392254
336,326,2022-06-21 14:23:47.382380
189,994,2007-12-23 09:47:07.533015
95,254,2016-09-05 20:51:16.319704
180,38,2020-03-01 22:52:34.323357
508,7,2011-11-21 06:53:20.122447
97,487,2014-11-11 03:31:24.016361
929,984,2005-05-02 04:29:26.839704
198,403,2003-03-05 19:36:29.678963
563,607,1995-03-25 15:38:36.160320
74,649,2022-05-27 02:01:01.872747
809,622,2005-11-13 09:20:02.935913
73,943,2018-06-14 13:20:59.606946
704,573,1996-04-05 07:07:58.128894
249,431,2005-09-05 09:33:41.382349
775,21,2013-01-30 20:08:40.052717
11,215,2010-11-23 04:29:21.478055
821,312,1996-02-06 08:40:17.747216
22,723,2004-08-11 16:01:38.118956
669,551,1995-08-22 19:07:22.254579
463,243,2001-08-18 17:16:09.390893
590,754,2003-12-15 13:22:02.784972
520,686,2021-03-23 10:33:38.524530
439,742,2018-10-07 15:52:21.432869
126,783,2004-12-05 15:13:08.119254
742,653,2004-01-11 02:57:28.412064
84,725,2005-06-22 16:43:20.118233
299,257,2024-03-13 02:56:08.105251
620,625,2019-08-20 20:49:31.300152
646,680,2014-01-24 02:47:58.574755
770,242,2018-07-23 02:53:30.748937
598,142,2016-08-23 16:14:04.175486
268,360,2003-01-07 09:43:51.846007
349,65,2009-01-02 11:11:02.131419
725,293,2004-03-04 22:31:27.509449
195,434,2006-02-15 02:00:08.000226
852,611,1996-04-16 07:15:31.370052
927,413,2010-08-24 23:58:40.550130
604,247,2019-01-02 13:17:07.838293
550,354,2006-10-11 06:31:10.181902
950,138,2003-11-18 20:22:57.026674
648,694,2017-09-22 05:19:07.198748
798,344,1998-08-25 21:01:07.256449
667,743,2004-12-18 13:39:47.813230
782,994,2007-12-23 09:47:07.533015
241,317,2004-03-29 22:24:46.054744
231,851,2001-03-23 20:54:11.525291
701,731,2017-10-21 01:55:04.717971
500,869,2002-09-29 13:47:34.787137
718,472,2023-01-20 10:43:59.954825
485,934,1995-11-26 15:19:08.028429
475,813,2003-02-12 11:32:29.067498
219,375,2005-11-19 18:18:50.150687
428,814,2006-04-05 11:32:24.221000
36,597,1995-01-24 04:43:05.552464
624,544,2023-09-26 19:39:03.040797
589,698,2007-11-24 12:22:17.213846
196,854,2006-12-26 15:16:27.517524
536,176,2011-05-06 16:48:32.539783
181,767,1996-06-13 11:18:48.706060
161,837,2003-04-21 05:47:40.807927
787,90,2013-02-15 04:02:25.173832
800,239,2002-10-29 12:07:33.515152
489,131,2007-10-30 09:57:28.700382
292,470,2014-01-10 12:18:27.128003
698,269,2019-11-07 22:41:31.296141
865,952,2008-12-27 22:53:24.626110
466,669,1996-01-29 13:28:19.274489
754,698,2008-01-26 12:22:17.213846
941,844,2019-06-07 06:04:36.632582
887,482,2003-06-11 09:20:27.101124
570,554,2009-04-23 19:26:18.065311
148,566,1998-09-26 14:11:42.629679
833,334,2005-06-16 00:08:26.315558
302,557,2019-08-27 14:53:51.112688
457,272,2010-09-05 22:28:13.746962
788,74,2021-07-08 20:16:52.276984
271,452,2016-06-28 14:15:45.673692
128,274,2023-10-30 12:02:39.466181
666,965,2008-02-15 09:16:57.585769
179,560,1994-10-16 14:53:03.360613
329,314,2011-10-26 02:40:44.336016
839,904,1998-07-04 11:48:49.423800
252,65,2009-01-11 11:11:02.131419
796,291,1996-09-16 09:24:46.614632
915,111,2010-05-06 15:16:18.319789
180,830,2002-07-07 09:56:16.534455
415,902,2014-12-09 07:05:43.127936
269,266,1995-01-24 22:55:47.270449
980,285,2016-04-13 00:20:15.887794
102,362,1997-12-03 03:36:43.212088
267,474,2006-07-02 07:52:08.809154
563,559,1998-03-16 05:52:22.016515
120,893,2000-10-23 15:17:00.998734
626,440,2008-07-10 16:20:06.404263
861,573,1996-01-27 07:07:58.128894
49,334,2005-07-08 00:08:26.315558
85,602,2022-02-23 15:10:08.685678
597,658,2012-02-27 07:13:20.519616
148,573,1996-03-04 07:07:58.128894
404,98,2005-10-06 15:13:12.398818
847,110,1995-09-15 02:45:08.435201
659,86,1999-09-25 13:55:56.575354
967,863,2016-03-24 20:49:03.564415
98,282,2011-06-18 21:46:21.624214
390,385,2023-08-04 12:25:31.748391
287,119,1999-06-01 19:36:58.901656
769,104,2018-12-20 20:37:32.807494
279,797,2017-08-21 08:24:07.755534
111,566,1998-10-08 14:11:42.629679
869,586,2022-12-21 07:15:17.632891
367,140,2003-07-15 20:55:26.107639
840,869,2002-09-05 13:47:34.787137
380,460,2015-08-02 03:24:16.295104
118,42,1998-08-05 22:24:19.155124
739,45,2022-09-08 12:50:44.501278
128,488,2010-01-05 04:54:13.751760
122,784,2003-02-17 00:02:56.994523
558,244,1996-10-30 01:11:52.193608
611,823,2018-05-20 16:57:00.145060
121,551,1995-07-25 19:07:22.254579
83,168,2019-05-13 07:06:39.546618
683,560,1994-10-17 14:53:03.360613
881,656,1995-03-23 05:33:39.049467
720,303,2014-09-02 21:26:10.332582
427,1000,1995-01-30 02:42:17.365037
640,143,2014-10-10 04:31:54.356379
699,229,2020-01-25 09:35:12.121144
342,345,1997-05-11 19:37:19.223982
430,682,2004-12-06 06:38:14.603270
41,533,1996-09-13 16:18:50.786131
881,761,2018-11-07 06:14:47.314915
209,984,2005-05-15 04:29:26.839704
155,605,2000-09-26 13:00:27.398707
509,437,2023-07-15 08:15:15.521619
319,113,2005-08-27 23:09:38.932880
65,786,2007-06-23 16:59:11.881376
353,360,2003-01-25 09:43:51.846007
904,994,2007-12-23 09:47:07.533015
690,165,2000-08-29 02:32:43.458611
949,828,1998-02-23 23:49:09.890581
228,173,2011-06-29 04:18:19.713005
990,98,2005-10-03 15:13:12.398818
161,798,2003-01-11 15:40:47.709194
598,912,1995-09-11 19:48:52.811242
422,962,2015-09-03 03:58:55.101445
682,127,2000-10-08 19:19:05.540185
499,30,2019-01-15 01:08:53.689020
409,673,2016-03-28 15:07:50.887858
495,362,1997-11-23 03:36:43.212088
370,552,1997-03-27 21:40:24.561390
827,586,2022-12-21 07:15:17.632891
613,167,2014-09-22 23:44:08.920701
395,997,2019-03-19 09:30:37.225918
181,444,2019-09-23 07:02:11.540960
563,314,2011-10-22 02:40:44.336016
330,33,2003-02-28 23:41:53.722389
323,272,2010-09-19 22:28:13.746962
736,529,2017-05-03 20:29:15.066465
324,90,2013-02-01 04:02:25.173832
136,129,2024-07-13 16:34:25.826241
329,56,2014-06-30 16:55:41.122828
382,885,2024-07-07 15:33:17.521394
636,275,2015-07-28 16:06:03.525416
990,202,2010-11-16 16:33:23.980908
198,423,2013-09-24 01:56:20.189426
382,849,2015-04-11 01:07:05.273664
698,86,1999-09-25 13:55:56.575354
360,549,2009-03-15 19:39:59.432293
13,448,2000-03-08 09:22:41.658887
628,838,2023-08-14 02:02:44.806799
962,451,2009-02-24 05:25:11.660533
591,341,2000-12-26 06:38:48.891449
69,746,1996-07-11 05:29:10.931331
715,691,2010-06-10 13:54:18.433295
463,761,2018-11-07 06:14:47.314915
516,28,2023-12-19 20:47:10.757128
364,233,2019-10-11 21:52:59.385210
893,480,2017-01-15 15:07:28.697830
583,531,2013-03-04 19:05:58.558509
99,438,2009-07-19 16:53:00.016563
225,516,2001-04-14 16:59:03.646625
684,158,2003-04-14 02:43:15.463726
884,968,1994-12-15 21:36:32.188767
729,798,2003-01-03 15:40:47.709194
870,648,2019-07-22 17:44:27.941295
570,757,2004-08-09 00:17:41.923421
492,35,2018-04-11 06:00:23.146474
352,436,2005-09-28 08:42:13.987098
357,889,2019-11-14 04:13:12.045951
586,237,2007-08-25 16:22:00.886279
741,92,2020-05-29 22:38:02.593387
16,25,2005-08-04 18:14:35.056618
857,601,1999-01-20 09:33:57.120445
438,551,1995-09-04 19:07:22.254579
258,931,2011-05-17 03:25:48.363854
419,768,2010-01-05 12:21:35.884299
787,599,2008-12-09 05:30:40.959998
504,274,2023-10-30 12:02:39.466181
691,48,2020-10-25 04:55:45.636224
290,448,2000-02-29 09:22:41.658887
911,439,2007-09-18 17:01:20.807858
158,306,2002-02-11 05:24:41.923943
372,854,2006-12-26 15:16:27.517524
665,56,2014-07-28 16:55:41.122828
259,160,2017-04-19 00:46:14.877417
736,127,2000-11-04 19:19:05.540185
217,726,2001-01-15 21:42:33.871086
860,139,2005-11-07 20:58:19.146414
35,414,2011-01-14 16:43:17.671053
903,644,2022-07-08 09:37:00.611693
19,1,2013-09-15 09:05:28.191437
19,150,2006-12-21 09:32:22.498211
592,719,2021-08-08 05:51:59.519441
867,808,2020-09-09 12:06:16.789032
534,895,2019-03-26 09:48:08.722484
661,155,2015-05-26 07:09:02.737020
153,893,2000-11-02 15:17:00.998734
834,84,1999-11-03 08:38:35.455956
4,832,2017-07-29 14:50:01.929574
347,414,2011-01-17 16:43:17.671053
616,216,2022-04-17 15:03:48.138135
170,771,1998-08-01 02:31:54.148620
171,387,2011-03-27 11:03:02.384731
305,928,2007-07-26 06:13:47.726560
222,881,2017-01-28 22:03:23.602734
493,815,2008-03-27 08:25:42.478462
156,73,2024-01-03 01:39:56.681902
473,478,2008-03-20 04:14:01.637852
314,785,2004-03-26 02:47:57.463946
398,514,1995-03-04 04:05:06.382548
223,298,2018-12-07 21:57:35.542703
816,951,1999-04-28 12:21:54.729098
792,47,2017-07-16 02:09:05.019335
332,98,2005-10-28 15:13:12.398818
856,664,2014-11-08 02:52:29.452057
902,591,2024-05-30 16:01:06.360136
498,339,2014-05-31 10:55:01.759549
341,434,2006-03-19 02:00:08.000226
741,835,2003-07-16 01:05:07.673229
116,1,2013-09-08 09:05:28.191437
647,743,2004-12-22 13:39:47.813230
832,408,2001-01-05 12:52:13.757649
982,212,2018-06-18 18:58:28.989832
626,860,1995-05-29 16:36:37.875432
701,45,2022-09-08 12:50:44.501278
973,837,2003-04-21 05:47:40.807927
329,135,2011-09-21 01:06:59.962808
769,551,1995-08-07 19:07:22.254579
31,275,2015-07-28 16:06:03.525416
394,266,1995-01-17 22:55:47.270449
326,646,2001-09-02 11:56:53.560352
47,17,1999-09-15 11:59:22.900543
515,962,2015-09-03 03:58:55.101445
396,949,2017-11-11 11:44:34.027980
987,206,1999-08-07 19:08:43.249754
430,123,2016-05-21 19:20:33.948808
206,966,2000-07-12 10:03:56.696382
502,807,2013-12-04 12:30:31.718921
918,346,2000-11-23 04:47:42.850180
23,795,1998-01-13 12:04:38.493540
895,645,2003-07-05 01:22:41.611178
359,163,2017-01-21 17:40:12.881370
832,829,2013-01-11 14:37:56.405060
308,216,2022-04-10 15:03:48.138135
674,62,2003-01-17 10:12:11.629661
472,108,2009-06-21 19:11:28.542462
5,813,2003-02-12 11:32:29.067498
609,736,2019-08-27 12:32:51.096496
830,826,2012-07-11 16:13:14.951498
578,565,2019-05-28 16:30:27.429584
474,596,2008-02-01 09:31:21.160889
951,603,1996-08-25 06:53:35.058514
649,816,1996-12-22 09:56:10.347908
411,582,2006-05-07 19:01:06.411407
756,192,2004-08-23 03:10:02.796175
141,627,1999-10-16 06:36:34.165403
611,80,2018-08-10 11:37:19.588327
352,939,2020-10-29 23:42:18.699695
392,332,2011-07-25 02:47:49.463246
263,998,2002-06-07 04:26:16.037066
329,894,2008-12-26 19:47:09.297272
508,135,2011-09-21 01:06:59.962808
429,431,2005-09-03 09:33:41.382349
257,323,2017-03-25 15:33:40.375986
144,463,1995-03-07 03:04:20.784693
694,682,2004-11-05 06:38:14.603270
386,176,2011-05-06 16:48:32.539783
417,893,2000-10-28 15:17:00.998734
317,45,2022-09-08 12:50:44.501278
991,229,2020-01-25 09:35:12.121144
589,472,2023-01-12 10:43:59.954825
46,51,2014-08-11 22:33:03.166190
639,856,2001-05-05 15:22:22.806241
465,344,1998-08-16 21:01:07.256449
382,439,2007-09-24 17:01:20.807858
730,454,2021-06-11 20:20:42.419598
931,369,2015-09-24 11:13:34.673511
11,807,2013-12-02 12:30:31.718921
523,901,2003-04-21 13:16:37.241855
595,292,2007-08-04 20:39:37.360862
76,361,2011-09-13 08:47:39.328299
627,91,2010-02-19 21:17:09.035422
470,4,1996-01-19 03:33:42.027477
935,508,2024-06-16 18:46:47.126069
600,355,2002-12-27 04:49:23.083856
973,911,2018-04-28 01:31:10.523135
247,713,2021-06-22 08:35:56.330428
268,89,2006-07-29 03:26:58.583386
103,282,2011-06-05 21:46:21.624214
50,443,2003-12-06 14:32:57.103093
771,661,2016-05-05 06:37:39.929923
215,94,1999-04-23 01:01:30.901510
554,366,2011-10-31 00:00:23.154857
780,389,2002-12-21 14:26:40.835375
4,263,2011-06-13 22:35:03.508338
241,955,2021-11-22 07:28:00.147518
216,669,1996-01-21 13:28:19.274489
457,733,1999-01-05 07:37:44.470754
706,379,2015-08-13 10:22:16.346354
868,569,2024-03-06 18:14:08.582045
561,360,2003-02-01 09:43:51.846007
525,854,2006-12-26 15:16:27.517524
322,505,2011-11-02 18:07:41.993084
552,940,2004-03-18 00:06:37.265557
584,346,2000-12-09 04:47:42.850180
926,704,2015-09-02 03:17:08.486144
290,918,2021-10-25 04:54:31.893403
719,797,2017-08-21 08:24:07.755534
539,977,1998-02-20 14:55:20.188863
201,981,2020-08-12 03:49:09.369565
498,335,1999-10-01 23:06:52.181009
497,267,2023-01-06 12:13:15.647620
323,294,2007-02-12 10:14:53.146785
348,969,2012-02-16 09:18:33.006586
58,548,2007-03-07 12:51:22.032067
666,739,2015-07-13 18:21:16.192344
140,281,2008-11-10 16:43:06.903146
781,796,1996-10-17 18:20:47.503103
190,835,2003-06-28 01:05:07.673229
482,629,2023-07-28 06:58:08.369090
192,422,1996-08-25 13:06:28.621795
208,150,2006-11-21 09:32:22.498211
921,334,2005-07-27 00:08:26.315558
712,831,2004-04-07 06:04:39.910120
248,302,1999-12-19 04:54:26.939598
947,602,2021-12-26 15:10:08.685678
191,521,2015-04-07 06:40:36.431927
56,927,2012-01-15 05:46:34.842662
450,740,2019-01-10 15:18:38.014067
308,111,2010-04-04 15:16:18.319789
908,604,2019-02-10 14:58:17.972349
248,737,1997-08-10 20:14:25.366632
455,311,2023-06-13 03:30:54.655655
942,240,2004-02-15 03:20:39.578855
399,35,2018-03-26 06:00:23.146474
408,269,2019-08-14 22:41:31.296141
796,759,1995-02-13 08:55:25.618991
952,574,1995-06-25 14:04:55.335228
847,11,2004-04-13 11:19:10.211673
334,507,2012-05-08 00:24:13.653666
457,270,2016-12-23 06:19:51.743124
456,669,1996-02-21 13:28:19.274489
526,883,2006-07-24 20:18:29.772171
246,528,1996-04-10 17:23:00.309803
972,131,2007-10-30 09:57:28.700382
763,125,2010-07-07 00:17:02.202155
993,588,2013-04-05 20:12:00.388712
301,423,2013-09-24 01:56:20.189426
154,686,2021-03-19 10:33:38.524530
977,272,2010-09-05 22:28:13.746962
109,11,2004-05-26 11:19:10.211673
103,637,2022-06-24 15:09:09.812947
125,926,2020-03-24 02:55:59.337276
88,55,2006-03-18 19:02:55.963997
163,265,2012-07-02 05:44:16.349067
378,541,2006-11-12 15:40:05.337988
204,285,2016-04-13 00:20:15.887794
627,84,1999-12-21 08:38:35.455956
71,120,2011-03-27 14:08:07.359786
555,738,2003-07-08 21:02:00.944760
744,308,2017-11-12 14:34:01.765450
119,604,2019-02-10 14:58:17.972349
893,295,2021-11-30 18:17:51.600528
540,879,2020-11-14 06:45:23.238163
369,204,2018-06-02 13:09:53.048432
467,225,1999-05-29 22:54:28.621936
878,12,2023-11-27 17:22:24.204343
262,365,2001-03-03 05:06:15.615410
612,559,1998-02-03 05:52:22.016515
166,590,2021-02-19 13:45:01.930575
601,579,2011-07-24 23:12:22.539709
744,579,2011-08-22 23:12:22.539709
557,495,2020-10-27 01:21:29.460784
88,132,2005-01-01 15:38:04.260487
355,423,2013-09-18 01:56:20.189426
894,791,1994-11-03 13:00:50.975652
722,934,1995-12-15 15:19:08.028429
138,752,2005-12-10 03:14:53.657942
29,223,2017-07-15 09:16:17.744731
857,645,2003-07-05 01:22:41.611178
386,374,2002-07-04 01:37:18.975592
16,589,1998-06-26 16:00:54.142438
804,227,2008-12-06 11:18:07.122806
197,101,2021-04-21 23:08:08.930936
417,531,2013-03-26 19:05:58.558509
201,488,2009-12-29 04:54:13.751760
191,101,2021-04-21 23:08:08.930936
825,525,2021-04-27 10:34:16.955557
742,795,1998-01-14 12:04:38.493540
785,807,2013-12-05 12:30:31.718921
178,428,2007-08-30 07:13:18.897769
302,111,2010-06-19 15:16:18.319789
663,986,1995-10-19 13:21:58.722660
597,859,1997-06-06 22:08:44.366160
240,652,2020-09-23 02:10:25.031580
223,59,2015-09-03 23:37:40.950804
129,864,2023-01-26 09:42:40.392254
140,687,2012-05-13 10:05:20.731879
941,443,2003-12-28 14:32:57.103093
711,344,1998-09-14 21:01:07.256449
853,275,2015-07-28 16:06:03.525416
842,567,2004-05-11 17:01:17.729461
305,765,2010-07-24 20:47:24.580836
110,245,2022-03-03 16:00:38.111613
234,612,2014-07-28 13:17:20.608668
361,719,2021-07-05 05:51:59.519441
235,508,2024-06-16 18:46:47.126069
1000,29,2015-05-14 06:01:23.396406
507,451,2009-01-30 05:25:11.660533
387,443,2004-02-06 14:32:57.103093
509,276,1995-08-20 18:15:55.147802
927,843,2015-10-09 11:31:50.549644
364,710,1997-12-25 04:49:55.352116
347,425,2006-03-13 14:16:14.365350
992,7,2011-12-01 06:53:20.122447
51,870,2005-12-07 05:05:19.586064
39,663,2011-01-02 08:54:47.996534
5,171,2006-01-03 15:01:29.514423
954,980,2012-04-30 23:56:44.210102
975,745,1999-02-17 00:26:17.568799
818,96,2016-03-11 23:25:39.469701
731,152,2013-02-20 07:11:23.319063
325,542,2020-11-29 07:33:58.971272
593,339,2014-05-31 10:55:01.759549
746,861,1995-04-05 08:36:39.407867
638,470,2014-01-10 12:18:27.128003
445,136,1998-07-05 17:54:49.440333
177,758,2003-11-11 18:10:48.909722
769,465,1999-12-15 20:00:35.255830
241,6,2009-05-06 03:04:50.262090
948,264,2021-02-15 01:40:32.932902
213,619,2001-02-26 03:07:00.123687
176,719,2021-08-08 05:51:59.519441
725,933,2016-07-30 16:22:21.830290
612,740,2019-01-10 15:18:38.014067
562,433,2004-08-25 05:00:11.041600
621,490,2011-10-21 08:57:10.388103
54,701,2017-04-27 03:29:07.201728
176,280,2005-06-08 13:14:02.671802
167,832,2017-06-09 14:50:01.929574
892,657,1996-01-22 16:44:46.423142
528,819,2015-01-05 05:47:19.856055
107,967,2000-09-12 06:20:03.864918
48,74,2021-07-03 20:16:52.276984
140,802,2007-02-02 14:00:54.314144
588,843,2015-10-15 11:31:50.549644
574,366,2011-11-10 00:00:23.154857
87,866,2009-07-27 21:36:15.881346
704,362,1997-12-02 03:36:43.212088
622,730,2018-08-24 09:09:13.524020
949,410,2023-03-10 04:21:41.855464
437,667,2010-06-03 22:34:43.360509
680,761,2018-11-03 06:14:47.314915
190,552,1997-04-05 21:40:24.561390
13,101,2021-04-21 23:08:08.930936
754,600,2006-04-26 12:59:39.198069
473,919,2019-05-06 00:07:28.488721
899,574,1995-06-19 14:04:55.335228
150,16,2007-03-08 08:41:38.676690
20,33,2003-03-09 23:41:53.722389
505,431,2005-09-12 09:33:41.382349
97,726,2001-01-15 21:42:33.871086
921,240,2004-02-04 03:20:39.578855
190,207,2011-07-21 09:03:32.500561
279,625,2019-08-15 20:49:31.300152
994,95,1995-11-03 17:52:08.139899
749,203,1999-12-12 00:51:46.163172
221,183,2017-07-01 10:37:33.749503
299,270,2016-12-23 06:19:51.743124
359,327,2003-05-08 20:01:11.151178
872,898,1995-04-04 18:08:32.427949
854,317,2004-04-06 22:24:46.054744
197,567,2004-05-11 17:01:17.729461
797,620,2006-12-14 03:08:42.417007
60,571,2001-10-07 03:17:37.786004
882,299,2001-08-07 22:29:33.510919
172,317,2004-04-25 22:24:46.054744
941,697,2024-04-25 08:56:48.334940
922,768,2010-01-16 12:21:35.884299
343,277,2020-08-22 18:38:54.021984
120,641,2003-02-24 22:10:38.857497
30,101,2021-04-21 23:08:08.930936
857,5,1996-11-20 07:37:46.647716
134,387,2011-04-16 11:03:02.384731
19,988,2007-10-19 18:49:49.254833
705,714,1999-04-22 14:37:54.908953
390,690,1998-10-31 02:47:10.387989
492,100,2015-01-12 00:40:11.860615
774,857,2018-12-27 07:36:28.616973
861,166,2014-11-02 16:25:26.646966
862,264,2021-02-14 01:40:32.932902
308,353,2003-03-17 12:16:39.690573
66,766,2016-05-28 19:37:13.853195
221,53,2022-05-02 07:35:24.468849
915,879,2020-10-28 06:45:23.238163
848,429,1995-08-08 16:13:57.034976
169,9,2010-07-19 04:12:18.954079
3,71,2019-11-14 20:54:54.580051
195,942,1998-01-16 09:23:10.795916
421,452,2016-06-12 14:15:45.673692
241,295,2021-12-09 18:17:51.600528
966,652,2020-08-22 02:10:25.031580
793,446,2016-07-07 16:03:31.199807
725,54,2006-05-03 04:59:42.387605
654,848,2010-04-14 22:43:19.448076
84,50,1996-08-22 05:42:17.432999
864,161,2011-08-19 22:31:55.644402
601,820,2012-04-06 17:54:48.643785
52,852,2008-12-28 01:55:01.291991
907,762,2022-02-24 03:39:30.211803
746,781,2013-11-14 16:04:42.775409
540,278,2008-12-08 17:08:54.633219
643,319,2000-07-27 16:26:40.135659
384,98,2005-11-16 15:13:12.398818
820,468,2006-12-09 10:27:37.504721
467,443,2003-12-20 14:32:57.103093
946,849,2015-04-24 01:07:05.273664
823,152,2013-02-18 07:11:23.319063
769,302,2000-01-28 04:54:26.939598
210,249,2017-05-09 20:51:38.615952
965,558,1997-07-31 03:54:22.100924
355,613,2010-02-02 18:53:16.996781
968,408,2001-01-05 12:52:13.757649
92,897,2001-11-02 15:45:23.538508
73,287,2016-10-12 20:01:02.766421
350,551,1995-09-09 19:07:22.254579
808,715,2005-04-27 13:02:39.716679
88,383,2009-12-23 17:18:10.656348
578,649,2022-05-14 02:01:01.872747
330,879,2020-11-13 06:45:23.238163
817,496,2020-03-25 12:03:14.894035
388,693,2002-09-25 21:21:58.035405
131,379,2015-08-13 10:22:16.346354
773,814,2006-02-17 11:32:24.221000
922,259,1996-04-20 22:42:10.388175
236,431,2005-10-22 09:33:41.382349
658,776,2004-07-22 21:55:33.267941
978,310,2017-12-26 13:55:19.271977
286,902,2014-11-17 07:05:43.127936
352,694,2017-09-22 05:19:07.198748
51,415,2018-12-25 08:06:55.037746
623,929,2008-02-08 23:32:48.358755
980,513,2010-02-12 00:09:44.326092
964,133,2007-04-29 17:57:24.497368
268,23,1998-04-05 12:30:39.673303
379,341,2000-10-24 06:38:48.891449
207,228,1996-04-08 21:23:12.953243
909,376,2005-10-11 13:18:00.939851
15,95,1995-11-05 17:52:08.139899
163,936,2021-03-23 01:12:09.885659
635,728,2012-09-26 05:40:45.275003
161,756,2018-03-07 11:27:56.156080
230,276,1995-08-24 18:15:55.147802
919,893,2000-11-08 15:17:00.998734
265,361,2011-10-08 08:47:39.328299
399,925,2017-01-06 19:53:26.462351
561,355,2002-12-16 04:49:23.083856
929,795,1997-12-26 12:04:38.493540
33,377,2004-09-07 05:06:24.668179
911,762,2022-02-11 03:39:30.211803
260,354,2006-10-28 06:31:10.181902
349,411,2022-02-02 02:26:35.139050
753,26,2000-11-01 06:17:39.663141
424,959,2017-08-16 08:39:19.924851
431,156,2020-04-21 19:21:05.648744
328,353,2003-03-05 12:16:39.690573
848,635,2012-07-16 01:43:28.698472
96,146,2015-06-09 23:30:20.707536
592,730,2018-09-24 09:09:13.524020
394,979,2020-04-29 11:34:02.667578
766,950,2010-12-27 01:22:37.408578
142,108,2009-06-21 19:11:28.542462
345,869,2002-09-21 13:47:34.787137
345,438,2009-07-31 16:53:00.016563
360,141,2008-10-18 10:49:11.604819
501,329,2001-08-27 20:03:06.078613
497,249,2017-05-07 20:51:38.615952
822,467,2004-04-30 07:47:11.820487
573,440,2008-07-27 16:20:06.404263
544,815,2008-03-22 08:25:42.478462
178,493,1998-09-21 13:33:10.483493
597,801,2002-03-02 05:15:25.691862
412,184,2001-01-09 02:37:08.007465
745,548,2007-02-25 12:51:22.032067
572,741,2000-05-02 04:58:03.939732
517,318,2013-06-03 07:40:28.841830
550,500,2001-01-01 17:33:11.129461
102,1,2013-09-14 09:05:28.191437
204,743,2004-12-08 13:39:47.813230
441,775,2005-08-17 02:06:21.081195
988,608,2015-10-13 03:41:54.317679
839,364,2010-10-16 07:26:17.976329
654,284,2000-04-01 06:05:04.298803
711,392,2001-02-21 09:42:59.966825
81,583,2019-10-05 23:48:59.094508
618,286,2008-09-24 01:28:28.463000
817,765,2010-06-28 20:47:24.580836
755,82,1996-04-26 12:47:12.819416
187,472,2023-01-21 10:43:59.954825
773,752,2005-12-13 03:14:53.657942
957,379,2015-08-13 10:22:16.346354
50,342,2020-02-15 14:42:57.792301
806,348,2023-01-31 23:35:13.451769
728,717,2011-04-17 20:50:12.670359
24,333,1997-08-03 00:32:47.039393
183,631,2009-06-17 23:45:35.042761
844,501,2000-09-13 18:17:05.529680
899,421,2016-09-15 21:10:51.436290
812,365,2001-03-06 05:06:15.615410
