order_id,status,updated_at
1,создан,2021-03-02 02:56:59.988802
1,отправлен,2021-03-14 02:56:59.988802
2,создан,2013-09-04 09:05:28.191437
2,отправлен,2013-09-16 09:05:28.191437
3,создан,1999-07-21 05:26:41.705679
3,отменен,1999-09-03 05:26:41.705679
4,создан,2006-11-25 18:52:16.585362
4,отправлен,2006-12-01 18:52:16.585362
4,доставлен,2006-12-08 18:52:16.585362
5,создан,1996-01-17 03:33:42.027477
5,отправлен,1996-01-22 03:33:42.027477
5,отменен,1996-02-02 03:33:42.027477
6,создан,1996-10-09 07:37:46.647716
6,отправлен,1996-10-27 07:37:46.647716
6,доставлен,1996-11-22 07:37:46.647716
7,создан,2009-05-06 03:04:50.262090
8,создан,2011-08-26 06:53:20.122447
8,отправлен,2011-11-18 06:53:20.122447
8,отменен,2011-12-02 06:53:20.122447
9,создан,1996-04-09 07:02:58.258656
9,отправлен,1996-06-02 07:02:58.258656
9,доставлен,1996-06-29 07:02:58.258656
10,создан,2010-07-16 04:12:18.954079
10,отправлен,2010-07-25 04:12:18.954079
10,доставлен,2010-07-25 04:12:18.954079
11,создан,2006-07-15 10:42:45.987616
11,отправлен,2006-09-02 10:42:45.987616
11,доставлен,2006-09-11 10:42:45.987616
12,создан,2004-03-25 11:19:10.211673
12,отправлен,2004-06-11 11:19:10.211673
12,доставлен,2004-06-17 11:19:10.211673
13,создан,2023-08-30 17:22:24.204343
13,отправлен,2023-11-29 17:22:24.204343
14,создан,2007-04-03 04:39:56.520222
15,создан,2024-03-11 05:48:44.698456
16,создан,1999-01-28 09:28:55.016063
16,отправлен,1999-03-07 09:28:55.016063
17,создан,2007-02-23 08:41:38.676690
17,отправлен,2007-03-16 08:41:38.676690
17,отменен,2007-03-30 08:41:38.676690
18,создан,1999-09-15 11:59:22.900543
19,создан,2022-05-21 08:53:27.976268
19,отправлен,2022-06-04 08:53:27.976268
20,создан,2021-09-08 02:24:32.165221
20,отправлен,2021-09-16 02:24:32.165221
21,создан,1995-02-24 16:08:57.030629
21,отправлен,1995-05-04 16:08:57.030629
22,создан,2013-01-27 20:08:40.052717
22,отправлен,2013-02-13 20:08:40.052717
23,создан,2005-10-30 03:50:48.787295
24,создан,1998-03-27 12:30:39.673303
24,отправлен,1998-06-05 12:30:39.673303
25,создан,2017-05-28 09:55:23.459899
26,создан,2005-08-04 18:14:35.056618
27,создан,2000-11-01 06:17:39.663141
28,создан,2004-05-08 21:44:38.948671
28,отправлен,2004-05-16 21:44:38.948671
28,доставлен,2004-07-04 21:44:38.948671
29,создан,2023-11-22 20:47:10.757128
29,отменен,2024-02-20 20:47:10.757128
30,создан,2015-03-11 06:01:23.396406
30,отправлен,2015-06-10 06:01:23.396406
31,создан,2019-01-15 01:08:53.689020
32,создан,2016-08-30 06:21:20.502207
32,отправлен,2016-10-16 06:21:20.502207
32,доставлен,2016-11-21 06:21:20.502207
33,создан,2012-01-12 11:24:18.411390
33,отправлен,2012-01-27 11:24:18.411390
33,доставлен,2012-02-13 11:24:18.411390
34,создан,2003-02-26 23:41:53.722389
34,отправлен,2003-03-05 23:41:53.722389
34,доставлен,2003-03-16 23:41:53.722389
35,создан,1997-09-19 23:00:26.533581
35,отменен,1997-10-16 23:00:26.533581
36,создан,2018-03-20 06:00:23.146474
36,отменен,2018-05-06 06:00:23.146474
37,создан,2013-10-24 06:33:26.168443
37,отменен,2014-01-31 06:33:26.168443
38,создан,2021-01-17 18:15:44.659752
38,отправлен,2021-01-24 18:15:44.659752
38,доставлен,2021-02-05 18:15:44.659752
39,создан,2020-02-18 22:52:34.323357
39,отправлен,2020-03-07 22:52:34.323357
40,создан,2015-03-24 19:23:15.523096
40,отправлен,2015-04-01 19:23:15.523096
40,отменен,2015-04-04 19:23:15.523096
41,создан,2006-02-13 16:21:10.106621
41,отменен,2006-05-06 16:21:10.106621
42,создан,2013-10-10 23:01:22.440206
42,отправлен,2013-11-16 23:01:22.440206
42,отменен,2013-11-26 23:01:22.440206
43,создан,1998-07-08 22:24:19.155124
43,отправлен,1998-08-08 22:24:19.155124
44,создан,2016-04-11 08:18:21.951006
44,отменен,2016-05-08 08:18:21.951006
45,создан,2004-08-10 20:47:46.804387
46,создан,2022-09-08 12:50:44.501278
47,создан,2016-07-02 21:25:24.423384
48,создан,2017-04-19 02:09:05.019335
48,отправлен,2017-07-26 02:09:05.019335
49,создан,2020-10-14 04:55:45.636224
49,отправлен,2020-11-06 04:55:45.636224
50,создан,2022-06-14 20:02:20.673997
50,отправлен,2022-08-31 20:02:20.673997
50,доставлен,2022-09-08 20:02:20.673997
51,создан,1996-07-06 05:42:17.432999
51,отправлен,1996-10-11 05:42:17.432999
52,создан,2014-07-09 22:33:03.166190
52,отправлен,2014-07-19 22:33:03.166190
52,отменен,2014-08-15 22:33:03.166190
53,создан,2012-03-27 02:35:56.811028
54,создан,2022-04-26 07:35:24.468849
54,отправлен,2022-05-04 07:35:24.468849
55,создан,2006-03-22 04:59:42.387605
55,отправлен,2006-04-11 04:59:42.387605
55,доставлен,2006-06-15 04:59:42.387605
56,создан,2006-03-11 19:02:55.963997
56,отменен,2006-04-14 19:02:55.963997
57,создан,2014-06-18 16:55:41.122828
57,отправлен,2014-08-10 16:55:41.122828
57,доставлен,2014-09-03 16:55:41.122828
58,создан,2009-02-25 23:08:57.752440
58,отправлен,2009-02-27 23:08:57.752440
58,доставлен,2009-03-10 23:08:57.752440
59,создан,2013-04-05 06:13:02.151316
59,отправлен,2013-04-07 06:13:02.151316
59,доставлен,2013-04-09 06:13:02.151316
60,создан,2015-09-03 23:37:40.950804
61,создан,2014-06-15 16:03:46.312486
61,отправлен,2014-07-05 16:03:46.312486
61,отменен,2014-09-16 16:03:46.312486
62,создан,2005-10-06 18:14:24.550644
62,отправлен,2005-12-13 18:14:24.550644
63,создан,2002-11-30 10:12:11.629661
63,отправлен,2003-01-17 10:12:11.629661
63,доставлен,2003-02-13 10:12:11.629661
64,создан,2014-02-07 16:57:14.808421
65,создан,2017-01-25 10:56:40.801613
65,отменен,2017-04-01 10:56:40.801613
66,создан,2008-10-31 11:11:02.131419
66,отправлен,2008-12-25 11:11:02.131419
66,доставлен,2009-02-08 11:11:02.131419
67,создан,2001-10-19 20:15:04.339526
67,отправлен,2001-10-27 20:15:04.339526
68,создан,2004-12-06 10:36:51.191219
68,отправлен,2005-01-01 10:36:51.191219
68,доставлен,2005-01-26 10:36:51.191219
69,создан,2016-04-08 21:40:10.179564
69,отправлен,2016-05-24 21:40:10.179564
70,создан,2013-12-28 02:49:41.830071
70,отправлен,2014-03-30 02:49:41.830071
71,создан,2015-05-02 09:31:36.130705
71,отправлен,2015-07-18 09:31:36.130705
71,доставлен,2015-07-30 09:31:36.130705
72,создан,2019-10-31 20:54:54.580051
72,отменен,2019-12-04 20:54:54.580051
73,создан,2023-04-03 02:28:38.879629
73,отправлен,2023-04-18 02:28:38.879629
74,создан,2023-12-14 01:39:56.681902
74,отправлен,2024-01-19 01:39:56.681902
74,доставлен,2024-01-23 01:39:56.681902
75,создан,2021-06-29 20:16:52.276984
75,отправлен,2021-07-14 20:16:52.276984
75,доставлен,2021-07-30 20:16:52.276984
76,создан,2015-04-14 16:16:59.489515
77,создан,2023-08-30 13:30:22.288479
77,отправлен,2023-11-20 13:30:22.288479
78,создан,2018-07-15 09:24:50.768205
78,отменен,2018-10-16 09:24:50.768205
79,создан,2008-12-08 17:03:03.522792
79,отправлен,2009-01-09 17:03:03.522792
79,доставлен,2009-01-22 17:03:03.522792
80,создан,2009-01-01 16:29:53.817614
80,отправлен,2009-02-15 16:29:53.817614
80,доставлен,2009-03-16 16:29:53.817614
81,создан,2018-07-09 11:37:19.588327
81,отправлен,2018-08-21 11:37:19.588327
81,доставлен,2018-08-22 11:37:19.588327
82,создан,2000-06-06 06:27:35.900962
82,отправлен,2000-06-12 06:27:35.900962
82,доставлен,2000-06-26 06:27:35.900962
83,создан,1996-04-26 12:47:12.819416
84,создан,2021-04-24 12:35:43.310933
84,отправлен,2021-04-28 12:35:43.310933
84,доставлен,2021-05-05 12:35:43.310933
85,создан,1999-11-02 08:38:35.455956
85,отправлен,1999-12-07 08:38:35.455956
85,отменен,1999-12-28 08:38:35.455956
86,создан,2011-08-11 16:59:17.432257
86,отправлен,2011-08-30 16:59:17.432257
87,создан,1999-09-25 13:55:56.575354
88,создан,2014-03-20 16:45:00.281359
88,отправлен,2014-04-05 16:45:00.281359
88,отменен,2014-04-09 16:45:00.281359
89,создан,2008-05-23 11:55:21.633095
89,отправлен,2008-06-11 11:55:21.633095
89,доставлен,2008-06-26 11:55:21.633095
90,создан,2006-07-29 03:26:58.583386
91,создан,2013-01-31 04:02:25.173832
91,отправлен,2013-02-16 04:02:25.173832
91,отменен,2013-02-17 04:02:25.173832
92,создан,2009-12-08 21:17:09.035422
92,отправлен,2009-12-15 21:17:09.035422
92,доставлен,2010-02-21 21:17:09.035422
93,создан,2020-04-23 22:38:02.593387
93,отправлен,2020-07-13 22:38:02.593387
93,доставлен,2020-07-14 22:38:02.593387
94,создан,2009-08-01 17:08:10.713428
94,отправлен,2009-08-12 17:08:10.713428
94,доставлен,2009-09-15 17:08:10.713428
95,создан,1999-04-08 01:01:30.901510
95,отправлен,1999-05-28 01:01:30.901510
96,создан,1995-10-09 17:52:08.139899
96,отправлен,1995-11-04 17:52:08.139899
96,отменен,1995-11-09 17:52:08.139899
97,создан,2016-03-03 23:25:39.469701
97,отменен,2016-04-09 23:25:39.469701
98,создан,1999-10-23 05:26:07.125350
99,создан,2005-09-28 15:13:12.398818
99,отменен,2005-11-17 15:13:12.398818
100,создан,1998-03-05 19:40:11.653031
100,отменен,1998-03-09 19:40:11.653031
101,создан,2014-12-05 00:40:11.860615
101,отправлен,2014-12-06 00:40:11.860615
101,отменен,2015-01-21 00:40:11.860615
102,создан,2021-04-21 23:08:08.930936
103,создан,2000-04-19 22:14:19.412025
104,создан,1999-10-02 09:11:22.759887
105,создан,2018-12-09 20:37:32.807494
105,отправлен,2019-01-02 20:37:32.807494
106,создан,2023-01-21 12:19:34.054320
106,отправлен,2023-04-14 12:19:34.054320
107,создан,2020-09-09 17:16:48.362693
107,отправлен,2020-09-18 17:16:48.362693
108,создан,2010-12-27 13:39:39.539238
108,отправлен,2011-01-02 13:39:39.539238
108,доставлен,2011-02-13 13:39:39.539238
109,создан,2009-06-21 19:11:28.542462
110,создан,1998-07-03 16:49:49.703727
110,отправлен,1998-07-29 16:49:49.703727
110,доставлен,1998-09-15 16:49:49.703727
111,создан,1995-07-27 02:45:08.435201
111,отправлен,1995-07-30 02:45:08.435201
111,доставлен,1995-09-30 02:45:08.435201
112,создан,2010-03-31 15:16:18.319789
112,отправлен,2010-07-02 15:16:18.319789
113,создан,1998-03-06 06:00:01.900085
113,отправлен,1998-04-15 06:00:01.900085
114,создан,2005-08-27 23:09:38.932880
115,создан,2021-10-06 18:31:21.036228
115,отправлен,2021-11-22 18:31:21.036228
116,создан,2010-12-18 14:40:25.552353
117,создан,2000-03-09 14:52:08.844662
117,отправлен,2000-04-01 14:52:08.844662
117,доставлен,2000-04-19 14:52:08.844662
118,создан,2022-06-21 12:24:36.443991
118,отправлен,2022-06-29 12:24:36.443991
118,отменен,2022-07-01 12:24:36.443991
119,создан,2005-06-04 00:59:26.708227
119,отправлен,2005-08-17 00:59:26.708227
120,создан,1999-05-19 19:36:58.901656
120,отправлен,1999-06-23 19:36:58.901656
121,создан,2011-03-27 14:08:07.359786
122,создан,2005-11-20 15:39:18.812650
123,создан,2018-09-08 23:14:50.201312
123,отправлен,2018-10-29 23:14:50.201312
124,создан,2016-02-26 19:20:33.948808
124,отправлен,2016-03-17 19:20:33.948808
124,отменен,2016-05-25 19:20:33.948808
125,создан,1995-03-19 20:05:48.805659
125,отправлен,1995-06-18 20:05:48.805659
126,создан,2010-06-27 00:17:02.202155
126,отправлен,2010-07-18 00:17:02.202155
127,создан,2009-12-31 16:01:49.163052
127,отправлен,2010-01-05 16:01:49.163052
127,доставлен,2010-01-18 16:01:49.163052
128,создан,2000-09-26 19:19:05.540185
128,отправлен,2000-10-21 19:19:05.540185
128,доставлен,2000-11-26 19:19:05.540185
129,создан,2011-04-30 16:34:43.337232
129,отправлен,2011-07-09 16:34:43.337232
130,создан,2024-05-25 16:34:25.826241
130,отправлен,2024-07-22 16:34:25.826241
130,доставлен,2024-08-03 16:34:25.826241
131,создан,2003-07-04 10:44:08.268537
132,создан,2007-10-30 09:57:28.700382
133,создан,2005-01-01 15:38:04.260487
134,создан,2007-04-17 17:57:24.497368
134,отправлен,2007-05-11 17:57:24.497368
134,отменен,2007-07-05 17:57:24.497368
135,создан,2021-11-02 05:05:32.048831
136,создан,2011-09-21 01:06:59.962808
137,создан,1998-05-26 17:54:49.440333
137,отправлен,1998-06-09 17:54:49.440333
137,доставлен,1998-07-06 17:54:49.440333
138,создан,2005-01-21 17:49:43.242073
139,создан,2003-09-15 20:22:57.026674
139,отправлен,2003-11-30 20:22:57.026674
140,создан,2005-10-23 20:58:19.146414
140,отправлен,2005-11-10 20:58:19.146414
140,отменен,2005-11-29 20:58:19.146414
141,создан,2003-07-14 20:55:26.107639
141,отправлен,2003-07-16 20:55:26.107639
141,отменен,2003-07-16 20:55:26.107639
142,создан,2008-09-16 10:49:11.604819
142,отменен,2008-10-22 10:49:11.604819
143,создан,2016-08-23 16:14:04.175486
144,создан,2014-08-10 04:31:54.356379
144,отправлен,2014-11-15 04:31:54.356379
145,создан,2000-05-03 08:41:04.635102
145,отправлен,2000-06-11 08:41:04.635102
145,доставлен,2000-06-17 08:41:04.635102
146,создан,2002-11-03 14:13:58.416460
146,отправлен,2002-11-16 14:13:58.416460
146,доставлен,2002-12-11 14:13:58.416460
147,создан,2015-06-09 23:30:20.707536
148,создан,2008-07-22 06:01:05.473763
148,отправлен,2008-09-19 06:01:05.473763
149,создан,2011-07-10 10:47:52.828260
149,отменен,2011-09-19 10:47:52.828260
150,создан,2011-10-17 05:52:06.772502
151,создан,2006-11-15 09:32:22.498211
151,отменен,2007-01-20 09:32:22.498211
152,создан,2014-05-17 22:04:45.889266
152,отменен,2014-06-05 22:04:45.889266
153,создан,2013-02-16 07:11:23.319063
153,отправлен,2013-02-22 07:11:23.319063
153,доставлен,2013-02-27 07:11:23.319063
154,создан,2020-12-30 04:05:10.981595
155,создан,2019-01-14 16:07:03.317059
155,отправлен,2019-01-18 16:07:03.317059
156,создан,2015-05-26 07:09:02.737020
157,создан,2020-03-06 19:21:05.648744
157,отправлен,2020-04-04 19:21:05.648744
157,отменен,2020-04-30 19:21:05.648744
158,создан,2015-02-24 23:42:40.208658
158,отменен,2015-03-30 23:42:40.208658
159,создан,2003-04-14 02:43:15.463726
160,создан,1998-05-14 19:56:11.567514
160,отменен,1998-07-20 19:56:11.567514
161,создан,2017-03-12 00:46:14.877417
161,отправлен,2017-06-05 00:46:14.877417
162,создан,2011-08-19 22:31:55.644402
163,создан,2015-01-03 16:12:25.264075
163,отправлен,2015-02-18 16:12:25.264075
164,создан,2016-12-03 17:40:12.881370
164,отправлен,2017-02-03 17:40:12.881370
165,создан,2017-03-20 02:27:42.355932
165,отправлен,2017-04-03 02:27:42.355932
165,доставлен,2017-04-06 02:27:42.355932
166,создан,2000-08-29 02:32:43.458611
167,создан,2014-09-15 16:25:26.646966
167,отправлен,2014-12-17 16:25:26.646966
168,создан,2014-09-10 23:44:08.920701
168,отправлен,2014-09-28 23:44:08.920701
168,отменен,2014-10-08 23:44:08.920701
169,создан,2019-04-22 07:06:39.546618
169,отменен,2019-05-27 07:06:39.546618
170,создан,2005-07-24 16:11:36.082757
171,создан,2002-03-31 14:16:32.985159
171,отменен,2002-05-25 14:16:32.985159
172,создан,2005-12-20 15:01:29.514423
172,отправлен,2006-02-21 15:01:29.514423
173,создан,2015-10-23 10:36:43.980623
173,отправлен,2015-11-10 10:36:43.980623
173,доставлен,2015-12-15 10:36:43.980623
174,создан,2011-05-11 04:18:19.713005
174,отправлен,2011-06-29 04:18:19.713005
174,отменен,2011-07-06 04:18:19.713005
175,создан,2011-09-07 10:25:45.754023
175,отправлен,2011-09-29 10:25:45.754023
175,доставлен,2011-10-21 10:25:45.754023
176,создан,2008-06-16 01:41:31.839029
176,отправлен,2008-09-03 01:41:31.839029
176,доставлен,2008-09-19 01:41:31.839029
177,создан,2011-05-06 16:48:32.539783
178,создан,1996-03-22 08:54:57.954865
179,создан,2014-01-15 13:40:12.697262
180,создан,2006-12-01 00:21:33.646482
180,отправлен,2006-12-09 00:21:33.646482
181,создан,2009-07-25 15:45:04.693372
181,отправлен,2009-08-08 15:45:04.693372
181,доставлен,2009-08-21 15:45:04.693372
182,создан,2013-04-11 07:00:34.252538
183,создан,2018-03-21 23:58:52.450946
183,отправлен,2018-04-23 23:58:52.450946
184,создан,2017-06-27 10:37:33.749503
184,отменен,2017-08-06 10:37:33.749503
185,создан,2000-11-17 02:37:08.007465
185,отправлен,2001-01-29 02:37:08.007465
186,создан,2018-09-08 05:42:01.358421
186,отправлен,2018-09-20 05:42:01.358421
186,доставлен,2018-12-01 05:42:01.358421
187,создан,2005-07-18 14:27:46.349212
187,отправлен,2005-07-19 14:27:46.349212
187,доставлен,2005-07-19 14:27:46.349212
188,создан,2024-03-04 21:09:06.130241
188,отправлен,2024-04-10 21:09:06.130241
188,доставлен,2024-06-01 21:09:06.130241
189,создан,1996-08-09 08:12:14.883403
189,отправлен,1996-08-16 08:12:14.883403
190,создан,2008-03-25 04:45:27.120674
190,отправлен,2008-06-02 04:45:27.120674
190,отменен,2008-06-27 04:45:27.120674
191,создан,2011-08-12 22:04:08.240565
192,создан,1997-11-05 08:17:14.283720
192,отправлен,1997-11-08 08:17:14.283720
192,доставлен,1997-11-09 08:17:14.283720
193,создан,2004-08-12 03:10:02.796175
193,отправлен,2004-08-25 03:10:02.796175
194,создан,2003-11-07 00:18:51.276886
194,отправлен,2003-12-28 00:18:51.276886
195,создан,2000-09-26 12:34:08.293287
196,создан,2013-09-12 09:36:45.235007
196,отменен,2013-09-18 09:36:45.235007
197,создан,2005-05-08 22:38:23.725687
197,отправлен,2005-05-10 22:38:23.725687
197,доставлен,2005-05-11 22:38:23.725687
198,создан,2022-05-01 05:57:40.043782
199,создан,2014-01-19 02:59:49.272175
200,создан,2016-07-06 17:29:01.335884
200,отправлен,2016-08-24 17:29:01.335884
201,создан,2004-02-20 13:49:46.113722
201,отправлен,2004-05-14 13:49:46.113722
202,создан,1995-03-08 00:00:54.302865
202,отправлен,1995-05-06 00:00:54.302865
203,создан,2010-11-16 16:33:23.980908
204,создан,1999-11-07 00:51:46.163172
204,отправлен,1999-12-23 00:51:46.163172
205,создан,2018-04-23 13:09:53.048432
205,отправлен,2018-05-23 13:09:53.048432
205,отменен,2018-06-10 13:09:53.048432
206,создан,2005-01-07 19:22:59.346488
206,отменен,2005-02-18 19:22:59.346488
207,создан,1999-07-25 19:08:43.249754
207,отменен,1999-09-21 19:08:43.249754
208,создан,2011-07-14 09:03:32.500561
208,отправлен,2011-10-22 09:03:32.500561
209,создан,2022-05-07 06:16:37.291875
209,отправлен,2022-07-06 06:16:37.291875
210,создан,2017-06-24 07:53:08.357533
210,отменен,2017-07-06 07:53:08.357533
211,создан,2007-09-27 05:20:59.820915
211,отправлен,2007-12-01 05:20:59.820915
212,создан,2007-05-22 10:20:45.454827
213,создан,2018-06-18 18:58:28.989832
214,создан,1997-12-27 15:36:10.596441
215,создан,2011-10-27 21:23:54.261701
215,отправлен,2011-12-22 21:23:54.261701
216,создан,2010-11-08 04:29:21.478055
216,отправлен,2010-11-28 04:29:21.478055
216,доставлен,2011-02-08 04:29:21.478055
217,создан,2022-03-13 15:03:48.138135
217,отправлен,2022-04-27 15:03:48.138135
217,доставлен,2022-04-29 15:03:48.138135
218,создан,2015-06-14 23:32:26.926383
219,создан,2022-12-25 17:30:49.224005
219,отправлен,2022-12-31 17:30:49.224005
220,создан,1996-01-19 07:34:39.115208
220,отправлен,1996-02-23 07:34:39.115208
220,отменен,1996-04-03 07:34:39.115208
221,создан,2014-01-16 06:55:00.933276
221,отправлен,2014-02-05 06:55:00.933276
221,доставлен,2014-03-18 06:55:00.933276
222,создан,2021-12-12 08:52:53.647189
222,отправлен,2022-01-02 08:52:53.647189
222,доставлен,2022-01-12 08:52:53.647189
223,создан,2015-11-15 22:50:43.474195
223,отправлен,2016-02-16 22:50:43.474195
224,создан,2017-07-15 09:16:17.744731
225,создан,2021-03-31 14:29:43.449021
225,отправлен,2021-04-16 14:29:43.449021
226,создан,1999-05-13 22:54:28.621936
226,отправлен,1999-06-06 22:54:28.621936
227,создан,2012-08-01 09:01:35.466122
227,отправлен,2012-09-29 09:01:35.466122
227,доставлен,2012-10-22 09:01:35.466122
228,создан,2008-11-24 11:18:07.122806
228,отправлен,2009-01-14 11:18:07.122806
228,отменен,2009-01-28 11:18:07.122806
229,создан,1996-03-11 21:23:12.953243
229,отправлен,1996-04-03 21:23:12.953243
229,доставлен,1996-04-28 21:23:12.953243
230,создан,2020-01-25 09:35:12.121144
231,создан,2019-12-26 00:24:20.347085
231,отправлен,2020-01-18 00:24:20.347085
232,создан,1997-09-05 02:56:02.105255
232,отправлен,1997-10-03 02:56:02.105255
232,доставлен,1997-11-09 02:56:02.105255
233,создан,1997-01-25 08:10:05.722767
234,создан,2019-10-03 21:52:59.385210
234,отправлен,2019-11-01 21:52:59.385210
234,доставлен,2019-11-28 21:52:59.385210
235,создан,2000-11-23 04:18:18.075954
235,отправлен,2000-11-28 04:18:18.075954
235,доставлен,2000-12-10 04:18:18.075954
236,создан,2013-10-04 09:19:20.284740
237,создан,2000-01-29 14:12:59.358297
237,отправлен,2000-02-29 14:12:59.358297
238,создан,2007-08-08 16:22:00.886279
238,отправлен,2007-09-28 16:22:00.886279
238,отменен,2007-10-15 16:22:00.886279
239,создан,2003-05-23 23:20:35.029509
239,отправлен,2003-08-06 23:20:35.029509
240,создан,2002-09-23 12:07:33.515152
240,отправлен,2002-10-25 12:07:33.515152
240,доставлен,2002-12-03 12:07:33.515152
241,создан,2004-01-22 03:20:39.578855
241,отправлен,2004-02-12 03:20:39.578855
241,доставлен,2004-02-22 03:20:39.578855
242,создан,2002-07-03 01:58:05.351203
243,создан,2018-06-27 02:53:30.748937
243,отправлен,2018-08-25 02:53:30.748937
244,создан,2001-08-18 17:16:09.390893
245,создан,1996-10-30 01:11:52.193608
246,создан,2022-03-02 16:00:38.111613
246,отправлен,2022-03-30 16:00:38.111613
246,доставлен,2022-05-29 16:00:38.111613
247,создан,2015-11-30 07:54:44.339848
247,отправлен,2015-12-20 07:54:44.339848
247,отменен,2016-01-29 07:54:44.339848
248,создан,2018-12-15 13:17:07.838293
248,отправлен,2019-01-12 13:17:07.838293
249,создан,1997-04-24 21:08:12.089136
249,отменен,1997-06-12 21:08:12.089136
250,создан,2017-04-23 20:51:38.615952
250,отправлен,2017-05-09 20:51:38.615952
251,создан,2008-08-18 08:20:48.920660
251,отправлен,2008-10-16 08:20:48.920660
252,создан,2023-01-04 08:16:32.004457
253,создан,2014-04-20 06:01:47.430452
253,отправлен,2014-07-16 06:01:47.430452
254,создан,2011-06-20 02:58:25.465074
255,создан,2016-07-24 20:51:16.319704
255,отменен,2016-09-29 20:51:16.319704
256,создан,2020-12-31 05:55:05.626298
257,создан,2014-07-12 04:18:48.439587
258,создан,2024-02-26 02:56:08.105251
258,отправлен,2024-03-22 02:56:08.105251
258,доставлен,2024-04-14 02:56:08.105251
259,создан,2007-08-21 14:12:04.978791
259,отменен,2007-11-23 14:12:04.978791
260,создан,1996-03-27 22:42:10.388175
260,отменен,1996-04-30 22:42:10.388175
261,создан,2002-10-24 02:17:14.547765
261,отправлен,2002-10-26 02:17:14.547765
261,отменен,2002-11-01 02:17:14.547765
262,создан,1995-10-13 15:52:52.962638
262,отправлен,1995-10-21 15:52:52.962638
262,отменен,1995-11-13 15:52:52.962638
263,создан,2009-09-14 08:20:22.220441
263,отправлен,2009-09-20 08:20:22.220441
263,доставлен,2009-09-30 08:20:22.220441
264,создан,2011-06-13 22:35:03.508338
265,создан,2021-02-13 01:40:32.932902
265,отправлен,2021-02-16 01:40:32.932902
266,создан,2012-06-24 05:44:16.349067
266,отправлен,2012-06-28 05:44:16.349067
266,доставлен,2012-07-03 05:44:16.349067
267,создан,1994-12-29 22:55:47.270449
267,отправлен,1995-01-17 22:55:47.270449
267,доставлен,1995-02-01 22:55:47.270449
268,создан,2023-01-06 12:13:15.647620
269,создан,2011-02-04 21:17:12.528380
269,отправлен,2011-02-12 21:17:12.528380
269,отменен,2011-02-15 21:17:12.528380
270,создан,2019-08-07 22:41:31.296141
270,отменен,2019-11-09 22:41:31.296141
271,создан,2016-12-23 06:19:51.743124
272,создан,2014-02-27 20:30:01.084124
272,отправлен,2014-04-02 20:30:01.084124
273,создан,2010-08-27 22:28:13.746962
273,отправлен,2010-09-18 22:28:13.746962
273,доставлен,2010-09-26 22:28:13.746962
274,создан,2012-11-24 07:22:31.295434
274,отправлен,2013-01-10 07:22:31.295434
274,доставлен,2013-01-28 07:22:31.295434
275,создан,2023-10-30 12:02:39.466181
276,создан,2015-07-28 16:06:03.525416
277,создан,1995-08-14 18:15:55.147802
277,отправлен,1995-08-30 18:15:55.147802
277,доставлен,1995-09-15 18:15:55.147802
278,создан,2020-08-14 18:38:54.021984
278,отправлен,2020-08-22 18:38:54.021984
278,доставлен,2020-08-25 18:38:54.021984
279,создан,2008-10-27 17:08:54.633219
279,отправлен,2008-12-30 17:08:54.633219
280,создан,2018-01-13 18:53:41.476998
280,отправлен,2018-03-23 18:53:41.476998
280,доставлен,2018-03-23 18:53:41.476998
281,создан,2005-06-08 13:14:02.671802
282,создан,2008-08-14 16:43:06.903146
282,отправлен,2008-11-12 16:43:06.903146
282,доставлен,2008-11-21 16:43:06.903146
283,создан,2011-05-20 21:46:21.624214
283,отправлен,2011-07-10 21:46:21.624214
284,создан,2000-09-30 08:23:50.583459
284,отправлен,2000-10-01 08:23:50.583459
285,создан,2000-03-30 06:05:04.298803
285,отправлен,2000-04-19 06:05:04.298803
285,доставлен,2000-05-12 06:05:04.298803
286,создан,2016-04-13 00:20:15.887794
287,создан,2008-09-16 01:28:28.463000
287,отправлен,2008-09-18 01:28:28.463000
287,отменен,2008-09-24 01:28:28.463000
288,создан,2016-10-12 20:01:02.766421
289,создан,2023-10-15 08:48:30.900342
289,отправлен,2023-11-23 08:48:30.900342
289,доставлен,2023-12-23 08:48:30.900342
290,создан,2006-10-28 16:44:04.937391
291,создан,2018-05-13 15:10:03.216714
292,создан,1996-09-16 09:24:46.614632
293,создан,2007-08-02 20:39:37.360862
293,отменен,2007-08-20 20:39:37.360862
294,создан,2004-01-24 22:31:27.509449
294,отправлен,2004-03-14 22:31:27.509449
295,создан,2007-02-03 10:14:53.146785
295,отправлен,2007-05-01 10:14:53.146785
296,создан,2021-11-02 18:17:51.600528
296,отправлен,2021-11-25 18:17:51.600528
296,отменен,2021-12-20 18:17:51.600528
297,создан,2007-02-02 03:54:05.415564
297,отправлен,2007-03-03 03:54:05.415564
297,отменен,2007-04-28 03:54:05.415564
298,создан,2019-04-02 22:59:15.159317
298,отправлен,2019-05-13 22:59:15.159317
299,создан,2018-12-07 21:57:35.542703
300,создан,2001-08-07 22:29:33.510919
301,создан,2023-08-17 13:11:47.317424
302,создан,1996-08-07 22:48:44.484995
302,отправлен,1996-10-10 22:48:44.484995
303,создан,1999-12-11 04:54:26.939598
303,отменен,2000-02-06 04:54:26.939598
304,создан,2014-08-30 21:26:10.332582
304,отправлен,2014-09-01 21:26:10.332582
304,отменен,2014-09-02 21:26:10.332582
305,создан,2020-05-09 14:10:26.179518
305,отправлен,2020-05-21 14:10:26.179518
306,создан,2002-01-16 11:21:43.425467
306,отправлен,2002-01-25 11:21:43.425467
306,доставлен,2002-02-02 11:21:43.425467
307,создан,2002-02-11 05:24:41.923943
308,создан,2003-12-15 02:59:04.508348
308,отправлен,2004-01-19 02:59:04.508348
308,доставлен,2004-02-27 02:59:04.508348
309,создан,2017-11-12 14:34:01.765450
310,создан,2019-01-04 21:37:30.865200
310,отправлен,2019-01-18 21:37:30.865200
310,доставлен,2019-03-19 21:37:30.865200
311,создан,2017-12-26 13:55:19.271977
312,создан,2023-06-07 03:30:54.655655
312,отменен,2023-06-16 03:30:54.655655
313,создан,1996-01-01 08:40:17.747216
313,отправлен,1996-01-18 08:40:17.747216
313,доставлен,1996-02-16 08:40:17.747216
314,создан,2009-07-03 16:47:26.124581
314,отправлен,2009-08-17 16:47:26.124581
314,доставлен,2009-08-20 16:47:26.124581
315,создан,2011-10-12 02:40:44.336016
315,отправлен,2011-10-15 02:40:44.336016
315,доставлен,2011-11-09 02:40:44.336016
316,создан,2010-01-16 05:34:46.666224
317,создан,1997-10-24 03:49:47.803143
317,отправлен,1997-12-08 03:49:47.803143
317,доставлен,1998-01-10 03:49:47.803143
318,создан,2004-03-26 22:24:46.054744
318,отправлен,2004-05-06 22:24:46.054744
319,создан,2013-05-19 07:40:28.841830
319,отправлен,2013-06-05 07:40:28.841830
319,доставлен,2013-06-09 07:40:28.841830
320,создан,2000-07-12 16:26:40.135659
320,отправлен,2000-08-11 16:26:40.135659
320,доставлен,2000-08-19 16:26:40.135659
321,создан,2003-08-22 03:10:29.583280
321,отправлен,2003-09-25 03:10:29.583280
321,доставлен,2003-11-03 03:10:29.583280
322,создан,2014-08-02 20:49:11.746856
323,создан,2000-04-08 05:52:55.392781
323,отправлен,2000-04-26 05:52:55.392781
323,доставлен,2000-05-08 05:52:55.392781
324,создан,2017-03-19 15:33:40.375986
324,отправлен,2017-03-30 15:33:40.375986
324,отменен,2017-04-25 15:33:40.375986
325,создан,2016-11-21 11:19:45.641290
325,отправлен,2016-11-29 11:19:45.641290
326,создан,2019-05-04 00:45:35.777483
326,отправлен,2019-06-12 00:45:35.777483
326,доставлен,2019-07-18 00:45:35.777483
327,создан,2022-06-18 14:23:47.382380
327,отменен,2022-06-26 14:23:47.382380
328,создан,2003-05-08 20:01:11.151178
329,создан,1996-02-28 11:29:52.877230
329,отправлен,1996-04-27 11:29:52.877230
330,создан,2001-07-13 20:03:06.078613
330,отправлен,2001-09-27 20:03:06.078613
331,создан,2023-11-04 07:40:06.571376
331,отменен,2024-01-18 07:40:06.571376
332,создан,2005-12-11 05:19:13.163838
332,отправлен,2006-01-29 05:19:13.163838
332,доставлен,2006-02-12 05:19:13.163838
333,создан,2011-07-22 02:47:49.463246
333,отменен,2011-07-29 02:47:49.463246
334,создан,1997-07-26 00:32:47.039393
334,отправлен,1997-07-28 00:32:47.039393
334,доставлен,1997-08-08 00:32:47.039393
335,создан,2005-06-09 00:08:26.315558
335,отменен,2005-08-14 00:08:26.315558
336,создан,1999-09-27 23:06:52.181009
336,отменен,1999-11-09 23:06:52.181009
337,создан,1996-08-15 06:54:01.002147
337,отправлен,1996-09-24 06:54:01.002147
337,отменен,1996-11-20 06:54:01.002147
338,создан,2001-01-14 17:57:52.025542
338,отправлен,2001-03-30 17:57:52.025542
339,создан,2008-03-18 13:11:51.887529
340,создан,2014-05-31 10:55:01.759549
341,создан,2021-11-19 01:36:38.449215
341,отправлен,2022-01-20 01:36:38.449215
341,доставлен,2022-02-18 01:36:38.449215
342,создан,2000-10-23 06:38:48.891449
342,отменен,2001-01-29 06:38:48.891449
343,создан,2020-02-05 14:42:57.792301
343,отправлен,2020-02-12 14:42:57.792301
343,доставлен,2020-02-15 14:42:57.792301
344,создан,1998-04-21 03:42:12.549560
344,отправлен,1998-07-13 03:42:12.549560
345,создан,1998-08-06 21:01:07.256449
345,отправлен,1998-09-08 21:01:07.256449
345,доставлен,1998-09-21 21:01:07.256449
346,создан,1997-05-10 19:37:19.223982
346,отменен,1997-06-15 19:37:19.223982
347,создан,2000-11-15 04:47:42.850180
347,отправлен,2000-11-22 04:47:42.850180
347,доставлен,2000-12-22 04:47:42.850180
348,создан,2001-06-06 15:18:42.027601
348,отправлен,2001-06-08 15:18:42.027601
348,доставлен,2001-06-09 15:18:42.027601
349,создан,2023-01-13 23:35:13.451769
349,отправлен,2023-01-19 23:35:13.451769
349,доставлен,2023-02-01 23:35:13.451769
350,создан,1999-11-01 14:01:53.816575
350,отправлен,2000-01-05 14:01:53.816575
351,создан,2011-12-19 19:21:59.465830
352,создан,1994-12-23 06:00:54.365424
352,отправлен,1994-12-25 06:00:54.365424
352,доставлен,1995-02-01 06:00:54.365424
353,создан,1995-09-23 12:15:27.572095
353,отправлен,1995-10-23 12:15:27.572095
354,создан,2003-02-24 12:16:39.690573
354,отменен,2003-03-30 12:16:39.690573
355,создан,2006-09-24 06:31:10.181902
355,отправлен,2006-10-02 06:31:10.181902
355,доставлен,2006-10-31 06:31:10.181902
356,создан,2002-12-09 04:49:23.083856
356,отправлен,2002-12-31 04:49:23.083856
356,отменен,2003-01-09 04:49:23.083856
357,создан,2014-02-11 17:49:39.656394
357,отправлен,2014-04-05 17:49:39.656394
358,создан,2023-01-26 22:39:45.519533
358,отправлен,2023-03-28 22:39:45.519533
359,создан,2000-07-03 13:25:31.095694
360,создан,2011-10-14 13:53:25.104013
360,отправлен,2011-10-27 13:53:25.104013
360,доставлен,2011-11-10 13:53:25.104013
361,создан,2002-12-21 09:43:51.846007
361,отменен,2003-02-12 09:43:51.846007
362,создан,2011-07-28 08:47:39.328299
362,отменен,2011-11-04 08:47:39.328299
363,создан,1997-11-22 03:36:43.212088
363,отправлен,1997-12-03 03:36:43.212088
364,создан,2015-03-08 21:32:33.216688
365,создан,2010-09-07 07:26:17.976329
365,отправлен,2010-10-12 07:26:17.976329
365,доставлен,2010-11-03 07:26:17.976329
366,создан,2001-03-02 05:06:15.615410
366,отправлен,2001-04-14 05:06:15.615410
367,создан,2011-08-16 00:00:23.154857
367,отправлен,2011-11-14 00:00:23.154857
368,создан,2004-06-26 20:47:22.363322
368,отменен,2004-08-05 20:47:22.363322
369,создан,2024-04-13 08:33:06.491742
369,отправлен,2024-06-07 08:33:06.491742
370,создан,2015-09-24 11:13:34.673511
371,создан,1999-05-04 09:55:58.219369
371,отправлен,1999-06-12 09:55:58.219369
371,отменен,1999-06-17 09:55:58.219369
372,создан,2011-03-14 18:31:51.578209
373,создан,2009-01-15 01:07:34.632297
374,создан,2008-02-18 22:35:26.047670
374,отправлен,2008-04-03 22:35:26.047670
374,доставлен,2008-04-26 22:35:26.047670
375,создан,2002-06-10 01:37:18.975592
375,отменен,2002-08-18 01:37:18.975592
376,создан,2005-11-19 18:18:50.150687
377,создан,2005-10-11 13:18:00.939851
378,создан,2004-08-19 05:06:24.668179
378,отправлен,2004-09-06 05:06:24.668179
378,отменен,2004-09-15 05:06:24.668179
379,создан,2009-03-24 09:00:39.210928
379,отправлен,2009-05-05 09:00:39.210928
380,создан,2015-08-13 10:22:16.346354
381,создан,2024-01-12 00:57:42.061409
381,отправлен,2024-02-19 00:57:42.061409
381,доставлен,2024-02-28 00:57:42.061409
382,создан,2008-08-06 17:03:43.902505
383,создан,2002-11-03 19:44:37.327223
383,отправлен,2002-11-08 19:44:37.327223
383,доставлен,2002-11-09 19:44:37.327223
384,создан,2009-12-23 17:18:10.656348
385,создан,2001-01-13 07:41:46.422881
385,отправлен,2001-04-05 07:41:46.422881
386,создан,2023-07-31 12:25:31.748391
386,отправлен,2023-10-23 12:25:31.748391
387,создан,1997-11-03 18:53:39.189175
388,создан,2011-02-28 11:03:02.384731
388,отправлен,2011-05-11 11:03:02.384731
388,отменен,2011-05-18 11:03:02.384731
389,создан,2004-08-01 03:29:02.765579
389,отправлен,2004-09-10 03:29:02.765579
390,создан,2002-12-05 14:26:40.835375
390,отправлен,2003-01-04 14:26:40.835375
390,доставлен,2003-01-16 14:26:40.835375
391,создан,2010-01-17 16:25:43.307520
391,отправлен,2010-02-11 16:25:43.307520
391,отменен,2010-02-15 16:25:43.307520
392,создан,2021-06-16 23:30:25.352290
392,отправлен,2021-06-25 23:30:25.352290
392,доставлен,2021-07-08 23:30:25.352290
393,создан,2001-01-14 09:42:59.966825
393,отправлен,2001-01-15 09:42:59.966825
393,отменен,2001-02-28 09:42:59.966825
394,создан,2012-02-05 10:47:59.091966
394,отправлен,2012-04-27 10:47:59.091966
395,создан,2000-10-27 18:04:46.247386
395,отправлен,2001-01-09 18:04:46.247386
395,доставлен,2001-01-13 18:04:46.247386
396,создан,2020-07-09 08:40:44.395348
396,отменен,2020-10-03 08:40:44.395348
397,создан,2021-02-12 18:12:54.501398
398,создан,2017-12-26 08:49:12.696351
398,отменен,2018-03-28 08:49:12.696351
399,создан,2023-01-09 15:31:26.653902
399,отправлен,2023-01-27 15:31:26.653902
399,доставлен,2023-02-10 15:31:26.653902
400,создан,2000-07-21 21:25:34.328825
400,отменен,2000-09-06 21:25:34.328825
401,создан,2006-05-15 12:22:47.023422
402,создан,1998-07-22 23:59:14.291354
402,отправлен,1998-09-02 23:59:14.291354
403,создан,2016-07-02 12:05:14.913993
403,отправлен,2016-08-01 12:05:14.913993
404,создан,2003-02-25 19:36:29.678963
404,отправлен,2003-03-20 19:36:29.678963
405,создан,2001-11-01 02:46:52.033562
405,отправлен,2001-11-11 02:46:52.033562
406,создан,2011-09-09 11:56:11.715693
406,отменен,2011-10-06 11:56:11.715693
407,создан,2002-02-14 12:42:43.052028
407,отправлен,2002-02-15 12:42:43.052028
407,доставлен,2002-03-23 12:42:43.052028
408,создан,2012-03-17 02:10:12.138410
408,отправлен,2012-05-17 02:10:12.138410
408,доставлен,2012-06-25 02:10:12.138410
409,создан,2001-01-05 12:52:13.757649
410,создан,2004-02-12 10:34:38.303453
411,создан,2023-03-06 04:21:41.855464
411,отправлен,2023-03-14 04:21:41.855464
411,доставлен,2023-03-14 04:21:41.855464
412,создан,2021-11-29 02:26:35.139050
412,отменен,2022-02-04 02:26:35.139050
413,создан,2021-10-22 04:30:46.142038
414,создан,2010-08-22 23:58:40.550130
414,отменен,2010-09-03 23:58:40.550130
415,создан,2011-01-08 16:43:17.671053
415,отправлен,2011-01-24 16:43:17.671053
415,доставлен,2011-02-11 16:43:17.671053
416,создан,2018-12-25 08:06:55.037746
417,создан,2004-11-21 19:52:22.815435
417,отменен,2005-02-19 19:52:22.815435
418,создан,2015-04-28 18:03:55.877654
418,отправлен,2015-07-15 18:03:55.877654
418,доставлен,2015-07-16 18:03:55.877654
419,создан,2023-10-31 21:35:32.937376
419,отправлен,2023-11-01 21:35:32.937376
419,доставлен,2023-11-02 21:35:32.937376
420,создан,2001-06-20 23:28:07.603311
420,отправлен,2001-06-28 23:28:07.603311
421,создан,2014-02-13 09:21:14.387506
421,отправлен,2014-02-16 09:21:14.387506
421,доставлен,2014-02-21 09:21:14.387506
422,создан,2016-08-19 21:10:51.436290
422,отменен,2016-09-15 21:10:51.436290
423,создан,1996-08-04 13:06:28.621795
423,отправлен,1996-09-04 13:06:28.621795
423,отменен,1996-09-30 13:06:28.621795
424,создан,2013-09-17 01:56:20.189426
424,отменен,2013-09-25 01:56:20.189426
425,создан,2006-08-14 11:26:25.842648
425,отправлен,2006-09-20 11:26:25.842648
425,отменен,2006-10-10 11:26:25.842648
426,создан,2005-12-23 14:16:14.365350
426,отправлен,2006-01-29 14:16:14.365350
426,доставлен,2006-03-14 14:16:14.365350
427,создан,2000-01-08 14:48:47.815793
427,отправлен,2000-01-25 14:48:47.815793
428,создан,2011-12-31 16:43:35.605196
428,отправлен,2012-02-27 16:43:35.605196
428,доставлен,2012-04-02 16:43:35.605196
429,создан,2007-08-24 07:13:18.897769
429,отправлен,2007-09-20 07:13:18.897769
430,создан,1995-08-08 16:13:57.034976
431,создан,2013-09-12 04:44:12.250071
431,отправлен,2013-11-09 04:44:12.250071
431,отменен,2013-12-19 04:44:12.250071
432,создан,2005-08-24 09:33:41.382349
432,отменен,2005-11-16 09:33:41.382349
433,создан,1998-04-11 21:39:34.059791
433,отправлен,1998-04-16 21:39:34.059791
434,создан,2004-08-21 05:00:11.041600
434,отправлен,2004-08-27 05:00:11.041600
435,создан,2006-02-12 02:00:08.000226
435,отправлен,2006-02-15 02:00:08.000226
435,доставлен,2006-04-19 02:00:08.000226
436,создан,1998-09-29 02:22:21.943919
436,отправлен,1998-10-25 02:22:21.943919
436,доставлен,1998-11-20 02:22:21.943919
437,создан,2005-09-16 08:42:13.987098
437,отправлен,2005-10-03 08:42:13.987098
438,создан,2023-06-09 08:15:15.521619
438,отправлен,2023-08-12 08:15:15.521619
439,создан,2009-07-02 16:53:00.016563
439,отменен,2009-09-02 16:53:00.016563
440,создан,2007-07-01 17:01:20.807858
440,отправлен,2007-07-29 17:01:20.807858
440,отменен,2007-10-05 17:01:20.807858
441,создан,2008-05-25 16:20:06.404263
441,отправлен,2008-06-12 16:20:06.404263
441,доставлен,2008-08-15 16:20:06.404263
442,создан,2016-09-04 05:36:12.927627
443,создан,1996-01-24 22:16:29.557170
444,создан,2003-11-30 14:32:57.103093
444,отправлен,2004-02-18 14:32:57.103093
445,создан,2019-08-18 07:02:11.540960
445,отправлен,2019-11-06 07:02:11.540960
446,создан,2022-02-08 09:44:44.119372
446,отправлен,2022-02-27 09:44:44.119372
446,доставлен,2022-03-01 09:44:44.119372
447,создан,2016-05-12 16:03:31.199807
447,отправлен,2016-07-13 16:03:31.199807
448,создан,2003-01-27 12:42:55.524358
448,отправлен,2003-04-20 12:42:55.524358
448,доставлен,2003-04-20 12:42:55.524358
449,создан,2000-02-18 09:22:41.658887
449,отправлен,2000-05-04 09:22:41.658887
450,создан,2007-08-16 17:45:39.627943
450,отправлен,2007-09-15 17:45:39.627943
451,создан,2022-06-20 16:29:37.071376
451,отправлен,2022-09-04 16:29:37.071376
452,создан,2009-01-29 05:25:11.660533
452,отправлен,2009-02-02 05:25:11.660533
452,отменен,2009-02-24 05:25:11.660533
453,создан,2016-06-07 14:15:45.673692
453,отправлен,2016-07-02 14:15:45.673692
453,доставлен,2016-07-02 14:15:45.673692
454,создан,2009-11-04 03:48:49.025677
454,отправлен,2009-11-09 03:48:49.025677
454,отменен,2009-11-11 03:48:49.025677
455,создан,2021-06-09 20:20:42.419598
455,отправлен,2021-06-16 20:20:42.419598
455,доставлен,2021-06-19 20:20:42.419598
456,создан,1997-02-20 07:44:54.336348
456,отправлен,1997-02-21 07:44:54.336348
456,отменен,1997-02-21 07:44:54.336348
457,создан,2008-03-14 14:02:23.006528
457,отправлен,2008-03-20 14:02:23.006528
457,отменен,2008-05-29 14:02:23.006528
458,создан,2013-06-11 02:20:56.903946
458,отправлен,2013-08-31 02:20:56.903946
459,создан,2015-12-26 08:43:02.635842
459,отправлен,2016-03-08 08:43:02.635842
459,отменен,2016-03-23 08:43:02.635842
460,создан,2020-05-04 03:21:22.648081
460,отправлен,2020-07-16 03:21:22.648081
460,отменен,2020-07-25 03:21:22.648081
461,создан,2015-07-24 03:24:16.295104
461,отправлен,2015-08-08 03:24:16.295104
462,создан,1994-10-27 00:21:13.724040
462,отменен,1995-01-28 00:21:13.724040
463,создан,2000-05-10 17:47:57.738872
463,отправлен,2000-05-18 17:47:57.738872
463,доставлен,2000-07-16 17:47:57.738872
464,создан,1995-03-07 03:04:20.784693
465,создан,1995-07-29 17:56:09.588989
465,отправлен,1995-10-03 17:56:09.588989
466,создан,1999-11-13 20:00:35.255830
466,отправлен,2000-01-03 20:00:35.255830
466,отменен,2000-01-30 20:00:35.255830
467,создан,2004-11-17 19:29:38.873020
467,отменен,2004-11-25 19:29:38.873020
468,создан,2004-03-17 07:47:11.820487
468,отправлен,2004-05-09 07:47:11.820487
468,отменен,2004-05-18 07:47:11.820487
469,создан,2006-12-06 10:27:37.504721
469,отправлен,2006-12-28 10:27:37.504721
470,создан,2008-07-05 07:33:26.023328
471,создан,2014-01-10 12:18:27.128003
472,создан,2000-03-07 19:58:33.307077
473,создан,2022-12-25 10:43:59.954825
473,отправлен,2023-01-06 10:43:59.954825
473,доставлен,2023-01-23 10:43:59.954825
474,создан,2009-12-22 02:22:43.138968
474,отправлен,2010-03-15 02:22:43.138968
474,отменен,2010-03-24 02:22:43.138968
475,создан,2006-06-15 07:52:08.809154
475,отменен,2006-07-20 07:52:08.809154
476,создан,1995-12-20 23:37:34.854322
476,отправлен,1996-01-30 23:37:34.854322
477,создан,2019-06-06 05:21:19.286644
477,отправлен,2019-06-30 05:21:19.286644
477,доставлен,2019-08-28 05:21:19.286644
478,создан,2008-09-06 15:06:57.133564
478,отправлен,2008-11-11 15:06:57.133564
478,отменен,2008-12-08 15:06:57.133564
479,создан,2008-03-20 04:14:01.637852
480,создан,2012-12-28 18:18:49.199306
480,отменен,2013-01-26 18:18:49.199306
481,создан,2017-01-15 15:07:28.697830
482,создан,2022-09-10 11:19:10.279332
483,создан,2003-06-11 09:20:27.101124
484,создан,2023-04-19 19:51:21.643293
484,отправлен,2023-05-23 19:51:21.643293
484,доставлен,2023-06-23 19:51:21.643293
485,создан,2003-06-09 20:37:40.747280
485,отправлен,2003-06-16 20:37:40.747280
485,отменен,2003-08-24 20:37:40.747280
486,создан,2002-10-13 04:16:26.581992
487,создан,2005-12-06 01:20:03.470487
487,отменен,2006-01-31 01:20:03.470487
488,создан,2014-10-15 03:31:24.016361
488,отправлен,2014-11-07 03:31:24.016361
488,доставлен,2014-11-17 03:31:24.016361
489,создан,2009-12-21 04:54:13.751760
489,отправлен,2010-01-15 04:54:13.751760
489,доставлен,2010-02-11 04:54:13.751760
490,создан,1997-07-15 05:09:43.169166
491,создан,2011-09-20 08:57:10.388103
491,отменен,2011-10-28 08:57:10.388103
492,создан,2011-03-08 22:08:01.936939
492,отправлен,2011-03-10 22:08:01.936939
492,доставлен,2011-03-10 22:08:01.936939
493,создан,2023-03-02 18:35:52.247528
493,отправлен,2023-03-09 18:35:52.247528
493,доставлен,2023-03-18 18:35:52.247528
494,создан,1998-09-21 13:33:10.483493
495,создан,2005-01-26 08:46:03.992215
495,отправлен,2005-02-11 08:46:03.992215
495,доставлен,2005-03-28 08:46:03.992215
496,создан,2020-10-10 01:21:29.460784
496,отправлен,2020-11-20 01:21:29.460784
497,создан,2020-01-24 12:03:14.894035
497,отправлен,2020-04-05 12:03:14.894035
497,доставлен,2020-04-09 12:03:14.894035
498,создан,2004-01-20 11:39:31.324165
498,отправлен,2004-02-07 11:39:31.324165
498,отменен,2004-02-07 11:39:31.324165
499,создан,2003-01-04 20:24:42.640716
499,отправлен,2003-03-10 20:24:42.640716
500,создан,2000-11-18 15:15:16.880672
500,отправлен,2000-12-13 15:15:16.880672
500,доставлен,2000-12-23 15:15:16.880672
501,создан,2000-12-29 17:33:11.129461
501,отправлен,2001-01-01 17:33:11.129461
501,доставлен,2001-01-02 17:33:11.129461
502,создан,2000-09-13 18:17:05.529680
503,создан,2012-02-18 05:28:08.095826
504,создан,2016-09-11 02:49:45.447946
505,создан,2007-04-30 14:19:35.481955
505,отправлен,2007-08-02 14:19:35.481955
506,создан,2011-11-02 18:07:41.993084
507,создан,2020-07-22 10:24:12.918270
507,отменен,2020-08-17 10:24:12.918270
508,создан,2012-04-05 00:24:13.653666
508,отправлен,2012-04-10 00:24:13.653666
508,отменен,2012-05-15 00:24:13.653666
509,создан,2024-06-16 18:46:47.126069
510,создан,1997-06-12 23:28:25.268420
510,отправлен,1997-08-28 23:28:25.268420
511,создан,2004-02-21 17:23:55.387601
512,создан,2012-12-17 23:44:47.898113
512,отменен,2013-01-08 23:44:47.898113
513,создан,2017-02-25 22:10:29.622302
513,отправлен,2017-03-15 22:10:29.622302
513,доставлен,2017-04-02 22:10:29.622302
514,создан,2010-01-17 00:09:44.326092
514,отправлен,2010-02-21 00:09:44.326092
514,доставлен,2010-02-27 00:09:44.326092
515,создан,1995-03-04 04:05:06.382548
516,создан,1994-10-01 20:48:00.412902
516,отправлен,1994-11-30 20:48:00.412902
517,создан,2001-03-12 16:59:03.646625
517,отправлен,2001-04-14 16:59:03.646625
518,создан,2001-07-20 06:38:13.847110
518,отправлен,2001-09-19 06:38:13.847110
519,создан,2008-04-17 01:05:14.406641
519,отменен,2008-06-01 01:05:14.406641
520,создан,2010-12-03 16:13:44.782884
521,создан,2019-09-13 23:10:22.710714
521,отправлен,2019-10-22 23:10:22.710714
521,доставлен,2019-11-06 23:10:22.710714
522,создан,2015-04-05 06:40:36.431927
522,отправлен,2015-04-11 06:40:36.431927
522,отменен,2015-04-14 06:40:36.431927
523,создан,2008-05-27 20:38:23.593254
523,отправлен,2008-07-23 20:38:23.593254
523,отменен,2008-08-09 20:38:23.593254
524,создан,2019-11-17 07:43:39.613544
525,создан,2004-06-12 04:20:04.695048
525,отправлен,2004-07-09 04:20:04.695048
525,отменен,2004-07-12 04:20:04.695048
526,создан,2021-04-15 10:34:16.955557
526,отправлен,2021-04-25 10:34:16.955557
526,доставлен,2021-05-15 10:34:16.955557
527,создан,2016-03-26 02:03:21.867285
528,создан,2006-03-12 08:49:52.257778
528,отправлен,2006-03-23 08:49:52.257778
529,создан,1996-03-05 17:23:00.309803
529,отправлен,1996-05-06 17:23:00.309803
529,отменен,1996-05-21 17:23:00.309803
530,создан,2017-04-14 20:29:15.066465
530,отправлен,2017-05-30 20:29:15.066465
531,создан,2003-12-17 13:10:14.660916
532,создан,2013-01-07 19:05:58.558509
532,отменен,2013-04-02 19:05:58.558509
533,создан,1995-12-15 06:16:14.859779
533,отправлен,1995-12-20 06:16:14.859779
534,создан,1996-08-07 16:18:50.786131
534,отправлен,1996-10-26 16:18:50.786131
534,доставлен,1996-10-26 16:18:50.786131
535,создан,1996-05-30 14:19:14.097386
536,создан,2002-03-07 12:06:40.214527
536,отправлен,2002-04-22 12:06:40.214527
536,отменен,2002-06-11 12:06:40.214527
537,создан,2013-12-25 18:25:12.804917
537,отменен,2014-03-09 18:25:12.804917
538,создан,2017-12-18 05:07:30.431664
538,отправлен,2018-03-22 05:07:30.431664
539,создан,1997-01-30 08:18:19.050207
539,отправлен,1997-03-30 08:18:19.050207
539,доставлен,1997-04-04 08:18:19.050207
540,создан,2000-11-10 20:35:51.980382
540,отправлен,2000-12-23 20:35:51.980382
540,доставлен,2001-01-29 20:35:51.980382
541,создан,1995-09-06 10:33:58.925369
541,отправлен,1995-10-23 10:33:58.925369
542,создан,2006-11-12 15:40:05.337988
543,создан,2020-11-25 07:33:58.971272
543,отправлен,2020-11-30 07:33:58.971272
544,создан,1999-06-23 16:55:48.372228
545,создан,2023-08-29 19:39:03.040797
545,отменен,2023-10-22 19:39:03.040797
546,создан,1999-06-03 00:16:09.253006
546,отменен,1999-07-07 00:16:09.253006
547,создан,1998-12-20 18:15:56.174044
547,отправлен,1999-02-24 18:15:56.174044
547,доставлен,1999-02-26 18:15:56.174044
548,создан,2020-12-30 11:11:45.008373
548,отправлен,2021-01-12 11:11:45.008373
548,отменен,2021-01-24 11:11:45.008373
549,создан,2007-02-17 12:51:22.032067
549,отправлен,2007-03-15 12:51:22.032067
550,создан,2009-03-12 19:39:59.432293
550,отправлен,2009-04-20 19:39:59.432293
551,создан,2012-06-15 07:26:00.116595
551,отправлен,2012-07-12 07:26:00.116595
551,отменен,2012-09-11 07:26:00.116595
552,создан,1995-07-18 19:07:22.254579
552,отменен,1995-10-03 19:07:22.254579
553,создан,1997-03-24 21:40:24.561390
553,отправлен,1997-03-28 21:40:24.561390
553,отменен,1997-05-13 21:40:24.561390
554,создан,2001-03-28 11:59:13.490237
554,отменен,2001-05-12 11:59:13.490237
555,создан,2009-04-19 19:26:18.065311
555,отменен,2009-06-16 19:26:18.065311
556,создан,2019-08-14 13:50:24.582322
556,отправлен,2019-08-27 13:50:24.582322
557,создан,1997-10-27 15:49:18.910173
557,отправлен,1998-01-03 15:49:18.910173
558,создан,2019-07-18 14:53:51.112688
558,отправлен,2019-08-24 14:53:51.112688
558,доставлен,2019-10-21 14:53:51.112688
559,создан,1997-07-29 03:54:22.100924
559,отправлен,1997-08-01 03:54:22.100924
560,создан,1998-02-02 05:52:22.016515
560,отправлен,1998-02-24 05:52:22.016515
560,отменен,1998-04-02 05:52:22.016515
561,создан,1994-10-15 14:53:03.360613
561,отправлен,1994-10-20 14:53:03.360613
562,создан,2003-05-16 22:32:42.086847
563,создан,1997-02-12 15:56:12.314233
564,создан,2002-12-03 16:09:40.371711
564,отправлен,2003-02-27 16:09:40.371711
565,создан,2023-06-27 00:17:00.144434
565,отправлен,2023-07-29 00:17:00.144434
565,отменен,2023-08-16 00:17:00.144434
566,создан,2019-03-30 16:30:27.429584
566,отменен,2019-06-13 16:30:27.429584
567,создан,1998-09-24 14:11:42.629679
567,отправлен,1998-09-30 14:11:42.629679
567,отменен,1998-11-05 14:11:42.629679
568,создан,2004-05-11 17:01:17.729461
569,создан,1999-08-07 01:38:32.363326
569,отправлен,1999-08-14 01:38:32.363326
569,доставлен,1999-08-14 01:38:32.363326
570,создан,2024-03-06 18:14:08.582045
571,создан,2022-06-04 11:26:51.282680
572,создан,2001-09-08 03:17:37.786004
572,отменен,2001-10-24 03:17:37.786004
573,создан,2011-01-02 00:03:14.479282
573,отправлен,2011-02-02 00:03:14.479282
573,доставлен,2011-02-24 00:03:14.479282
574,создан,1996-01-23 07:07:58.128894
574,отправлен,1996-04-13 07:07:58.128894
575,создан,1995-06-13 14:04:55.335228
575,отправлен,1995-06-25 14:04:55.335228
575,отменен,1995-06-26 14:04:55.335228
576,создан,2000-03-30 04:35:39.211438
577,создан,2005-05-16 00:59:33.824698
577,отправлен,2005-07-17 00:59:33.824698
578,создан,2010-12-11 05:40:12.691421
578,отправлен,2010-12-17 05:40:12.691421
579,создан,2005-07-14 23:49:28.064848
579,отправлен,2005-08-17 23:49:28.064848
579,отменен,2005-08-27 23:49:28.064848
580,создан,2011-07-23 23:12:22.539709
580,отправлен,2011-09-27 23:12:22.539709
580,отменен,2011-10-14 23:12:22.539709
581,создан,2018-08-01 22:42:12.919169
581,отправлен,2018-08-06 22:42:12.919169
581,отменен,2018-09-21 22:42:12.919169
582,создан,2006-01-24 09:43:08.183224
582,отправлен,2006-01-31 09:43:08.183224
582,доставлен,2006-01-31 09:43:08.183224
583,создан,2006-05-07 19:01:06.411407
584,создан,2019-08-20 23:48:59.094508
584,отправлен,2019-10-29 23:48:59.094508
585,создан,2016-06-09 17:18:17.749974
585,отправлен,2016-08-10 17:18:17.749974
586,создан,2011-07-22 11:32:53.291960
587,создан,2022-12-21 07:15:17.632891
588,создан,2016-08-28 20:42:13.529600
588,отменен,2016-09-06 20:42:13.529600
589,создан,2013-04-01 20:12:00.388712
589,отправлен,2013-07-08 20:12:00.388712
590,создан,1998-06-26 16:00:54.142438
591,создан,2021-01-26 13:45:01.930575
591,отправлен,2021-02-28 13:45:01.930575
591,отменен,2021-04-03 13:45:01.930575
592,создан,2024-05-24 16:01:06.360136
592,отправлен,2024-07-03 16:01:06.360136
592,доставлен,2024-08-02 16:01:06.360136
593,создан,2012-08-08 05:09:05.373641
593,отправлен,2012-08-17 05:09:05.373641
594,создан,2017-09-14 00:28:16.995203
595,создан,2018-12-29 20:28:25.785852
596,создан,2011-03-02 11:30:29.737977
596,отправлен,2011-03-05 11:30:29.737977
596,доставлен,2011-03-06 11:30:29.737977
597,создан,2008-02-01 09:31:21.160889
598,создан,1995-01-22 04:43:05.552464
598,отменен,1995-01-26 04:43:05.552464
599,создан,2016-03-07 10:33:38.014952
600,создан,2008-11-20 05:30:40.959998
600,отправлен,2008-11-27 05:30:40.959998
600,отменен,2009-02-07 05:30:40.959998
601,создан,2006-04-26 12:59:39.198069
602,создан,1999-01-20 09:33:57.120445
603,создан,2021-12-17 15:10:08.685678
603,отправлен,2022-03-26 15:10:08.685678
604,создан,1996-07-15 06:53:35.058514
604,отправлен,1996-10-11 06:53:35.058514
604,отменен,1996-10-16 06:53:35.058514
605,создан,2019-02-10 14:58:17.972349
606,создан,2000-08-22 13:00:27.398707
606,отправлен,2000-08-23 13:00:27.398707
606,доставлен,2000-10-04 13:00:27.398707
607,создан,2010-05-14 03:30:45.548328
607,отправлен,2010-06-30 03:30:45.548328
608,создан,1995-03-13 15:38:36.160320
608,отправлен,1995-04-06 15:38:36.160320
609,создан,2015-09-13 03:41:54.317679
609,отправлен,2015-10-18 03:41:54.317679
610,создан,2003-05-01 18:50:44.454448
610,отправлен,2003-05-12 18:50:44.454448
610,доставлен,2003-05-16 18:50:44.454448
611,создан,2004-04-27 05:47:55.146422
611,отправлен,2004-06-11 05:47:55.146422
611,доставлен,2004-06-12 05:47:55.146422
612,создан,1996-03-21 07:15:31.370052
612,отменен,1996-06-29 07:15:31.370052
613,создан,2014-05-24 13:17:20.608668
613,отправлен,2014-06-22 13:17:20.608668
613,отменен,2014-07-29 13:17:20.608668
614,создан,2010-01-27 18:53:16.996781
614,отменен,2010-03-01 18:53:16.996781
615,создан,2015-05-08 16:08:31.067764
615,отправлен,2015-07-17 16:08:31.067764
616,создан,2000-05-07 03:35:27.396524
617,создан,2017-10-25 12:04:14.561404
617,отменен,2017-11-17 12:04:14.561404
618,создан,2009-10-12 06:42:46.521327
618,отправлен,2009-10-22 06:42:46.521327
618,доставлен,2010-01-05 06:42:46.521327
619,создан,2004-12-21 20:31:58.937718
619,отправлен,2005-01-28 20:31:58.937718
620,создан,2001-02-07 03:07:00.123687
620,отправлен,2001-03-06 03:07:00.123687
621,создан,2006-11-21 03:08:42.417007
621,отменен,2006-12-26 03:08:42.417007
622,создан,1999-07-25 23:31:23.913530
622,отправлен,1999-07-28 23:31:23.913530
622,доставлен,1999-09-23 23:31:23.913530
623,создан,2005-10-22 09:20:02.935913
623,отправлен,2005-12-09 09:20:02.935913
624,создан,1998-09-05 04:12:14.427699
624,отменен,1998-11-05 04:12:14.427699
625,создан,2003-12-28 10:54:06.388428
625,отправлен,2004-02-04 10:54:06.388428
625,отменен,2004-04-03 10:54:06.388428
626,создан,2019-08-11 20:49:31.300152
626,отправлен,2019-08-13 20:49:31.300152
626,доставлен,2019-08-27 20:49:31.300152
627,создан,2010-03-27 11:46:47.992140
627,отправлен,2010-03-29 11:46:47.992140
627,доставлен,2010-03-29 11:46:47.992140
628,создан,1999-10-15 06:36:34.165403
628,отправлен,1999-10-19 06:36:34.165403
629,создан,2017-05-20 21:58:14.339468
629,отправлен,2017-05-30 21:58:14.339468
629,отменен,2017-05-31 21:58:14.339468
630,создан,2023-07-19 06:58:08.369090
630,отправлен,2023-08-04 06:58:08.369090
630,доставлен,2023-10-08 06:58:08.369090
631,создан,1996-02-12 14:24:08.073984
632,создан,2009-06-17 23:45:35.042761
633,создан,2013-08-12 02:07:11.253897
634,создан,2009-02-17 02:09:40.918141
634,отправлен,2009-02-20 02:09:40.918141
634,доставлен,2009-02-27 02:09:40.918141
635,создан,2009-06-02 17:20:36.279293
635,отправлен,2009-06-22 17:20:36.279293
635,отменен,2009-07-03 17:20:36.279293
636,создан,2012-05-21 01:43:28.698472
636,отправлен,2012-05-22 01:43:28.698472
636,доставлен,2012-08-24 01:43:28.698472
637,создан,2000-11-15 09:47:26.561525
637,отменен,2000-12-24 09:47:26.561525
638,создан,2022-06-15 15:09:09.812947
638,отправлен,2022-07-16 15:09:09.812947
639,создан,2020-08-31 15:57:16.800856
640,создан,2006-07-22 06:04:37.764813
640,отменен,2006-10-07 06:04:37.764813
641,создан,1997-12-08 22:33:41.376619
641,отменен,1998-01-29 22:33:41.376619
642,создан,2003-02-23 22:10:38.857497
642,отправлен,2003-02-25 22:10:38.857497
643,создан,1998-10-10 02:13:15.729731
643,отправлен,1998-11-26 02:13:15.729731
644,создан,2010-11-28 23:34:35.503304
644,отправлен,2010-12-13 23:34:35.503304
644,доставлен,2010-12-14 23:34:35.503304
645,создан,2022-07-08 09:37:00.611693
646,создан,2003-05-05 01:22:41.611178
646,отменен,2003-08-01 01:22:41.611178
647,создан,2001-09-02 11:56:53.560352
648,создан,2016-08-14 02:54:29.011932
648,отправлен,2016-09-19 02:54:29.011932
648,отменен,2016-11-04 02:54:29.011932
649,создан,2019-07-22 17:44:27.941295
650,создан,2022-05-11 02:01:01.872747
650,отправлен,2022-06-08 02:01:01.872747
651,создан,2015-10-30 10:37:10.092714
651,отменен,2015-12-27 10:37:10.092714
652,создан,2010-01-21 04:45:06.334886
652,отменен,2010-03-08 04:45:06.334886
653,создан,2020-08-20 02:10:25.031580
653,отправлен,2020-11-21 02:10:25.031580
654,создан,2004-01-03 02:57:28.412064
654,отправлен,2004-03-06 02:57:28.412064
655,создан,2005-05-23 17:47:20.387392
655,отправлен,2005-07-07 17:47:20.387392
656,создан,2024-04-26 11:47:28.415186
656,отправлен,2024-06-05 11:47:28.415186
657,создан,1995-02-19 05:33:39.049467
657,отменен,1995-05-08 05:33:39.049467
658,создан,1996-01-11 16:44:46.423142
658,отправлен,1996-01-18 16:44:46.423142
658,доставлен,1996-01-29 16:44:46.423142
659,создан,2012-02-11 07:13:20.519616
659,отправлен,2012-03-06 07:13:20.519616
660,создан,2005-04-09 23:45:14.998888
660,отправлен,2005-06-14 23:45:14.998888
661,создан,1999-09-15 23:06:50.131759
661,отправлен,1999-10-23 23:06:50.131759
661,отменен,1999-10-25 23:06:50.131759
662,создан,2016-03-18 06:37:39.929923
662,отменен,2016-05-09 06:37:39.929923
663,создан,2023-05-25 16:30:26.350903
663,отправлен,2023-08-12 16:30:26.350903
664,создан,2010-12-16 08:54:47.996534
664,отправлен,2011-01-28 08:54:47.996534
665,создан,2014-08-26 02:52:29.452057
665,отправлен,2014-09-16 02:52:29.452057
665,доставлен,2014-11-10 02:52:29.452057
666,создан,2020-03-23 11:09:01.518650
666,отправлен,2020-03-27 11:09:01.518650
666,отменен,2020-04-15 11:09:01.518650
667,создан,2009-12-11 09:05:20.110800
667,отправлен,2009-12-13 09:05:20.110800
667,доставлен,2010-01-02 09:05:20.110800
668,создан,2010-05-02 22:34:43.360509
668,отправлен,2010-05-16 22:34:43.360509
668,доставлен,2010-06-10 22:34:43.360509
669,создан,2016-07-02 07:05:01.806108
669,отправлен,2016-08-31 07:05:01.806108
669,доставлен,2016-09-04 07:05:01.806108
670,создан,1996-01-11 13:28:19.274489
670,отправлен,1996-03-11 13:28:19.274489
670,отменен,1996-04-11 13:28:19.274489
671,создан,2017-11-20 05:42:34.809137
671,отправлен,2018-01-26 05:42:34.809137
672,создан,2013-10-08 15:35:51.893959
672,отправлен,2013-12-18 15:35:51.893959
673,создан,1995-01-31 15:33:31.824611
673,отправлен,1995-03-28 15:33:31.824611
673,доставлен,1995-05-05 15:33:31.824611
674,создан,2016-03-11 15:07:50.887858
674,отправлен,2016-03-22 15:07:50.887858
674,отменен,2016-03-30 15:07:50.887858
675,создан,2017-04-04 01:06:51.065098
675,отправлен,2017-06-02 01:06:51.065098
675,доставлен,2017-07-12 01:06:51.065098
676,создан,2018-02-22 00:39:47.112793
676,отменен,2018-04-20 00:39:47.112793
677,создан,2002-07-04 04:55:45.499017
677,отправлен,2002-07-13 04:55:45.499017
677,доставлен,2002-07-23 04:55:45.499017
678,создан,1998-11-09 05:38:01.713860
679,создан,2015-02-17 20:29:09.473145
680,создан,2008-03-23 13:52:34.812131
680,отправлен,2008-05-16 13:52:34.812131
680,доставлен,2008-05-18 13:52:34.812131
681,создан,2014-01-24 02:47:58.574755
682,создан,2006-12-03 06:44:14.989144
682,отправлен,2006-12-12 06:44:14.989144
683,создан,2004-09-12 06:38:14.603270
683,отправлен,2004-09-20 06:38:14.603270
683,доставлен,2004-12-18 06:38:14.603270
684,создан,2015-01-21 03:08:36.154618
684,отправлен,2015-03-11 03:08:36.154618
685,создан,2011-11-16 09:47:03.940634
686,создан,2018-03-23 21:59:32.532063
686,отправлен,2018-05-10 21:59:32.532063
686,доставлен,2018-06-14 21:59:32.532063
687,создан,2021-03-01 10:33:38.524530
687,отменен,2021-04-11 10:33:38.524530
688,создан,2012-05-13 10:05:20.731879
689,создан,2011-01-28 20:24:30.700266
689,отправлен,2011-03-10 20:24:30.700266
689,доставлен,2011-05-05 20:24:30.700266
690,создан,2023-10-19 09:12:57.524158
690,отправлен,2023-12-21 09:12:57.524158
691,создан,1998-08-14 02:47:10.387989
691,отправлен,1998-09-07 02:47:10.387989
691,отменен,1998-10-31 02:47:10.387989
692,создан,2010-06-10 13:54:18.433295
693,создан,1999-08-31 05:54:11.247400
694,создан,2002-09-07 21:21:58.035405
694,отменен,2002-12-09 21:21:58.035405
695,создан,2017-09-22 05:19:07.198748
696,создан,2015-11-01 09:01:12.978678
697,создан,2012-11-04 03:41:37.359044
698,создан,2024-04-03 08:56:48.334940
698,отправлен,2024-06-07 08:56:48.334940
698,доставлен,2024-06-20 08:56:48.334940
699,создан,2007-11-20 12:22:17.213846
699,отправлен,2007-12-22 12:22:17.213846
699,доставлен,2008-02-17 12:22:17.213846
700,создан,2009-05-18 17:21:50.714200
700,отправлен,2009-05-21 17:21:50.714200
700,отменен,2009-06-09 17:21:50.714200
701,создан,2014-07-31 19:10:34.211159
701,отправлен,2014-09-15 19:10:34.211159
701,доставлен,2014-09-22 19:10:34.211159
702,создан,2017-04-01 03:29:07.201728
702,отправлен,2017-04-30 03:29:07.201728
702,доставлен,2017-05-08 03:29:07.201728
703,создан,2017-05-09 07:28:21.024287
703,отправлен,2017-05-22 07:28:21.024287
703,отменен,2017-06-09 07:28:21.024287
704,создан,1997-06-02 04:22:09.075260
705,создан,2015-09-02 03:17:08.486144
706,создан,1995-10-27 17:36:43.192436
706,отправлен,1995-10-28 17:36:43.192436
706,отменен,1995-10-29 17:36:43.192436
707,создан,2022-10-05 01:42:23.952770
707,отправлен,2022-10-21 01:42:23.952770
707,доставлен,2022-11-02 01:42:23.952770
708,создан,2024-06-08 15:23:06.884777
708,отменен,2024-08-12 15:23:06.884777
709,создан,1996-01-31 18:36:40.194309
709,отправлен,1996-02-16 18:36:40.194309
709,отменен,1996-03-14 18:36:40.194309
710,создан,1999-10-23 09:02:53.865416
710,отправлен,1999-11-22 09:02:53.865416
710,доставлен,1999-12-23 09:02:53.865416
711,создан,1997-12-06 04:49:55.352116
711,отправлен,1997-12-15 04:49:55.352116
711,доставлен,1997-12-25 04:49:55.352116
712,создан,2012-08-15 05:11:11.004784
712,отправлен,2012-08-19 05:11:11.004784
712,отменен,2012-08-19 05:11:11.004784
713,создан,2021-05-08 14:09:35.431628
713,отменен,2021-05-27 14:09:35.431628
714,создан,2021-05-12 08:35:56.330428
714,отправлен,2021-07-09 08:35:56.330428
715,создан,1999-03-01 14:37:54.908953
715,отправлен,1999-04-20 14:37:54.908953
715,отменен,1999-05-09 14:37:54.908953
716,создан,2005-04-27 13:02:39.716679
717,создан,2013-06-25 11:44:34.053398
717,отправлен,2013-07-17 11:44:34.053398
717,доставлен,2013-07-23 11:44:34.053398
718,создан,2011-04-14 20:50:12.670359
718,отправлен,2011-06-20 20:50:12.670359
718,доставлен,2011-07-18 20:50:12.670359
719,создан,2004-03-12 14:09:04.364343
719,отправлен,2004-03-24 14:09:04.364343
720,создан,2021-06-01 05:51:59.519441
720,отменен,2021-08-26 05:51:59.519441
721,создан,2019-08-29 09:19:25.591396
721,отправлен,2019-10-09 09:19:25.591396
721,доставлен,2019-10-10 09:19:25.591396
722,создан,2011-05-06 09:18:11.073128
722,отправлен,2011-06-15 09:18:11.073128
722,доставлен,2011-08-11 09:18:11.073128
723,создан,2009-07-30 23:55:47.878434
724,создан,2004-07-20 16:01:38.118956
724,отправлен,2004-08-25 16:01:38.118956
725,создан,1996-05-06 05:50:15.838217
725,отправлен,1996-06-06 05:50:15.838217
725,доставлен,1996-07-04 05:50:15.838217
726,создан,2005-06-16 16:43:20.118233
726,отправлен,2005-08-01 16:43:20.118233
727,создан,2001-01-15 21:42:33.871086
728,создан,2019-03-10 00:41:52.242850
728,отправлен,2019-05-20 00:41:52.242850
728,отменен,2019-05-31 00:41:52.242850
729,создан,2012-07-16 05:40:45.275003
729,отправлен,2012-10-24 05:40:45.275003
730,создан,2004-03-23 16:05:37.703318
731,создан,2018-08-03 09:09:13.524020
731,отправлен,2018-10-18 09:09:13.524020
732,создан,2017-10-13 01:55:04.717971
732,отправлен,2017-10-28 01:55:04.717971
732,отменен,2017-10-30 01:55:04.717971
733,создан,2020-11-23 22:15:19.785002
733,отправлен,2020-11-28 22:15:19.785002
733,отменен,2020-12-03 22:15:19.785002
734,создан,1998-12-21 07:37:44.470754
734,отправлен,1999-02-06 07:37:44.470754
734,доставлен,1999-02-11 07:37:44.470754
735,создан,1996-11-02 09:01:05.391900
735,отправлен,1996-12-28 09:01:05.391900
735,доставлен,1997-01-05 09:01:05.391900
736,создан,2012-02-01 21:42:09.017202
737,создан,2019-08-06 12:32:51.096496
737,отправлен,2019-08-12 12:32:51.096496
737,отменен,2019-09-17 12:32:51.096496
738,создан,1997-06-29 20:14:25.366632
738,отправлен,1997-09-23 20:14:25.366632
739,создан,2003-04-24 21:02:00.944760
739,отправлен,2003-07-09 21:02:00.944760
740,создан,2015-07-08 18:21:16.192344
740,отменен,2015-07-27 18:21:16.192344
741,создан,2019-01-10 15:18:38.014067
742,создан,2000-04-12 04:58:03.939732
742,отправлен,2000-07-21 04:58:03.939732
743,создан,2018-09-11 15:52:21.432869
743,отправлен,2018-09-13 15:52:21.432869
743,отменен,2018-12-01 15:52:21.432869
744,создан,2004-11-29 13:39:47.813230
744,отправлен,2004-12-18 13:39:47.813230
744,доставлен,2004-12-22 13:39:47.813230
745,создан,2022-10-26 04:41:33.404958
745,отправлен,2022-11-11 04:41:33.404958
745,доставлен,2022-12-12 04:41:33.404958
746,создан,1999-01-08 00:26:17.568799
746,отправлен,1999-03-13 00:26:17.568799
747,создан,1996-06-14 05:29:10.931331
747,отменен,1996-09-13 05:29:10.931331
748,создан,1999-04-29 03:46:50.300665
748,отправлен,1999-06-07 03:46:50.300665
748,отменен,1999-08-01 03:46:50.300665
749,создан,2001-11-26 21:31:47.732139
749,отправлен,2002-02-28 21:31:47.732139
750,создан,2008-04-26 10:42:44.826317
750,отправлен,2008-06-25 10:42:44.826317
751,создан,2000-07-28 22:02:41.179540
751,отправлен,2000-07-31 22:02:41.179540
751,доставлен,2000-08-09 22:02:41.179540
752,создан,2001-08-16 20:42:43.706208
752,отправлен,2001-10-01 20:42:43.706208
753,создан,2005-12-07 03:14:53.657942
753,отправлен,2006-01-19 03:14:53.657942
754,создан,2017-04-15 09:57:54.560204
755,создан,2003-12-03 13:22:02.784972
755,отменен,2004-02-29 13:22:02.784972
756,создан,2014-07-16 21:31:47.599829
756,отправлен,2014-09-13 21:31:47.599829
756,доставлен,2014-10-23 21:31:47.599829
757,создан,2018-01-13 11:27:56.156080
757,отправлен,2018-03-25 11:27:56.156080
757,доставлен,2018-04-08 11:27:56.156080
758,создан,2004-05-22 00:17:41.923421
758,отправлен,2004-08-09 00:17:41.923421
759,создан,2003-11-02 18:10:48.909722
759,отправлен,2003-12-17 18:10:48.909722
759,отменен,2004-02-01 18:10:48.909722
760,создан,1995-02-11 08:55:25.618991
760,отменен,1995-03-13 08:55:25.618991
761,создан,2020-08-16 15:37:13.044407
761,отправлен,2020-08-29 15:37:13.044407
761,доставлен,2020-09-04 15:37:13.044407
762,создан,2018-10-28 06:14:47.314915
762,отправлен,2018-11-06 06:14:47.314915
762,отменен,2018-11-14 06:14:47.314915
763,создан,2022-01-27 03:39:30.211803
763,отправлен,2022-02-25 03:39:30.211803
763,доставлен,2022-02-27 03:39:30.211803
764,создан,2008-04-20 07:27:03.249582
765,создан,2017-08-20 15:50:33.564111
765,отправлен,2017-09-06 15:50:33.564111
765,отменен,2017-11-06 15:50:33.564111
766,создан,2010-05-18 20:47:24.580836
766,отменен,2010-07-26 20:47:24.580836
767,создан,2016-04-23 19:37:13.853195
767,отправлен,2016-06-29 19:37:13.853195
768,создан,1996-06-13 11:18:48.706060
769,создан,2009-11-30 12:21:35.884299
769,отправлен,2010-01-18 12:21:35.884299
769,доставлен,2010-02-10 12:21:35.884299
770,создан,2022-05-21 14:09:48.434178
770,отправлен,2022-05-31 14:09:48.434178
771,создан,1995-10-23 10:05:51.082153
771,отменен,1996-01-28 10:05:51.082153
772,создан,1998-07-31 02:31:54.148620
772,отправлен,1998-08-03 02:31:54.148620
773,создан,2008-02-19 16:00:37.166811
773,отправлен,2008-05-05 16:00:37.166811
774,создан,2001-07-22 05:07:16.432617
774,отменен,2001-08-24 05:07:16.432617
775,создан,1997-11-02 10:19:29.862320
775,отправлен,1998-01-03 10:19:29.862320
776,создан,2005-06-18 02:06:21.081195
776,отправлен,2005-06-30 02:06:21.081195
776,доставлен,2005-08-17 02:06:21.081195
777,создан,2004-05-23 21:55:33.267941
777,отправлен,2004-06-21 21:55:33.267941
777,отменен,2004-07-26 21:55:33.267941
778,создан,2013-09-01 08:29:05.083254
778,отправлен,2013-09-05 08:29:05.083254
778,доставлен,2013-09-29 08:29:05.083254
779,создан,2022-08-16 11:24:59.390745
779,отправлен,2022-10-12 11:24:59.390745
780,создан,1997-04-13 04:20:49.186443
781,создан,2006-01-16 23:25:38.620827
782,создан,2013-11-04 16:04:42.775409
782,отправлен,2013-11-05 16:04:42.775409
782,отменен,2013-11-14 16:04:42.775409
783,создан,2023-11-16 16:50:51.062789
783,отменен,2024-01-23 16:50:51.062789
784,создан,2004-10-08 15:13:08.119254
784,отправлен,2004-11-24 15:13:08.119254
784,доставлен,2004-12-29 15:13:08.119254
785,создан,2002-11-12 00:02:56.994523
785,отправлен,2003-01-30 00:02:56.994523
785,доставлен,2003-02-18 00:02:56.994523
786,создан,2004-01-29 02:47:57.463946
786,отправлен,2004-04-13 02:47:57.463946
786,доставлен,2004-04-25 02:47:57.463946
787,создан,2007-06-23 16:59:11.881376
788,создан,2015-08-23 04:51:03.211584
788,отправлен,2015-11-01 04:51:03.211584
788,доставлен,2015-11-06 04:51:03.211584
789,создан,2008-06-12 16:55:37.257274
789,отправлен,2008-09-07 16:55:37.257274
790,создан,1995-08-25 16:03:42.266899
790,отправлен,1995-11-10 16:03:42.266899
791,создан,2019-11-16 14:56:11.192388
791,отменен,2019-12-05 14:56:11.192388
792,создан,1994-11-03 13:00:50.975652
793,создан,2020-03-22 13:07:51.381769
793,отправлен,2020-03-31 13:07:51.381769
793,отменен,2020-05-14 13:07:51.381769
794,создан,2005-06-16 07:06:12.552758
794,отправлен,2005-07-09 07:06:12.552758
795,создан,1994-10-28 22:19:04.019473
795,отправлен,1995-01-08 22:19:04.019473
796,создан,1997-11-24 12:04:38.493540
796,отправлен,1998-01-11 12:04:38.493540
796,доставлен,1998-01-20 12:04:38.493540
797,создан,1996-10-06 18:20:47.503103
797,отправлен,1996-12-07 18:20:47.503103
797,доставлен,1997-01-11 18:20:47.503103
798,создан,2017-08-21 08:24:07.755534
799,создан,2002-11-13 15:40:47.709194
799,отправлен,2003-01-19 15:40:47.709194
800,создан,2009-10-26 06:37:14.447937
800,отменен,2010-02-03 06:37:14.447937
801,создан,2006-07-11 13:11:56.349362
801,отправлен,2006-09-15 13:11:56.349362
801,отменен,2006-10-15 13:11:56.349362
802,создан,2002-03-02 05:15:25.691862
803,создан,2007-02-02 14:00:54.314144
804,создан,2003-03-29 16:43:53.317760
804,отменен,2003-05-23 16:43:53.317760
805,создан,2000-04-29 23:11:14.933016
805,отправлен,2000-05-22 23:11:14.933016
806,создан,2015-02-15 20:01:21.953496
806,отправлен,2015-03-13 20:01:21.953496
807,создан,2013-04-10 15:31:07.963394
807,отправлен,2013-05-13 15:31:07.963394
808,создан,2013-10-30 12:30:31.718921
808,отправлен,2013-10-31 12:30:31.718921
808,отменен,2013-12-09 12:30:31.718921
809,создан,2020-09-01 12:06:16.789032
809,отменен,2020-12-07 12:06:16.789032
810,создан,2002-08-03 00:31:37.550047
811,создан,2009-12-20 14:45:22.548984
811,отменен,2010-01-29 14:45:22.548984
812,создан,2012-11-10 01:17:28.592538
812,отправлен,2012-12-25 01:17:28.592538
812,доставлен,2013-01-22 01:17:28.592538
813,создан,2024-04-30 04:43:01.867908
814,создан,2003-02-12 11:32:29.067498
815,создан,2006-02-08 11:32:24.221000
815,отменен,2006-04-23 11:32:24.221000
816,создан,2008-03-08 08:25:42.478462
816,отправлен,2008-04-20 08:25:42.478462
816,доставлен,2008-04-21 08:25:42.478462
817,создан,1996-12-22 09:56:10.347908
818,создан,2019-09-10 23:29:56.145933
818,отправлен,2019-12-01 23:29:56.145933
819,создан,2010-01-14 14:45:43.274918
819,отправлен,2010-01-19 14:45:43.274918
819,отменен,2010-02-11 14:45:43.274918
820,создан,2014-12-29 05:47:19.856055
820,отправлен,2015-01-02 05:47:19.856055
820,отменен,2015-01-14 05:47:19.856055
821,создан,2012-04-06 17:54:48.643785
822,создан,2022-06-05 23:36:52.343408
822,отправлен,2022-08-08 23:36:52.343408
823,создан,2015-01-10 01:55:45.148352
823,отправлен,2015-03-12 01:55:45.148352
824,создан,2018-05-02 16:57:00.145060
824,отправлен,2018-05-20 16:57:00.145060
824,доставлен,2018-05-20 16:57:00.145060
825,создан,2000-06-08 20:11:44.790306
826,создан,1998-05-27 19:03:22.523168
826,отправлен,1998-06-13 19:03:22.523168
826,отменен,1998-08-21 19:03:22.523168
827,создан,2012-07-11 16:13:14.951498
828,создан,2005-11-19 09:27:44.694636
828,отправлен,2005-11-20 09:27:44.694636
828,отменен,2006-01-03 09:27:44.694636
829,создан,1997-11-21 23:49:09.890581
829,отправлен,1998-01-15 23:49:09.890581
829,отменен,1998-02-25 23:49:09.890581
830,создан,2012-12-15 14:37:56.405060
830,отправлен,2013-03-07 14:37:56.405060
831,создан,2002-07-01 09:56:16.534455
831,отправлен,2002-07-30 09:56:16.534455
832,создан,2004-04-05 06:04:39.910120
832,отправлен,2004-04-06 06:04:39.910120
832,отменен,2004-04-07 06:04:39.910120
833,создан,2017-05-18 14:50:01.929574
833,отправлен,2017-05-27 14:50:01.929574
833,доставлен,2017-08-16 14:50:01.929574
834,создан,1995-03-09 01:37:34.484332
834,отправлен,1995-03-13 01:37:34.484332
834,доставлен,1995-03-29 01:37:34.484332
835,создан,2020-05-02 17:41:04.517378
836,создан,2003-05-09 01:05:07.673229
836,отправлен,2003-08-06 01:05:07.673229
837,создан,2020-08-05 01:28:06.601269
837,отправлен,2020-08-06 01:28:06.601269
837,отменен,2020-08-10 01:28:06.601269
838,создан,2003-02-18 05:47:40.807927
838,отменен,2003-04-24 05:47:40.807927
839,создан,2023-08-14 02:02:44.806799
840,создан,2020-02-08 14:26:08.891225
841,создан,2021-01-25 10:10:56.183047
841,отправлен,2021-03-08 10:10:56.183047
841,доставлен,2021-03-24 10:10:56.183047
842,создан,2023-10-19 16:18:54.642484
843,создан,2003-10-10 01:24:45.535052
843,отправлен,2003-10-14 01:24:45.535052
843,доставлен,2003-11-25 01:24:45.535052
844,создан,2015-09-27 11:31:50.549644
844,отправлен,2015-10-25 11:31:50.549644
844,доставлен,2015-11-24 11:31:50.549644
845,создан,2019-03-08 06:04:36.632582
845,отправлен,2019-06-08 06:04:36.632582
846,создан,2011-07-29 13:46:35.462089
846,отправлен,2011-10-24 13:46:35.462089
847,создан,2017-04-07 19:45:48.098964
847,отправлен,2017-06-10 19:45:48.098964
847,доставлен,2017-07-04 19:45:48.098964
848,создан,2007-06-21 12:21:12.492924
848,отправлен,2007-08-02 12:21:12.492924
848,доставлен,2007-08-09 12:21:12.492924
849,создан,2010-02-27 22:43:19.448076
849,отправлен,2010-03-31 22:43:19.448076
849,доставлен,2010-05-23 22:43:19.448076
850,создан,2015-01-30 01:07:05.273664
850,отменен,2015-04-28 01:07:05.273664
851,создан,2005-07-05 12:02:48.551925
851,отправлен,2005-09-08 12:02:48.551925
852,создан,2001-03-17 20:54:11.525291
852,отправлен,2001-03-29 20:54:11.525291
853,создан,2008-12-28 01:55:01.291991
854,создан,2004-11-06 15:17:53.370986
854,отправлен,2005-01-21 15:17:53.370986
855,создан,2006-12-26 15:16:27.517524
856,создан,2014-12-02 04:15:56.083112
856,отправлен,2014-12-31 04:15:56.083112
857,создан,2001-04-27 15:22:22.806241
857,отправлен,2001-04-29 15:22:22.806241
857,доставлен,2001-05-08 15:22:22.806241
858,создан,2018-12-24 07:36:28.616973
858,отправлен,2018-12-25 07:36:28.616973
858,отменен,2018-12-27 07:36:28.616973
859,создан,2021-05-29 04:55:00.187587
860,создан,1997-05-17 22:08:44.366160
860,отменен,1997-08-04 22:08:44.366160
861,создан,1995-05-28 16:36:37.875432
861,отправлен,1995-05-29 16:36:37.875432
861,доставлен,1995-07-11 16:36:37.875432
862,создан,1995-04-01 08:36:39.407867
862,отправлен,1995-06-09 08:36:39.407867
862,доставлен,1995-07-07 08:36:39.407867
863,создан,2013-11-12 17:16:07.759518
864,создан,2016-03-23 20:49:03.564415
864,отправлен,2016-03-24 20:49:03.564415
864,доставлен,2016-03-24 20:49:03.564415
865,создан,2023-01-26 09:42:40.392254
866,создан,1995-12-11 01:52:53.708158
866,отправлен,1995-12-12 01:52:53.708158
866,отменен,1996-01-16 01:52:53.708158
867,создан,2009-07-27 21:36:15.881346
868,создан,2019-01-08 11:49:29.146037
869,создан,1997-07-31 07:33:57.108558
869,отправлен,1997-08-03 07:33:57.108558
869,отменен,1997-10-24 07:33:57.108558
870,создан,2002-08-01 13:47:34.787137
870,отправлен,2002-10-16 13:47:34.787137
871,создан,2005-12-06 05:05:19.586064
871,отменен,2006-03-12 05:05:19.586064
872,создан,2014-01-01 16:48:44.073230
872,отправлен,2014-01-27 16:48:44.073230
872,доставлен,2014-02-01 16:48:44.073230
873,создан,2012-05-03 22:05:02.525311
873,отправлен,2012-06-29 22:05:02.525311
873,доставлен,2012-07-18 22:05:02.525311
874,создан,2021-10-14 14:57:55.097584
874,отправлен,2021-11-01 14:57:55.097584
874,доставлен,2021-11-28 14:57:55.097584
875,создан,2013-06-09 14:30:28.870181
875,отменен,2013-09-01 14:30:28.870181
876,создан,1998-11-12 00:27:10.555776
876,отправлен,1998-12-21 00:27:10.555776
876,доставлен,1998-12-21 00:27:10.555776
877,создан,2008-01-28 08:14:29.735603
877,отправлен,2008-02-14 08:14:29.735603
877,доставлен,2008-04-23 08:14:29.735603
878,создан,2023-01-09 19:58:50.426550
879,создан,2019-04-27 07:58:22.992093
879,отменен,2019-05-28 07:58:22.992093
880,создан,2020-10-20 06:45:23.238163
880,отправлен,2020-12-02 06:45:23.238163
881,создан,2006-05-24 16:07:09.628468
881,отправлен,2006-08-31 16:07:09.628468
882,создан,2017-01-28 22:03:23.602734
883,создан,2008-02-03 15:38:16.022308
883,отправлен,2008-03-06 15:38:16.022308
884,создан,2006-07-24 20:18:29.772171
885,создан,2016-01-19 16:34:58.588781
885,отправлен,2016-04-06 16:34:58.588781
886,создан,2024-06-01 15:33:17.521394
886,отправлен,2024-06-03 15:33:17.521394
886,доставлен,2024-07-13 15:33:17.521394
887,создан,2024-02-27 06:54:16.193509
887,отправлен,2024-04-13 06:54:16.193509
887,доставлен,2024-04-28 06:54:16.193509
888,создан,2016-12-27 03:11:49.898628
888,отправлен,2017-02-11 03:11:49.898628
888,отменен,2017-02-20 03:11:49.898628
889,создан,2016-05-19 21:59:27.914528
889,отменен,2016-07-24 21:59:27.914528
890,создан,2019-11-13 04:13:12.045951
890,отменен,2019-11-16 04:13:12.045951
891,создан,2002-08-30 16:31:26.832099
891,отменен,2002-12-01 16:31:26.832099
892,создан,2013-04-28 11:11:02.242939
892,отправлен,2013-05-10 11:11:02.242939
892,отменен,2013-06-14 11:11:02.242939
893,создан,2005-08-03 01:21:22.929966
893,отправлен,2005-09-12 01:21:22.929966
894,создан,2000-10-22 15:17:00.998734
894,отправлен,2000-11-08 15:17:00.998734
894,доставлен,2000-11-08 15:17:00.998734
895,создан,2008-12-17 19:47:09.297272
895,отменен,2009-03-27 19:47:09.297272
896,создан,2019-03-26 09:48:08.722484
897,создан,2003-11-24 08:42:18.876779
897,отправлен,2004-01-28 08:42:18.876779
898,создан,2001-08-17 15:45:23.538508
898,отправлен,2001-10-22 15:45:23.538508
898,доставлен,2001-11-10 15:45:23.538508
899,создан,1995-03-18 18:08:32.427949
899,отправлен,1995-06-01 18:08:32.427949
900,создан,2001-12-15 07:18:14.869644
900,отправлен,2002-01-16 07:18:14.869644
900,доставлен,2002-01-31 07:18:14.869644
901,создан,1999-05-24 17:03:16.751144
902,создан,2003-04-21 13:16:37.241855
903,создан,2014-11-14 07:05:43.127936
903,отменен,2014-12-17 07:05:43.127936
904,создан,2018-06-26 13:03:21.886925
904,отправлен,2018-06-27 13:03:21.886925
904,отменен,2018-06-30 13:03:21.886925
905,создан,1998-05-26 11:48:49.423800
905,отправлен,1998-07-13 11:48:49.423800
906,создан,2003-04-05 17:31:52.151443
906,отменен,2003-06-16 17:31:52.151443
907,создан,2015-09-23 16:58:47.087929
908,создан,2017-09-01 08:00:27.025064
909,создан,1998-01-01 08:18:21.099811
910,создан,2017-02-09 04:12:22.865401
910,отправлен,2017-03-19 04:12:22.865401
910,отменен,2017-04-21 04:12:22.865401
911,создан,2016-08-04 03:17:35.277662
911,отправлен,2016-08-20 03:17:35.277662
911,доставлен,2016-09-07 03:17:35.277662
912,создан,2018-04-25 01:31:10.523135
912,отправлен,2018-05-22 01:31:10.523135
912,доставлен,2018-06-20 01:31:10.523135
913,создан,1995-07-26 19:48:52.811242
913,отменен,1995-10-14 19:48:52.811242
914,создан,2022-03-10 10:16:52.476817
914,отправлен,2022-03-26 10:16:52.476817
914,доставлен,2022-04-03 10:16:52.476817
915,создан,1998-06-22 14:40:01.564047
915,отправлен,1998-06-30 14:40:01.564047
915,доставлен,1998-07-01 14:40:01.564047
916,создан,2003-08-10 07:39:55.135584
917,создан,2014-09-14 11:43:25.482004
917,отправлен,2014-09-16 11:43:25.482004
917,отменен,2014-09-23 11:43:25.482004
918,создан,2023-08-06 00:33:13.265888
918,отправлен,2023-09-29 00:33:13.265888
918,доставлен,2023-10-31 00:33:13.265888
919,создан,2021-10-15 04:54:31.893403
919,отправлен,2021-11-04 04:54:31.893403
920,создан,2019-05-06 00:07:28.488721
921,создан,2017-03-27 05:21:08.681320
921,отправлен,2017-03-31 05:21:08.681320
921,доставлен,2017-05-16 05:21:08.681320
922,создан,2017-07-05 15:37:26.257784
923,создан,2011-02-27 13:42:45.410571
923,отменен,2011-06-05 13:42:45.410571
924,создан,2009-12-05 18:32:09.769719
925,создан,2021-05-13 08:44:32.335510
925,отправлен,2021-05-20 08:44:32.335510
925,доставлен,2021-08-14 08:44:32.335510
926,создан,2017-01-06 19:53:26.462351
927,создан,2020-01-30 02:55:59.337276
927,отправлен,2020-03-21 02:55:59.337276
927,отменен,2020-04-18 02:55:59.337276
928,создан,2011-11-09 05:46:34.842662
928,отменен,2012-01-19 05:46:34.842662
929,создан,2007-06-06 06:13:47.726560
929,отправлен,2007-08-28 06:13:47.726560
930,создан,2008-01-28 23:32:48.358755
930,отправлен,2008-01-29 23:32:48.358755
930,доставлен,2008-02-28 23:32:48.358755
931,создан,2007-02-28 10:49:04.954905
932,создан,2011-05-17 03:25:48.363854
933,создан,2018-08-29 18:04:46.777941
934,создан,2016-07-11 16:22:21.830290
934,отправлен,2016-07-21 16:22:21.830290
934,доставлен,2016-09-13 16:22:21.830290
935,создан,1995-11-22 15:19:08.028429
935,отправлен,1995-12-06 15:19:08.028429
935,отменен,1995-12-22 15:19:08.028429
936,создан,2006-11-03 16:35:21.776919
936,отправлен,2006-11-06 16:35:21.776919
936,доставлен,2006-11-10 16:35:21.776919
937,создан,2021-03-23 01:12:09.885659
938,создан,2017-09-08 12:15:39.712584
938,отправлен,2017-09-18 12:15:39.712584
939,создан,2006-03-31 10:09:59.552560
939,отправлен,2006-05-14 10:09:59.552560
939,доставлен,2006-05-23 10:09:59.552560
940,создан,2020-09-22 23:42:18.699695
940,отменен,2020-11-09 23:42:18.699695
941,создан,2004-03-03 00:06:37.265557
941,отправлен,2004-03-26 00:06:37.265557
941,доставлен,2004-04-05 00:06:37.265557
942,создан,2018-02-08 22:42:54.340944
943,создан,1998-01-13 09:23:10.795916
943,отправлен,1998-03-24 09:23:10.795916
944,создан,2018-05-17 13:20:59.606946
944,отменен,2018-08-23 13:20:59.606946
945,создан,2019-09-07 17:11:50.493807
945,отправлен,2019-11-04 17:11:50.493807
946,создан,2018-02-01 00:19:50.557261
947,создан,2016-06-12 22:40:30.186106
947,отменен,2016-08-26 22:40:30.186106
948,создан,1995-05-04 14:29:50.278662
948,отправлен,1995-05-17 14:29:50.278662
948,доставлен,1995-07-03 14:29:50.278662
949,создан,2015-04-18 02:37:35.289512
949,отправлен,2015-04-26 02:37:35.289512
949,доставлен,2015-04-28 02:37:35.289512
950,создан,2017-09-06 11:44:34.027980
950,отправлен,2017-10-18 11:44:34.027980
950,доставлен,2017-12-01 11:44:34.027980
951,создан,2010-12-27 01:22:37.408578
952,создан,1999-04-23 12:21:54.729098
952,отправлен,1999-04-29 12:21:54.729098
952,доставлен,1999-05-06 12:21:54.729098
953,создан,2008-12-22 22:53:24.626110
953,отправлен,2009-01-14 22:53:24.626110
953,доставлен,2009-02-10 22:53:24.626110
954,создан,2001-07-23 11:53:54.072624
954,отправлен,2001-07-25 11:53:54.072624
954,отменен,2001-08-18 11:53:54.072624
955,создан,2002-12-14 09:23:37.337442
955,отправлен,2003-03-17 09:23:37.337442
956,создан,2021-11-15 07:28:00.147518
956,отправлен,2021-11-30 07:28:00.147518
957,создан,2006-08-24 10:09:56.108783
957,отменен,2006-09-14 10:09:56.108783
958,создан,2003-02-12 19:30:42.330205
958,отправлен,2003-05-17 19:30:42.330205
959,создан,2011-01-20 20:07:47.073700
959,отправлен,2011-01-21 20:07:47.073700
959,доставлен,2011-01-24 20:07:47.073700
960,создан,2017-07-26 08:39:19.924851
960,отправлен,2017-08-06 08:39:19.924851
960,доставлен,2017-09-11 08:39:19.924851
961,создан,2009-11-06 07:34:41.188367
961,отправлен,2009-11-17 07:34:41.188367
961,доставлен,2009-12-03 07:34:41.188367
962,создан,2023-03-12 14:39:51.510659
963,создан,2015-09-03 03:58:55.101445
964,создан,2002-09-02 16:17:03.255870
964,отправлен,2002-09-09 16:17:03.255870
964,доставлен,2002-09-20 16:17:03.255870
965,создан,2000-07-28 07:49:53.879366
965,отправлен,2000-08-27 07:49:53.879366
965,доставлен,2000-10-23 07:49:53.879366
966,создан,2008-01-12 09:16:57.585769
966,отправлен,2008-01-23 09:16:57.585769
966,доставлен,2008-03-02 09:16:57.585769
967,создан,2000-07-08 10:03:56.696382
967,отправлен,2000-07-23 10:03:56.696382
968,создан,2000-08-24 06:20:03.864918
968,отправлен,2000-09-02 06:20:03.864918
968,доставлен,2000-10-25 06:20:03.864918
969,создан,1994-11-23 21:36:32.188767
969,отправлен,1994-12-31 21:36:32.188767
970,создан,2012-02-16 09:18:33.006586
971,создан,1998-11-07 00:36:37.011701
971,отправлен,1998-11-09 00:36:37.011701
972,создан,2020-10-22 22:41:54.284492
972,отправлен,2020-11-21 22:41:54.284492
972,доставлен,2021-01-22 22:41:54.284492
973,создан,2024-03-09 12:55:05.946314
973,отправлен,2024-05-30 12:55:05.946314
973,доставлен,2024-06-11 12:55:05.946314
974,создан,2005-10-04 20:53:45.264863
974,отправлен,2006-01-05 20:53:45.264863
975,создан,2009-03-28 13:48:38.963235
975,отправлен,2009-04-29 13:48:38.963235
975,доставлен,2009-05-14 13:48:38.963235
976,создан,2001-06-13 23:03:48.372177
976,отправлен,2001-09-10 23:03:48.372177
976,отменен,2001-09-10 23:03:48.372177
977,создан,2003-04-04 12:59:19.674586
977,отправлен,2003-06-11 12:59:19.674586
978,создан,1998-02-09 14:55:20.188863
978,отправлен,1998-03-29 14:55:20.188863
979,создан,1997-08-19 10:49:37.040262
979,отправлен,1997-09-18 10:49:37.040262
979,отменен,1997-10-25 10:49:37.040262
980,создан,2020-03-28 11:34:02.667578
980,отправлен,2020-05-01 11:34:02.667578
980,доставлен,2020-05-03 11:34:02.667578
981,создан,2012-04-25 23:56:44.210102
981,отправлен,2012-05-30 23:56:44.210102
982,создан,2020-08-08 03:49:09.369565
982,отправлен,2020-08-11 03:49:09.369565
982,доставлен,2020-08-30 03:49:09.369565
983,создан,2009-12-31 22:04:52.278951
983,отменен,2010-01-12 22:04:52.278951
984,создан,2008-10-02 11:25:01.998580
984,отправлен,2008-12-05 11:25:01.998580
985,создан,2005-04-26 04:29:26.839704
985,отменен,2005-06-06 04:29:26.839704
986,создан,1998-08-08 01:42:29.430447
986,отправлен,1998-08-31 01:42:29.430447
986,доставлен,1998-10-21 01:42:29.430447
987,создан,1995-10-16 13:21:58.722660
987,отправлен,1995-10-27 13:21:58.722660
987,отменен,1995-11-27 13:21:58.722660
988,создан,2005-06-10 08:26:51.942164
989,создан,2007-09-04 18:49:49.254833
989,отправлен,2007-10-27 18:49:49.254833
990,создан,2006-02-01 07:15:52.514920
990,отменен,2006-04-18 07:15:52.514920
991,создан,2005-08-11 05:42:07.321095
992,создан,2013-01-05 01:09:07.885018
992,отправлен,2013-01-11 01:09:07.885018
992,доставлен,2013-03-08 01:09:07.885018
993,создан,2016-07-01 05:15:22.316406
993,отправлен,2016-08-10 05:15:22.316406
994,создан,2018-05-13 04:22:32.152675
994,отправлен,2018-07-05 04:22:32.152675
994,доставлен,2018-07-12 04:22:32.152675
995,создан,2007-12-23 09:47:07.533015
996,создан,1996-08-08 22:26:53.128570
996,отменен,1996-09-29 22:26:53.128570
997,создан,2016-02-12 20:23:45.417902
997,отправлен,2016-02-20 20:23:45.417902
997,доставлен,2016-04-12 20:23:45.417902
998,создан,2019-02-19 09:30:37.225918
998,отправлен,2019-03-29 09:30:37.225918
998,доставлен,2019-04-15 09:30:37.225918
999,создан,2002-06-03 04:26:16.037066
999,отправлен,2002-06-21 04:26:16.037066
999,отменен,2002-06-29 04:26:16.037066
1000,создан,2014-10-31 08:36:30.066878
1000,отправлен,2014-11-30 08:36:30.066878
1001,создан,1995-01-14 02:42:17.365037
1001,отправлен,1995-01-16 02:42:17.365037
1001,доставлен,1995-02-10 02:42:17.365037
