order_id,status,updated_at
1,создан,2006-12-24 17:57:34.608830
2,создан,2019-11-24 02:12:00.968157
2,отправлен,2019-12-25 02:12:00.968157
3,создан,2013-12-19 23:08:04.380424
4,создан,1998-07-01 01:09:17.084451
4,отменен,1998-07-05 01:09:17.084451
5,создан,2009-04-10 08:49:21.328196
5,отправлен,2009-04-27 08:49:21.328196
5,отменен,2009-07-02 08:49:21.328196
6,создан,2022-02-09 20:22:25.566518
6,отправлен,2022-03-18 20:22:25.566518
6,отменен,2022-03-28 20:22:25.566518
7,создан,2011-11-04 18:43:13.537624
7,отправлен,2012-01-29 18:43:13.537624
8,создан,2019-10-12 07:52:35.248567
9,создан,2002-11-12 02:04:44.405045
10,создан,2000-11-13 18:45:43.592165
10,отправлен,2001-01-01 18:45:43.592165
10,отменен,2001-01-02 18:45:43.592165
11,создан,1998-05-25 16:13:42.178824
12,создан,2022-01-14 10:53:23.547554
12,отправлен,2022-03-20 10:53:23.547554
12,отменен,2022-03-24 10:53:23.547554
13,создан,2010-02-03 23:18:11.611137
13,отправлен,2010-02-05 23:18:11.611137
13,отменен,2010-02-06 23:18:11.611137
14,создан,2015-12-23 22:12:35.364850
15,создан,2005-08-02 22:36:12.359465
16,создан,2014-04-11 09:43:39.722959
16,отправлен,2014-05-11 09:43:39.722959
16,доставлен,2014-06-11 09:43:39.722959
17,создан,2020-08-29 17:05:53.963927
17,отправлен,2020-09-14 17:05:53.963927
17,отменен,2020-12-02 17:05:53.963927
18,создан,1999-08-29 07:02:54.605952
18,отменен,1999-08-30 07:02:54.605952
19,создан,2009-11-14 00:25:44.829649
19,отменен,2009-11-20 00:25:44.829649
20,создан,2016-04-11 00:09:58.135444
21,создан,2020-05-05 16:38:38.500894
21,отправлен,2020-07-18 16:38:38.500894
22,создан,1997-08-04 05:14:39.180103
22,отправлен,1997-09-28 05:14:39.180103
22,доставлен,1997-10-02 05:14:39.180103
23,создан,1995-03-04 19:23:59.017022
23,отправлен,1995-03-21 19:23:59.017022
24,создан,2016-04-19 02:21:21.661697
25,создан,1999-08-09 14:33:47.666687
25,отправлен,1999-09-06 14:33:47.666687
25,отменен,1999-11-05 14:33:47.666687
26,создан,2001-06-05 18:16:44.804050
27,создан,2018-11-21 08:49:23.486777
27,отправлен,2018-12-17 08:49:23.486777
27,доставлен,2019-01-03 08:49:23.486777
28,создан,1998-05-25 00:09:23.816922
28,отправлен,1998-08-18 00:09:23.816922
29,создан,2020-08-20 19:27:29.849593
30,создан,2016-09-07 13:01:45.251286
30,отправлен,2016-09-10 13:01:45.251286
30,доставлен,2016-09-12 13:01:45.251286
31,создан,2000-01-20 10:35:52.533609
31,отправлен,2000-02-03 10:35:52.533609
31,доставлен,2000-04-17 10:35:52.533609
32,создан,1997-10-25 03:19:28.485292
32,отменен,1997-12-13 03:19:28.485292
33,создан,2016-12-20 17:36:34.795967
34,создан,1997-05-29 17:16:13.697261
34,отправлен,1997-06-18 17:16:13.697261
34,доставлен,1997-07-12 17:16:13.697261
35,создан,1997-09-30 08:52:54.235281
35,отправлен,1997-11-14 08:52:54.235281
36,создан,2002-07-05 10:35:17.627182
36,отправлен,2002-07-10 10:35:17.627182
36,отменен,2002-07-13 10:35:17.627182
37,создан,2002-06-25 14:44:40.486856
37,отправлен,2002-07-29 14:44:40.486856
38,создан,2008-08-08 01:38:37.224432
38,отправлен,2008-11-07 01:38:37.224432
39,создан,2019-02-16 00:37:23.842154
40,создан,2016-05-25 11:29:56.177487
40,отправлен,2016-07-01 11:29:56.177487
40,доставлен,2016-08-13 11:29:56.177487
41,создан,2024-05-26 12:39:28.300937
42,создан,2004-03-30 18:54:08.888767
43,создан,2015-01-02 07:16:07.481955
43,отправлен,2015-01-24 07:16:07.481955
43,доставлен,2015-03-08 07:16:07.481955
44,создан,1997-05-21 08:26:58.138787
44,отправлен,1997-08-07 08:26:58.138787
45,создан,1999-03-30 11:21:20.934710
45,отправлен,1999-04-12 11:21:20.934710
45,доставлен,1999-06-14 11:21:20.934710
46,создан,2007-04-19 10:29:13.089745
47,создан,2001-12-18 13:17:25.518887
47,отправлен,2002-01-19 13:17:25.518887
47,доставлен,2002-02-20 13:17:25.518887
48,создан,2012-07-18 05:26:49.950685
48,отправлен,2012-08-11 05:26:49.950685
48,доставлен,2012-10-13 05:26:49.950685
49,создан,2009-04-14 18:48:35.318312
50,создан,2004-03-13 14:39:08.559279
50,отправлен,2004-04-16 14:39:08.559279
50,отменен,2004-04-30 14:39:08.559279
51,создан,2009-10-13 15:47:03.124043
51,отправлен,2010-01-18 15:47:03.124043
52,создан,1997-11-17 22:17:55.350777
52,отправлен,1997-11-20 22:17:55.350777
52,отменен,1998-02-25 22:17:55.350777
53,создан,1999-05-12 20:52:09.871176
53,отменен,1999-06-22 20:52:09.871176
54,создан,1997-03-01 08:55:57.170841
54,отправлен,1997-06-06 08:55:57.170841
55,создан,1996-02-02 01:40:32.794032
55,отправлен,1996-02-11 01:40:32.794032
56,создан,2003-02-16 10:00:51.816640
56,отправлен,2003-03-11 10:00:51.816640
56,доставлен,2003-04-17 10:00:51.816640
57,создан,1999-01-09 21:30:50.684908
57,отменен,1999-02-02 21:30:50.684908
58,создан,1998-02-01 06:35:14.380192
58,отменен,1998-03-26 06:35:14.380192
59,создан,2006-10-24 07:38:07.762956
60,создан,2000-01-15 01:20:55.041426
60,отправлен,2000-02-23 01:20:55.041426
61,создан,2003-10-14 15:24:54.125559
61,отправлен,2004-01-10 15:24:54.125559
62,создан,1999-08-05 01:31:21.766416
62,отправлен,1999-09-07 01:31:21.766416
62,доставлен,1999-09-26 01:31:21.766416
63,создан,2015-11-15 22:41:52.692286
63,отправлен,2015-11-27 22:41:52.692286
63,доставлен,2016-01-30 22:41:52.692286
64,создан,2022-06-11 04:50:40.041690
64,отправлен,2022-07-14 04:50:40.041690
65,создан,2000-01-03 14:23:18.034531
65,отправлен,2000-03-25 14:23:18.034531
66,создан,2000-03-13 04:59:16.763132
66,отправлен,2000-05-01 04:59:16.763132
67,создан,2009-10-17 05:19:33.857535
67,отправлен,2009-11-13 05:19:33.857535
67,отменен,2010-01-07 05:19:33.857535
68,создан,1998-05-21 22:11:49.888918
68,отправлен,1998-08-14 22:11:49.888918
69,создан,2014-04-01 07:25:13.756849
69,отменен,2014-06-30 07:25:13.756849
70,создан,2021-02-04 03:30:37.074102
70,отправлен,2021-04-09 03:30:37.074102
71,создан,2005-04-20 16:48:58.779249
71,отправлен,2005-05-16 16:48:58.779249
71,доставлен,2005-06-27 16:48:58.779249
72,создан,2005-02-02 04:54:55.001649
72,отправлен,2005-03-15 04:54:55.001649
72,доставлен,2005-03-21 04:54:55.001649
73,создан,2022-07-26 17:44:03.779534
73,отправлен,2022-08-03 17:44:03.779534
73,доставлен,2022-08-08 17:44:03.779534
74,создан,2024-02-19 15:07:43.496629
75,создан,2006-03-25 09:49:15.934098
75,отправлен,2006-05-09 09:49:15.934098
75,доставлен,2006-06-07 09:49:15.934098
76,создан,2007-02-28 06:44:40.403829
76,отправлен,2007-04-12 06:44:40.403829
76,доставлен,2007-04-22 06:44:40.403829
77,создан,2002-06-11 01:32:52.012772
78,создан,2022-02-03 12:10:56.376036
79,создан,2010-12-15 21:35:21.384568
79,отправлен,2010-12-31 21:35:21.384568
80,создан,2010-10-26 05:22:14.508022
80,отправлен,2010-12-04 05:22:14.508022
80,доставлен,2010-12-10 05:22:14.508022
81,создан,1998-09-02 04:23:57.238867
81,отправлен,1998-10-09 04:23:57.238867
82,создан,2006-07-07 11:34:16.816967
82,отправлен,2006-08-19 11:34:16.816967
83,создан,2022-12-16 13:43:48.703067
83,отправлен,2022-12-23 13:43:48.703067
83,доставлен,2022-12-26 13:43:48.703067
84,создан,2015-10-11 09:56:40.025530
84,отправлен,2015-10-25 09:56:40.025530
84,доставлен,2015-11-15 09:56:40.025530
85,создан,2007-08-27 11:04:23.146687
85,отправлен,2007-10-12 11:04:23.146687
85,отменен,2007-10-19 11:04:23.146687
86,создан,2001-04-16 07:19:58.826320
87,создан,2019-09-01 07:49:25.886818
88,создан,2004-02-03 16:31:48.812916
88,отправлен,2004-02-27 16:31:48.812916
88,доставлен,2004-03-06 16:31:48.812916
89,создан,2023-09-07 02:03:45.672161
89,отправлен,2023-09-12 02:03:45.672161
90,создан,2015-01-06 02:35:07.754805
90,отменен,2015-01-27 02:35:07.754805
91,создан,2002-09-20 23:16:35.716883
91,отправлен,2002-12-16 23:16:35.716883
92,создан,2015-11-26 01:05:36.876156
92,отправлен,2016-01-24 01:05:36.876156
93,создан,1998-03-12 09:48:53.015990
94,создан,2004-04-02 17:25:00.567229
95,создан,2014-07-23 11:51:55.334887
95,отправлен,2014-09-11 11:51:55.334887
96,создан,2010-01-11 08:55:01.158664
97,создан,2007-08-24 16:39:58.414495
97,отправлен,2007-10-19 16:39:58.414495
98,создан,1999-07-26 03:15:39.251614
98,отправлен,1999-09-05 03:15:39.251614
98,отменен,1999-10-15 03:15:39.251614
99,создан,2006-11-08 11:14:22.156510
99,отправлен,2006-11-17 11:14:22.156510
99,доставлен,2006-11-17 11:14:22.156510
100,создан,1995-10-06 21:38:54.632185
101,создан,2021-05-29 07:47:12.094433
101,отправлен,2021-07-10 07:47:12.094433
101,отменен,2021-08-17 07:47:12.094433
102,создан,2008-01-25 14:37:58.318816
103,создан,2007-05-12 22:00:51.299334
104,создан,2005-01-19 00:08:07.184332
105,создан,2009-01-06 02:43:34.043257
105,отменен,2009-03-12 02:43:34.043257
106,создан,2007-10-14 02:07:53.131401
106,отправлен,2007-10-20 02:07:53.131401
106,доставлен,2007-11-25 02:07:53.131401
107,создан,1998-05-24 22:06:49.768130
107,отправлен,1998-05-25 22:06:49.768130
107,доставлен,1998-07-26 22:06:49.768130
108,создан,2007-01-16 22:30:38.300002
109,создан,2009-01-05 04:15:56.544259
110,создан,2011-02-09 12:29:32.608946
110,отменен,2011-04-21 12:29:32.608946
111,создан,2013-08-19 11:06:17.799994
112,создан,2015-08-20 06:03:57.088494
112,отправлен,2015-08-31 06:03:57.088494
112,доставлен,2015-09-30 06:03:57.088494
113,создан,2017-06-29 09:45:56.974387
113,отправлен,2017-07-12 09:45:56.974387
114,создан,2006-07-23 07:15:36.635044
114,отправлен,2006-08-05 07:15:36.635044
114,отменен,2006-08-08 07:15:36.635044
115,создан,2001-08-19 13:11:46.201869
115,отправлен,2001-11-25 13:11:46.201869
116,создан,2023-06-13 01:52:57.650785
116,отправлен,2023-06-19 01:52:57.650785
116,доставлен,2023-06-22 01:52:57.650785
117,создан,2016-10-13 07:57:01.755889
118,создан,1997-07-17 14:29:34.882276
118,отменен,1997-08-27 14:29:34.882276
119,создан,2024-07-06 22:26:58.876020
120,создан,2010-07-18 21:35:34.112247
120,отправлен,2010-08-14 21:35:34.112247
121,создан,2014-11-04 16:13:59.370907
121,отправлен,2015-01-25 16:13:59.370907
122,создан,2008-09-10 22:38:05.669017
123,создан,2004-11-05 02:22:06.974580
123,отправлен,2004-12-29 02:22:06.974580
123,отменен,2005-01-05 02:22:06.974580
124,создан,2011-08-28 13:44:57.833313
124,отправлен,2011-11-23 13:44:57.833313
125,создан,2013-06-09 21:13:13.964091
126,создан,2010-06-04 05:40:04.583943
126,отправлен,2010-08-07 05:40:04.583943
127,создан,2020-01-04 02:35:39.575167
127,отправлен,2020-02-09 02:35:39.575167
127,отменен,2020-04-05 02:35:39.575167
128,создан,2023-11-26 16:23:05.454419
128,отменен,2024-01-13 16:23:05.454419
129,создан,2018-04-06 02:07:58.731432
130,создан,1999-11-13 07:02:46.756725
130,отменен,1999-12-29 07:02:46.756725
131,создан,1995-12-16 07:39:52.367197
131,отправлен,1995-12-31 07:39:52.367197
131,отменен,1996-01-20 07:39:52.367197
132,создан,2015-01-14 06:59:48.287613
132,отправлен,2015-02-03 06:59:48.287613
132,доставлен,2015-03-21 06:59:48.287613
133,создан,1999-09-22 18:56:22.624980
134,создан,2016-02-02 12:10:49.229310
135,создан,1995-03-27 15:42:41.993135
135,отправлен,1995-05-04 15:42:41.993135
135,доставлен,1995-06-17 15:42:41.993135
136,создан,2012-06-05 06:19:36.828912
136,отправлен,2012-09-01 06:19:36.828912
136,доставлен,2012-09-10 06:19:36.828912
137,создан,2020-02-18 05:44:16.737758
137,отправлен,2020-02-20 05:44:16.737758
137,доставлен,2020-02-20 05:44:16.737758
138,создан,2011-04-06 06:33:57.559654
139,создан,2020-01-05 00:21:38.650196
139,отправлен,2020-02-10 00:21:38.650196
140,создан,2001-01-30 02:03:05.660653
141,создан,2013-08-27 19:22:24.152126
142,создан,2018-09-16 15:38:55.570123
142,отправлен,2018-10-20 15:38:55.570123
142,отменен,2018-12-02 15:38:55.570123
143,создан,2013-06-27 09:11:20.224257
143,отправлен,2013-10-03 09:11:20.224257
143,доставлен,2013-10-05 09:11:20.224257
144,создан,1999-05-01 13:05:20.552255
145,создан,2019-07-28 16:42:43.423025
145,отменен,2019-09-23 16:42:43.423025
146,создан,2021-02-13 05:35:30.957956
146,отправлен,2021-02-19 05:35:30.957956
146,отменен,2021-04-09 05:35:30.957956
147,создан,2015-02-28 19:41:20.557662
147,отправлен,2015-04-14 19:41:20.557662
148,создан,2023-12-15 22:51:20.705384
148,отменен,2024-01-22 22:51:20.705384
149,создан,2009-06-19 17:24:43.875608
149,отправлен,2009-08-09 17:24:43.875608
149,доставлен,2009-08-20 17:24:43.875608
150,создан,2002-09-21 23:25:05.265198
151,создан,2002-08-07 18:39:42.809189
151,отправлен,2002-10-31 18:39:42.809189
152,создан,2012-09-28 21:48:14.557371
152,отправлен,2012-12-11 21:48:14.557371
153,создан,1997-08-22 08:38:10.228348
154,создан,1996-11-03 09:55:25.836777
154,отправлен,1997-01-01 09:55:25.836777
155,создан,2023-03-03 11:24:04.025488
155,отправлен,2023-03-08 11:24:04.025488
155,отменен,2023-03-12 11:24:04.025488
156,создан,2013-08-15 22:14:43.590616
157,создан,2008-04-17 17:51:36.386447
158,создан,2020-04-02 08:58:04.377166
158,отменен,2020-06-17 08:58:04.377166
159,создан,2009-09-02 23:53:58.269820
159,отправлен,2009-10-14 23:53:58.269820
160,создан,2020-11-25 04:27:24.238351
160,отменен,2021-01-29 04:27:24.238351
161,создан,2004-06-04 11:26:49.322463
162,создан,2002-08-09 08:57:16.450030
163,создан,2018-12-21 01:56:36.391605
163,отменен,2018-12-26 01:56:36.391605
164,создан,2002-01-18 07:18:52.886729
164,отправлен,2002-02-21 07:18:52.886729
165,создан,2005-05-06 19:06:24.615656
165,отправлен,2005-05-14 19:06:24.615656
165,отменен,2005-07-05 19:06:24.615656
166,создан,2014-08-09 15:22:47.643723
167,создан,2020-03-30 03:23:37.459052
168,создан,2010-06-27 17:51:30.349481
168,отправлен,2010-08-28 17:51:30.349481
168,доставлен,2010-09-12 17:51:30.349481
169,создан,2006-11-11 18:12:24.093020
169,отправлен,2007-02-16 18:12:24.093020
170,создан,2022-09-21 18:26:53.873383
170,отправлен,2022-09-27 18:26:53.873383
170,доставлен,2022-10-13 18:26:53.873383
171,создан,2011-06-20 00:47:25.235415
172,создан,1999-11-18 09:18:42.976673
172,отменен,1999-12-25 09:18:42.976673
173,создан,2022-01-11 05:15:14.241638
173,отправлен,2022-04-19 05:15:14.241638
174,создан,2020-04-22 13:46:14.809443
174,отправлен,2020-05-05 13:46:14.809443
174,отменен,2020-07-13 13:46:14.809443
175,создан,2008-09-08 22:59:19.864797
175,отправлен,2008-10-23 22:59:19.864797
175,доставлен,2008-10-29 22:59:19.864797
176,создан,2006-12-28 12:21:18.231673
177,создан,2001-01-27 20:19:35.998206
177,отправлен,2001-04-15 20:19:35.998206
178,создан,1997-11-07 14:13:00.557918
178,отправлен,1997-12-09 14:13:00.557918
178,доставлен,1997-12-30 14:13:00.557918
179,создан,1998-08-18 04:47:08.443551
179,отправлен,1998-09-13 04:47:08.443551
180,создан,2020-06-06 21:39:22.952652
180,отправлен,2020-06-19 21:39:22.952652
181,создан,2009-11-25 15:19:43.919189
181,отправлен,2010-01-12 15:19:43.919189
182,создан,2022-10-09 08:49:57.473368
182,отправлен,2023-01-10 08:49:57.473368
182,доставлен,2023-01-14 08:49:57.473368
183,создан,2004-01-14 16:52:19.875497
183,отправлен,2004-03-03 16:52:19.875497
183,доставлен,2004-04-08 16:52:19.875497
184,создан,2013-10-01 19:51:34.701223
184,отправлен,2013-12-24 19:51:34.701223
185,создан,2013-02-09 04:54:14.983650
186,создан,2010-12-10 11:18:16.748347
186,отправлен,2011-01-16 11:18:16.748347
187,создан,1999-06-12 04:14:11.156685
187,отправлен,1999-06-13 04:14:11.156685
187,доставлен,1999-07-07 04:14:11.156685
188,создан,2006-10-08 13:25:38.972759
188,отправлен,2006-10-24 13:25:38.972759
188,доставлен,2006-10-31 13:25:38.972759
189,создан,2005-06-28 05:43:35.353175
189,отменен,2005-08-08 05:43:35.353175
190,создан,2001-12-05 09:25:15.747892
191,создан,2023-06-11 22:11:09.727573
191,отправлен,2023-08-10 22:11:09.727573
192,создан,2004-03-09 20:49:21.265038
192,отправлен,2004-03-23 20:49:21.265038
193,создан,2007-04-21 06:08:18.204792
193,отменен,2007-04-27 06:08:18.204792
194,создан,1998-05-29 18:47:21.164820
195,создан,2003-07-04 09:16:24.224915
196,создан,2010-09-27 23:26:29.597965
196,отправлен,2010-10-26 23:26:29.597965
196,доставлен,2010-10-31 23:26:29.597965
197,создан,2002-06-24 19:00:51.624496
197,отправлен,2002-06-28 19:00:51.624496
197,доставлен,2002-08-22 19:00:51.624496
198,создан,2002-05-08 07:24:34.634448
199,создан,2017-06-25 19:50:00.532355
199,отправлен,2017-09-14 19:50:00.532355
199,отменен,2017-09-14 19:50:00.532355
200,создан,2018-08-06 17:49:46.545449
201,создан,2001-04-29 11:33:12.732381
201,отправлен,2001-07-28 11:33:12.732381
201,доставлен,2001-07-29 11:33:12.732381
202,создан,2003-11-10 03:25:44.823665
203,создан,2011-02-15 23:56:36.086126
203,отправлен,2011-04-10 23:56:36.086126
203,доставлен,2011-04-19 23:56:36.086126
204,создан,2012-09-29 21:52:06.786611
204,отправлен,2012-10-09 21:52:06.786611
204,отменен,2012-10-14 21:52:06.786611
205,создан,2005-04-26 07:35:09.749596
205,отправлен,2005-06-17 07:35:09.749596
205,доставлен,2005-07-07 07:35:09.749596
206,создан,2020-03-31 08:54:53.208944
206,отправлен,2020-04-14 08:54:53.208944
206,доставлен,2020-04-16 08:54:53.208944
207,создан,2010-03-20 02:30:15.828679
208,создан,2015-08-14 17:51:21.604933
208,отправлен,2015-09-11 17:51:21.604933
208,доставлен,2015-11-05 17:51:21.604933
209,создан,2008-12-17 17:17:26.637206
209,отправлен,2008-12-21 17:17:26.637206
209,отменен,2009-01-07 17:17:26.637206
210,создан,2021-05-01 06:59:08.272302
210,отправлен,2021-06-27 06:59:08.272302
211,создан,2017-05-28 03:13:30.998980
211,отправлен,2017-06-26 03:13:30.998980
211,отменен,2017-08-23 03:13:30.998980
212,создан,2021-11-20 12:27:17.406281
212,отправлен,2021-11-25 12:27:17.406281
212,отменен,2021-12-10 12:27:17.406281
213,создан,2011-02-12 14:15:10.891003
213,отправлен,2011-02-17 14:15:10.891003
213,доставлен,2011-02-26 14:15:10.891003
214,создан,1997-06-19 15:03:53.950591
214,отправлен,1997-08-19 15:03:53.950591
215,создан,2023-03-24 14:27:05.246923
215,отменен,2023-03-29 14:27:05.246923
216,создан,2016-02-17 17:41:57.051241
217,создан,2022-04-30 17:19:08.689692
217,отправлен,2022-06-10 17:19:08.689692
218,создан,2008-02-02 04:10:15.731266
218,отменен,2008-03-26 04:10:15.731266
219,создан,2002-06-03 17:24:26.212668
219,отправлен,2002-06-25 17:24:26.212668
219,отменен,2002-08-04 17:24:26.212668
220,создан,2001-11-21 23:02:47.987061
221,создан,2023-03-16 15:42:57.422987
221,отменен,2023-03-25 15:42:57.422987
222,создан,2001-10-17 00:22:23.399227
222,отправлен,2001-11-11 00:22:23.399227
222,доставлен,2001-11-19 00:22:23.399227
223,создан,2011-06-13 09:46:10.259090
224,создан,2001-03-28 07:43:46.803863
225,создан,2011-06-15 22:10:09.391763
225,отправлен,2011-07-26 22:10:09.391763
225,отменен,2011-09-18 22:10:09.391763
226,создан,2013-06-21 07:58:33.187237
226,отменен,2013-09-23 07:58:33.187237
227,создан,2004-10-02 07:38:25.753515
227,отправлен,2004-12-17 07:38:25.753515
228,создан,2020-08-23 20:41:29.920909
228,отправлен,2020-10-17 20:41:29.920909
229,создан,2021-06-12 12:59:44.080921
229,отправлен,2021-07-04 12:59:44.080921
230,создан,2006-11-09 07:53:44.329364
230,отменен,2007-02-03 07:53:44.329364
231,создан,2018-12-02 08:38:50.779485
231,отправлен,2019-01-07 08:38:50.779485
231,доставлен,2019-02-03 08:38:50.779485
232,создан,2005-08-02 05:39:47.350462
232,отменен,2005-08-16 05:39:47.350462
233,создан,2013-07-18 18:38:33.833773
234,создан,2009-09-15 21:33:37.237093
234,отправлен,2009-09-23 21:33:37.237093
234,доставлен,2009-11-17 21:33:37.237093
235,создан,2007-06-19 00:50:47.145977
235,отправлен,2007-07-20 00:50:47.145977
235,отменен,2007-08-01 00:50:47.145977
236,создан,2020-07-13 21:36:20.435363
236,отправлен,2020-08-21 21:36:20.435363
237,создан,2018-09-14 15:34:38.357791
237,отправлен,2018-10-06 15:34:38.357791
238,создан,2021-02-21 18:06:11.351560
238,отправлен,2021-02-25 18:06:11.351560
238,доставлен,2021-03-23 18:06:11.351560
239,создан,2013-03-27 02:09:05.188444
239,отправлен,2013-04-20 02:09:05.188444
239,доставлен,2013-04-25 02:09:05.188444
240,создан,1997-05-01 13:04:34.359498
240,отправлен,1997-07-08 13:04:34.359498
240,доставлен,1997-07-11 13:04:34.359498
241,создан,2015-05-07 14:04:22.122574
241,отправлен,2015-08-05 14:04:22.122574
241,отменен,2015-08-14 14:04:22.122574
242,создан,2023-05-09 15:07:31.401169
242,отправлен,2023-06-12 15:07:31.401169
242,отменен,2023-06-16 15:07:31.401169
243,создан,2008-12-05 02:29:32.091845
244,создан,2006-08-19 00:02:22.837575
244,отменен,2006-10-26 00:02:22.837575
245,создан,2011-01-05 19:03:36.291155
246,создан,2002-08-27 05:20:02.475986
247,создан,2009-07-14 03:54:54.074220
248,создан,1998-04-23 08:03:17.636021
248,отправлен,1998-05-19 08:03:17.636021
249,создан,1999-04-17 21:07:42.647572
249,отправлен,1999-05-19 21:07:42.647572
250,создан,2017-10-04 13:45:21.796286
250,отправлен,2017-10-27 13:45:21.796286
250,доставлен,2017-12-18 13:45:21.796286
251,создан,2018-04-07 11:44:59.135998
251,отменен,2018-04-17 11:44:59.135998
252,создан,2022-04-10 02:51:13.678397
252,отменен,2022-07-01 02:51:13.678397
253,создан,1998-12-03 15:50:36.881196
253,отправлен,1999-01-07 15:50:36.881196
253,доставлен,1999-01-18 15:50:36.881196
254,создан,2008-06-22 18:44:33.590099
255,создан,1999-11-06 21:16:58.954459
256,создан,2001-10-22 15:41:26.752941
256,отправлен,2001-11-11 15:41:26.752941
256,доставлен,2001-12-11 15:41:26.752941
257,создан,2023-01-29 04:42:40.478330
257,отправлен,2023-02-18 04:42:40.478330
257,доставлен,2023-04-04 04:42:40.478330
258,создан,2017-08-03 18:57:02.290356
258,отправлен,2017-09-06 18:57:02.290356
258,доставлен,2017-10-28 18:57:02.290356
259,создан,2019-05-18 13:03:48.060054
259,отправлен,2019-07-13 13:03:48.060054
259,доставлен,2019-08-04 13:03:48.060054
260,создан,2022-12-19 12:59:28.590941
260,отправлен,2022-12-20 12:59:28.590941
260,доставлен,2022-12-20 12:59:28.590941
261,создан,1997-02-23 03:04:04.784757
261,отправлен,1997-03-27 03:04:04.784757
261,доставлен,1997-04-23 03:04:04.784757
262,создан,2011-08-23 14:16:17.571731
262,отправлен,2011-09-21 14:16:17.571731
262,доставлен,2011-10-06 14:16:17.571731
263,создан,2013-07-02 21:48:36.862072
264,создан,2000-12-03 12:12:13.778124
264,отправлен,2000-12-14 12:12:13.778124
265,создан,2010-10-16 00:32:15.175873
266,создан,2002-03-22 10:45:44.823957
266,отправлен,2002-05-14 10:45:44.823957
266,доставлен,2002-06-24 10:45:44.823957
267,создан,2005-04-20 01:46:49.702831
268,создан,2016-07-02 20:15:51.264037
269,создан,2015-02-02 23:37:14.085587
269,отправлен,2015-02-09 23:37:14.085587
269,отменен,2015-03-11 23:37:14.085587
270,создан,1994-12-21 14:11:33.066488
270,отправлен,1995-01-02 14:11:33.066488
270,доставлен,1995-01-23 14:11:33.066488
271,создан,2015-02-21 03:49:28.941139
271,отправлен,2015-03-12 03:49:28.941139
271,доставлен,2015-04-08 03:49:28.941139
272,создан,2009-11-14 11:05:15.150027
272,отправлен,2010-02-03 11:05:15.150027
273,создан,1999-02-07 16:06:57.706003
273,отменен,1999-05-17 16:06:57.706003
274,создан,2015-10-10 06:24:09.878181
274,отправлен,2015-11-21 06:24:09.878181
275,создан,2017-06-22 09:10:37.204254
275,отправлен,2017-07-24 09:10:37.204254
276,создан,1996-10-02 01:22:17.293190
277,создан,1998-03-13 11:40:04.176154
278,создан,2020-07-05 18:57:33.712817
278,отправлен,2020-08-07 18:57:33.712817
279,создан,2014-12-16 12:56:46.401123
279,отправлен,2014-12-27 12:56:46.401123
280,создан,2018-06-28 09:45:25.441507
281,создан,1995-03-30 00:29:45.211227
281,отправлен,1995-04-29 00:29:45.211227
282,создан,1995-05-14 09:52:31.925609
282,отправлен,1995-05-16 09:52:31.925609
282,отменен,1995-06-01 09:52:31.925609
283,создан,2016-05-11 19:23:27.720204
283,отменен,2016-07-07 19:23:27.720204
284,создан,1998-03-11 05:12:10.186394
284,отправлен,1998-05-10 05:12:10.186394
284,доставлен,1998-05-10 05:12:10.186394
285,создан,2016-09-21 13:29:49.835475
285,отправлен,2016-09-28 13:29:49.835475
285,доставлен,2016-12-12 13:29:49.835475
286,создан,2003-12-14 18:32:26.234665
286,отправлен,2003-12-17 18:32:26.234665
286,доставлен,2004-02-21 18:32:26.234665
287,создан,2008-05-06 16:13:53.380236
287,отправлен,2008-05-10 16:13:53.380236
287,доставлен,2008-06-26 16:13:53.380236
288,создан,2020-01-05 17:16:35.740080
288,отменен,2020-02-18 17:16:35.740080
289,создан,2015-07-25 11:48:21.632821
290,создан,1996-04-28 23:32:07.323584
291,создан,2018-10-14 12:06:54.951027
291,отправлен,2018-11-05 12:06:54.951027
292,создан,2003-08-06 00:17:35.710778
293,создан,2013-03-29 02:30:14.147981
294,создан,2015-02-22 05:17:42.734780
294,отправлен,2015-05-07 05:17:42.734780
295,создан,2012-08-13 21:33:29.997126
295,отправлен,2012-08-30 21:33:29.997126
295,отменен,2012-10-10 21:33:29.997126
296,создан,2023-03-18 20:39:55.630769
296,отправлен,2023-04-03 20:39:55.630769
296,отменен,2023-05-23 20:39:55.630769
297,создан,2001-10-14 02:09:50.162929
298,создан,2017-08-23 18:23:45.392157
298,отправлен,2017-11-01 18:23:45.392157
299,создан,2012-02-02 16:58:37.582294
300,создан,2015-10-12 08:27:22.784268
301,создан,2013-02-17 21:07:39.655322
301,отправлен,2013-03-22 21:07:39.655322
301,доставлен,2013-04-19 21:07:39.655322
302,создан,2012-09-20 20:06:33.153500
303,создан,1998-03-08 00:08:30.296933
303,отправлен,1998-03-24 00:08:30.296933
303,доставлен,1998-04-11 00:08:30.296933
304,создан,2017-09-29 08:24:18.563361
304,отменен,2017-11-11 08:24:18.563361
305,создан,1999-03-23 06:10:10.320226
305,отменен,1999-03-31 06:10:10.320226
306,создан,2016-12-01 22:38:24.971653
306,отправлен,2017-02-20 22:38:24.971653
307,создан,2014-07-05 08:12:57.225166
307,отправлен,2014-09-09 08:12:57.225166
307,доставлен,2014-09-14 08:12:57.225166
308,создан,2019-06-09 06:07:36.779575
308,отправлен,2019-06-18 06:07:36.779575
308,доставлен,2019-07-25 06:07:36.779575
309,создан,2003-10-25 17:00:46.647318
310,создан,2017-01-19 10:22:03.880500
311,создан,2002-03-02 18:40:43.336646
311,отправлен,2002-03-17 18:40:43.336646
312,создан,2009-01-21 05:43:54.120113
312,отправлен,2009-02-12 05:43:54.120113
312,отменен,2009-02-13 05:43:54.120113
313,создан,2011-06-11 18:11:59.323522
314,создан,2013-11-25 04:42:15.624390
314,отменен,2014-02-03 04:42:15.624390
315,создан,1995-02-14 09:16:08.353748
315,отправлен,1995-02-24 09:16:08.353748
315,доставлен,1995-03-12 09:16:08.353748
316,создан,2014-02-12 09:50:29.548650
317,создан,2004-02-25 15:30:31.207482
318,создан,1999-04-18 16:04:35.085603
318,отправлен,1999-07-23 16:04:35.085603
319,создан,1996-07-07 15:58:30.255509
319,отменен,1996-10-11 15:58:30.255509
320,создан,2011-09-30 23:53:59.137912
320,отправлен,2011-10-31 23:53:59.137912
320,доставлен,2011-12-07 23:53:59.137912
321,создан,2005-02-12 02:23:43.682993
321,отправлен,2005-03-22 02:23:43.682993
322,создан,2003-07-20 21:14:54.810237
323,создан,2008-03-26 23:39:56.751609
323,отправлен,2008-04-08 23:39:56.751609
323,отменен,2008-04-14 23:39:56.751609
324,создан,2007-12-13 09:25:00.375706
324,отправлен,2007-12-30 09:25:00.375706
324,доставлен,2008-01-15 09:25:00.375706
325,создан,2012-01-29 23:54:10.929313
326,создан,2000-02-19 16:56:43.979901
326,отменен,2000-02-26 16:56:43.979901
327,создан,2017-02-10 18:13:18.088708
327,отправлен,2017-03-10 18:13:18.088708
327,доставлен,2017-03-26 18:13:18.088708
328,создан,2004-05-08 23:42:24.025540
329,создан,2004-02-02 18:35:06.778374
329,отправлен,2004-03-03 18:35:06.778374
330,создан,2020-04-10 21:21:39.144691
330,отправлен,2020-06-23 21:21:39.144691
330,доставлен,2020-07-01 21:21:39.144691
331,создан,1997-02-19 07:07:19.889017
331,отправлен,1997-03-12 07:07:19.889017
331,доставлен,1997-03-26 07:07:19.889017
332,создан,2022-10-07 07:38:59.291656
332,отправлен,2022-12-13 07:38:59.291656
333,создан,2010-09-22 00:01:23.760462
333,отменен,2010-10-20 00:01:23.760462
334,создан,1995-10-07 20:36:53.236482
334,отправлен,1995-10-16 20:36:53.236482
334,доставлен,1996-01-04 20:36:53.236482
335,создан,2018-05-14 21:56:49.099552
335,отправлен,2018-07-03 21:56:49.099552
335,доставлен,2018-07-23 21:56:49.099552
336,создан,1998-04-24 17:29:05.124955
336,отправлен,1998-07-07 17:29:05.124955
337,создан,1997-08-08 18:57:05.590113
337,отменен,1997-10-18 18:57:05.590113
338,создан,2005-01-29 10:38:33.554679
338,отправлен,2005-04-16 10:38:33.554679
339,создан,2018-03-06 13:41:38.251726
339,отправлен,2018-05-10 13:41:38.251726
340,создан,2014-03-06 20:05:29.243441
341,создан,1998-12-15 14:41:51.483316
341,отправлен,1999-02-22 14:41:51.483316
341,доставлен,1999-03-25 14:41:51.483316
342,создан,2018-10-28 23:42:22.851524
342,отправлен,2018-11-25 23:42:22.851524
343,создан,1995-10-16 00:23:41.180572
343,отменен,1996-01-02 00:23:41.180572
344,создан,2023-03-09 08:19:16.976134
344,отправлен,2023-06-13 08:19:16.976134
345,создан,2005-01-02 17:09:22.791552
345,отправлен,2005-02-10 17:09:22.791552
345,доставлен,2005-03-08 17:09:22.791552
346,создан,2000-12-16 17:14:12.288102
346,отправлен,2001-02-04 17:14:12.288102
346,доставлен,2001-03-08 17:14:12.288102
347,создан,2016-11-07 01:19:02.610181
347,отправлен,2016-11-09 01:19:02.610181
348,создан,2017-04-27 09:28:04.471968
349,создан,1997-05-30 15:43:53.543795
349,отправлен,1997-06-01 15:43:53.543795
349,доставлен,1997-06-25 15:43:53.543795
350,создан,2007-06-20 14:35:48.697179
350,отправлен,2007-08-22 14:35:48.697179
351,создан,2005-12-20 20:12:04.604201
352,создан,1998-09-09 23:46:55.162179
353,создан,2005-09-12 18:44:00.327302
353,отправлен,2005-09-17 18:44:00.327302
353,доставлен,2005-10-06 18:44:00.327302
354,создан,2020-07-31 11:16:35.918438
355,создан,2005-04-10 01:18:12.822933
355,отменен,2005-07-12 01:18:12.822933
356,создан,2023-05-27 10:57:45.323525
356,отправлен,2023-08-19 10:57:45.323525
357,создан,2002-06-07 17:10:48.299496
357,отправлен,2002-09-13 17:10:48.299496
358,создан,2002-12-03 14:48:39.872207
358,отправлен,2003-02-08 14:48:39.872207
359,создан,2014-07-15 19:42:06.076849
360,создан,2014-06-08 20:04:32.977875
361,создан,2003-04-05 03:47:28.679333
361,отправлен,2003-06-16 03:47:28.679333
362,создан,2021-02-13 12:59:15.445548
363,создан,2021-06-01 04:22:57.944973
363,отменен,2021-08-07 04:22:57.944973
364,создан,2011-12-31 20:12:12.422055
364,отменен,2012-03-23 20:12:12.422055
365,создан,2003-11-20 04:49:19.519414
365,отправлен,2004-01-08 04:49:19.519414
366,создан,2012-04-19 04:48:31.691356
366,отменен,2012-06-01 04:48:31.691356
367,создан,2004-02-15 07:31:16.580829
367,отправлен,2004-03-15 07:31:16.580829
368,создан,2003-12-26 15:57:34.661720
369,создан,2023-04-17 18:53:51.987303
369,отправлен,2023-06-09 18:53:51.987303
370,создан,2008-08-08 22:44:50.143855
370,отменен,2008-10-16 22:44:50.143855
371,создан,2011-08-27 22:00:24.421003
371,отправлен,2011-10-25 22:00:24.421003
371,доставлен,2011-12-05 22:00:24.421003
372,создан,2022-03-17 12:12:44.165262
372,отправлен,2022-04-25 12:12:44.165262
372,отменен,2022-06-23 12:12:44.165262
373,создан,2024-01-21 16:14:40.623317
373,отправлен,2024-04-26 16:14:40.623317
374,создан,2005-12-28 15:37:50.615944
375,создан,2017-05-11 23:41:31.052858
376,создан,2006-05-08 12:39:48.214762
376,отправлен,2006-07-22 12:39:48.214762
377,создан,2009-01-20 01:37:44.086714
377,отправлен,2009-02-19 01:37:44.086714
378,создан,2020-07-07 17:18:56.720036
379,создан,2012-05-31 12:53:06.178956
380,создан,2012-10-14 08:05:22.310919
380,отправлен,2012-10-17 08:05:22.310919
380,доставлен,2012-10-22 08:05:22.310919
381,создан,1995-06-04 16:05:50.364974
382,создан,2008-06-20 04:27:45.495714
382,отменен,2008-06-27 04:27:45.495714
383,создан,2024-04-30 17:27:40.363699
384,создан,2004-12-02 13:41:56.114217
384,отправлен,2004-12-29 13:41:56.114217
384,доставлен,2005-01-10 13:41:56.114217
385,создан,1996-02-19 06:15:04.812638
385,отправлен,1996-04-13 06:15:04.812638
386,создан,2013-08-08 03:50:26.320491
386,отправлен,2013-08-29 03:50:26.320491
386,доставлен,2013-09-09 03:50:26.320491
387,создан,1998-01-22 09:01:59.245660
387,отправлен,1998-01-27 09:01:59.245660
387,доставлен,1998-03-05 09:01:59.245660
388,создан,1999-04-02 11:05:13.218055
389,создан,2022-06-11 20:04:44.919784
389,отменен,2022-07-25 20:04:44.919784
390,создан,2001-12-23 23:38:00.353217
390,отправлен,2002-02-14 23:38:00.353217
390,доставлен,2002-02-28 23:38:00.353217
391,создан,2009-04-30 22:00:09.904966
391,отправлен,2009-07-30 22:00:09.904966
392,создан,2018-02-13 13:23:36.743604
392,отменен,2018-04-09 13:23:36.743604
393,создан,2001-12-06 02:56:40.256701
393,отправлен,2002-02-05 02:56:40.256701
394,создан,2000-11-02 07:05:53.462331
394,отправлен,2001-01-07 07:05:53.462331
395,создан,2003-08-06 21:27:59.415504
396,создан,2004-10-08 17:35:24.622416
396,отправлен,2004-10-21 17:35:24.622416
396,отменен,2004-12-09 17:35:24.622416
397,создан,2022-05-08 02:26:53.644856
397,отправлен,2022-07-11 02:26:53.644856
398,создан,2008-08-12 12:12:39.700500
398,отправлен,2008-08-13 12:12:39.700500
398,отменен,2008-08-13 12:12:39.700500
399,создан,2010-03-10 09:11:50.777770
399,отправлен,2010-04-08 09:11:50.777770
399,доставлен,2010-05-11 09:11:50.777770
400,создан,2014-08-19 08:27:20.979239
400,отправлен,2014-09-16 08:27:20.979239
400,доставлен,2014-09-19 08:27:20.979239
401,создан,2003-03-10 08:53:28.931321
401,отправлен,2003-03-13 08:53:28.931321
401,доставлен,2003-05-30 08:53:28.931321
402,создан,2002-05-22 02:55:28.019099
403,создан,2022-06-04 00:07:50.708465
403,отправлен,2022-06-06 00:07:50.708465
403,доставлен,2022-06-08 00:07:50.708465
404,создан,2001-06-22 15:47:58.749505
404,отправлен,2001-06-25 15:47:58.749505
404,доставлен,2001-07-27 15:47:58.749505
405,создан,2008-03-19 13:47:49.888457
406,создан,2009-02-18 06:37:19.239760
406,отправлен,2009-03-03 06:37:19.239760
406,доставлен,2009-03-13 06:37:19.239760
407,создан,2020-01-12 09:43:12.902731
407,отправлен,2020-02-25 09:43:12.902731
408,создан,2006-02-08 15:20:07.399868
408,отправлен,2006-05-12 15:20:07.399868
409,создан,1995-12-26 18:36:04.077846
409,отправлен,1996-02-28 18:36:04.077846
410,создан,2010-10-16 15:07:03.033827
410,отправлен,2010-11-21 15:07:03.033827
410,отменен,2010-12-12 15:07:03.033827
411,создан,1998-08-06 12:53:59.684069
412,создан,2019-06-04 10:45:31.767248
412,отправлен,2019-08-06 10:45:31.767248
413,создан,2010-11-06 21:07:33.808208
413,отправлен,2010-11-28 21:07:33.808208
413,отменен,2010-12-01 21:07:33.808208
414,создан,2013-04-16 04:56:30.339653
414,отменен,2013-06-26 04:56:30.339653
415,создан,2018-06-27 14:33:46.568128
415,отправлен,2018-09-29 14:33:46.568128
416,создан,2009-10-27 10:13:57.224107
416,отправлен,2009-11-22 10:13:57.224107
416,отменен,2009-11-23 10:13:57.224107
417,создан,2022-09-17 21:53:59.786083
418,создан,1997-04-04 13:53:56.534675
419,создан,2006-05-07 21:07:28.262331
420,создан,2006-03-01 22:42:34.589959
421,создан,2005-05-04 08:19:49.218774
422,создан,2004-08-25 13:32:41.573702
422,отправлен,2004-10-14 13:32:41.573702
422,отменен,2004-10-18 13:32:41.573702
423,создан,2017-02-06 13:06:43.337585
423,отправлен,2017-02-18 13:06:43.337585
423,доставлен,2017-03-11 13:06:43.337585
424,создан,2012-11-03 12:36:54.304521
424,отправлен,2013-01-01 12:36:54.304521
425,создан,2022-12-22 20:03:19.204651
425,отправлен,2023-01-20 20:03:19.204651
426,создан,2018-05-10 14:44:52.057335
427,создан,2021-09-28 12:40:13.775780
428,создан,2024-03-11 13:07:36.056282
429,создан,2009-01-25 10:53:59.167640
430,создан,2019-05-31 08:52:26.764677
431,создан,2004-11-09 08:39:28.802845
432,создан,1997-08-16 00:16:54.813238
432,отправлен,1997-09-29 00:16:54.813238
433,создан,1999-10-11 21:46:58.393034
433,отменен,1999-11-03 21:46:58.393034
434,создан,2011-01-17 13:03:43.043042
434,отправлен,2011-03-02 13:03:43.043042
434,отменен,2011-03-18 13:03:43.043042
435,создан,2002-04-19 20:38:50.186620
436,создан,2006-11-16 08:58:44.386921
436,отменен,2007-02-06 08:58:44.386921
437,создан,2022-06-24 19:45:54.785568
437,отправлен,2022-09-20 19:45:54.785568
438,создан,2001-01-19 00:46:41.424901
438,отменен,2001-01-21 00:46:41.424901
439,создан,2001-03-15 16:41:35.130681
439,отправлен,2001-05-15 16:41:35.130681
440,создан,2005-02-24 13:52:11.336598
440,отправлен,2005-03-17 13:52:11.336598
440,доставлен,2005-03-19 13:52:11.336598
441,создан,2008-12-12 15:50:45.856543
441,отправлен,2009-02-02 15:50:45.856543
441,доставлен,2009-02-16 15:50:45.856543
442,создан,2016-11-03 17:19:44.527922
442,отправлен,2016-11-15 17:19:44.527922
442,доставлен,2016-11-15 17:19:44.527922
443,создан,2003-08-30 02:31:57.341413
443,отправлен,2003-10-21 02:31:57.341413
444,создан,1998-08-09 14:13:48.931551
444,отправлен,1998-09-18 14:13:48.931551
444,доставлен,1998-10-30 14:13:48.931551
445,создан,2004-12-26 13:04:06.398655
445,отправлен,2004-12-29 13:04:06.398655
445,отменен,2004-12-30 13:04:06.398655
446,создан,2000-08-26 12:11:06.481274
446,отменен,2000-11-17 12:11:06.481274
447,создан,2010-05-12 22:08:09.563823
447,отправлен,2010-05-23 22:08:09.563823
448,создан,1999-01-18 02:45:32.800627
448,отправлен,1999-02-13 02:45:32.800627
448,доставлен,1999-02-13 02:45:32.800627
449,создан,2012-10-11 06:32:20.842837
449,отправлен,2012-12-20 06:32:20.842837
450,создан,2023-10-22 09:39:15.794080
450,отменен,2024-01-28 09:39:15.794080
451,создан,2011-05-27 21:23:48.788532
452,создан,1998-02-18 13:50:49.462014
452,отправлен,1998-05-23 13:50:49.462014
453,создан,1996-05-15 17:29:45.959180
453,отменен,1996-06-21 17:29:45.959180
454,создан,2024-01-31 01:47:52.565222
454,отправлен,2024-04-12 01:47:52.565222
455,создан,2008-02-14 12:06:35.285121
455,отправлен,2008-03-14 12:06:35.285121
456,создан,1995-03-18 04:41:34.996892
456,отменен,1995-06-17 04:41:34.996892
457,создан,2011-08-27 01:39:36.077594
457,отменен,2011-10-30 01:39:36.077594
458,создан,2020-03-07 07:19:53.858884
458,отправлен,2020-04-04 07:19:53.858884
458,доставлен,2020-06-03 07:19:53.858884
459,создан,2019-02-03 01:52:31.600217
459,отправлен,2019-02-10 01:52:31.600217
459,доставлен,2019-02-21 01:52:31.600217
460,создан,2007-11-09 19:57:07.077533
460,отправлен,2007-11-12 19:57:07.077533
460,отменен,2007-11-22 19:57:07.077533
461,создан,2012-12-25 08:30:18.179466
461,отправлен,2012-12-31 08:30:18.179466
461,отменен,2013-03-01 08:30:18.179466
462,создан,2005-09-01 19:14:17.184083
462,отменен,2005-11-13 19:14:17.184083
463,создан,2021-02-21 23:41:24.264210
463,отправлен,2021-03-28 23:41:24.264210
463,доставлен,2021-04-13 23:41:24.264210
464,создан,2004-03-14 07:03:10.803684
464,отправлен,2004-04-17 07:03:10.803684
465,создан,2010-05-21 21:56:40.519472
466,создан,1995-08-05 16:14:56.661153
466,отменен,1995-08-10 16:14:56.661153
467,создан,2012-11-21 09:48:54.497742
467,отменен,2013-02-09 09:48:54.497742
468,создан,2019-08-10 11:23:01.565034
469,создан,2023-06-13 09:15:05.630088
469,отправлен,2023-06-15 09:15:05.630088
469,доставлен,2023-07-10 09:15:05.630088
470,создан,2003-06-05 12:08:47.902154
470,отправлен,2003-07-05 12:08:47.902154
470,доставлен,2003-08-12 12:08:47.902154
471,создан,2023-12-10 16:17:37.598869
471,отменен,2024-02-22 16:17:37.598869
472,создан,2018-11-21 21:05:26.159839
473,создан,2009-04-03 20:49:16.976758
473,отправлен,2009-04-05 20:49:16.976758
473,доставлен,2009-04-08 20:49:16.976758
474,создан,2006-09-29 20:31:14.551963
474,отменен,2006-11-08 20:31:14.551963
475,создан,2015-10-18 00:15:05.941888
475,отменен,2015-11-08 00:15:05.941888
476,создан,2002-09-17 19:30:10.741912
476,отправлен,2002-11-11 19:30:10.741912
477,создан,1999-10-27 03:10:59.247431
477,отправлен,2000-01-16 03:10:59.247431
478,создан,2005-07-12 07:05:21.710201
478,отправлен,2005-10-15 07:05:21.710201
479,создан,1995-11-19 17:34:18.545901
480,создан,2018-06-06 04:00:37.310782
480,отменен,2018-09-04 04:00:37.310782
481,создан,2005-11-20 08:20:17.883092
481,отправлен,2006-01-10 08:20:17.883092
481,доставлен,2006-01-16 08:20:17.883092
482,создан,2002-05-10 23:43:53.449470
482,отменен,2002-07-04 23:43:53.449470
483,создан,1997-06-07 03:04:09.767868
483,отправлен,1997-08-21 03:04:09.767868
484,создан,1995-04-15 12:01:46.311005
484,отправлен,1995-04-28 12:01:46.311005
485,создан,2014-10-28 14:38:17.748598
486,создан,2010-06-18 19:40:14.682518
486,отправлен,2010-06-29 19:40:14.682518
486,доставлен,2010-07-15 19:40:14.682518
487,создан,2015-01-09 09:02:37.881714
487,отправлен,2015-01-22 09:02:37.881714
487,доставлен,2015-03-05 09:02:37.881714
488,создан,2019-01-24 12:51:48.446598
488,отправлен,2019-04-05 12:51:48.446598
488,отменен,2019-04-18 12:51:48.446598
489,создан,2022-03-22 15:04:49.637730
490,создан,1998-07-05 11:17:54.945063
490,отправлен,1998-08-13 11:17:54.945063
491,создан,2020-02-11 11:22:16.367110
491,отправлен,2020-03-09 11:22:16.367110
492,создан,2013-09-28 09:03:21.379806
492,отправлен,2013-11-05 09:03:21.379806
493,создан,2010-12-13 17:40:15.394327
493,отправлен,2011-01-15 17:40:15.394327
493,доставлен,2011-01-29 17:40:15.394327
494,создан,2004-02-17 08:16:32.250412
494,отменен,2004-05-05 08:16:32.250412
495,создан,2010-04-23 02:01:22.614726
495,отправлен,2010-05-28 02:01:22.614726
495,доставлен,2010-07-21 02:01:22.614726
496,создан,2013-10-01 22:16:00.681231
496,отправлен,2013-10-03 22:16:00.681231
496,отменен,2013-11-09 22:16:00.681231
497,создан,2001-04-21 08:57:08.132929
497,отправлен,2001-05-08 08:57:08.132929
497,доставлен,2001-05-10 08:57:08.132929
498,создан,2013-01-05 04:44:55.285284
498,отправлен,2013-04-02 04:44:55.285284
499,создан,2021-10-02 18:41:02.930290
500,создан,2018-06-01 06:57:13.454657
500,отправлен,2018-06-21 06:57:13.454657
501,создан,2013-07-25 03:44:10.742903
501,отправлен,2013-08-12 03:44:10.742903
502,создан,2002-10-30 00:05:42.202846
502,отправлен,2002-11-21 00:05:42.202846
502,доставлен,2002-12-03 00:05:42.202846
503,создан,2015-04-23 10:16:53.495539
503,отправлен,2015-05-20 10:16:53.495539
504,создан,2000-12-22 10:01:02.127322
504,отправлен,2001-02-21 10:01:02.127322
505,создан,2004-07-25 16:41:45.187756
505,отправлен,2004-10-27 16:41:45.187756
506,создан,2009-05-28 16:04:03.996994
506,отправлен,2009-09-03 16:04:03.996994
507,создан,2000-04-15 18:18:01.082303
507,отменен,2000-06-27 18:18:01.082303
508,создан,2003-03-04 17:42:52.342837
508,отправлен,2003-03-09 17:42:52.342837
509,создан,2011-07-25 02:30:03.047646
509,отправлен,2011-09-01 02:30:03.047646
509,отменен,2011-09-20 02:30:03.047646
510,создан,2021-12-26 08:11:49.041126
511,создан,2002-02-13 04:39:40.932252
511,отменен,2002-03-18 04:39:40.932252
512,создан,2006-03-14 09:33:09.386005
512,отменен,2006-05-08 09:33:09.386005
513,создан,2002-11-26 06:49:47.070775
513,отменен,2002-12-18 06:49:47.070775
514,создан,2012-04-02 14:04:06.698817
514,отправлен,2012-05-22 14:04:06.698817
514,доставлен,2012-06-15 14:04:06.698817
515,создан,1996-01-11 01:29:54.679122
515,отправлен,1996-02-23 01:29:54.679122
515,отменен,1996-03-06 01:29:54.679122
516,создан,1995-05-16 03:32:08.009048
516,отправлен,1995-08-17 03:32:08.009048
517,создан,1999-12-05 09:07:10.503589
517,отправлен,2000-02-10 09:07:10.503589
518,создан,1996-01-07 00:24:29.706761
518,отменен,1996-01-25 00:24:29.706761
519,создан,2008-11-27 23:11:29.240302
520,создан,1997-08-11 21:34:23.928796
520,отменен,1997-09-24 21:34:23.928796
521,создан,2003-08-05 19:30:53.493753
521,отправлен,2003-10-13 19:30:53.493753
522,создан,2006-06-14 18:11:58.327840
522,отправлен,2006-07-13 18:11:58.327840
523,создан,1997-04-30 11:13:57.055295
523,отправлен,1997-05-24 11:13:57.055295
523,отменен,1997-07-12 11:13:57.055295
524,создан,2013-01-17 13:29:06.682516
525,создан,2012-11-27 13:07:28.502442
525,отправлен,2012-11-29 13:07:28.502442
525,доставлен,2012-11-29 13:07:28.502442
526,создан,2021-04-25 13:30:34.533428
526,отправлен,2021-05-05 13:30:34.533428
527,создан,2013-08-25 11:08:55.437530
527,отправлен,2013-09-20 11:08:55.437530
528,создан,2013-02-28 00:54:25.941814
528,отправлен,2013-03-13 00:54:25.941814
529,создан,2004-12-02 17:57:08.852927
529,отправлен,2005-01-18 17:57:08.852927
530,создан,2023-08-09 11:05:34.785293
530,отправлен,2023-08-30 11:05:34.785293
530,отменен,2023-09-05 11:05:34.785293
531,создан,1996-09-13 21:34:26.461619
531,отменен,1996-10-07 21:34:26.461619
532,создан,2005-02-15 16:13:13.988102
532,отправлен,2005-03-03 16:13:13.988102
532,доставлен,2005-03-03 16:13:13.988102
533,создан,2016-09-04 13:01:52.357986
533,отправлен,2016-09-25 13:01:52.357986
533,доставлен,2016-10-08 13:01:52.357986
534,создан,2011-10-06 06:53:09.724250
534,отправлен,2011-11-29 06:53:09.724250
535,создан,2015-09-09 14:24:15.981299
536,создан,2004-08-21 07:09:45.906620
536,отправлен,2004-10-08 07:09:45.906620
537,создан,2010-10-05 23:12:47.169819
538,создан,1999-01-09 21:35:28.569821
538,отправлен,1999-02-23 21:35:28.569821
538,доставлен,1999-04-14 21:35:28.569821
539,создан,2002-07-17 10:39:11.763346
539,отправлен,2002-09-03 10:39:11.763346
539,доставлен,2002-09-16 10:39:11.763346
540,создан,2002-11-11 16:03:02.462582
540,отменен,2003-01-22 16:03:02.462582
541,создан,1995-08-21 14:54:11.237534
541,отправлен,1995-09-04 14:54:11.237534
541,доставлен,1995-09-04 14:54:11.237534
542,создан,1994-12-11 02:42:21.641419
543,создан,2021-09-15 12:21:08.497733
544,создан,2011-04-26 21:13:45.211885
544,отправлен,2011-04-30 21:13:45.211885
544,доставлен,2011-05-09 21:13:45.211885
545,создан,1998-12-09 17:27:31.384303
546,создан,2019-07-19 02:35:44.130866
546,отправлен,2019-10-03 02:35:44.130866
547,создан,1995-02-28 08:46:03.499592
547,отправлен,1995-03-22 08:46:03.499592
547,доставлен,1995-06-07 08:46:03.499592
548,создан,2006-04-04 02:57:06.840293
548,отменен,2006-06-01 02:57:06.840293
549,создан,2010-01-14 08:42:49.280026
549,отправлен,2010-01-24 08:42:49.280026
549,отменен,2010-02-03 08:42:49.280026
550,создан,2012-10-06 11:41:50.629951
550,отправлен,2012-11-10 11:41:50.629951
551,создан,1997-02-27 03:11:07.166669
551,отправлен,1997-03-31 03:11:07.166669
552,создан,2017-02-25 08:11:20.097540
552,отменен,2017-04-18 08:11:20.097540
553,создан,2013-01-07 09:01:01.295863
553,отправлен,2013-03-21 09:01:01.295863
553,отменен,2013-03-31 09:01:01.295863
554,создан,2002-07-05 15:51:55.078828
554,отправлен,2002-08-31 15:51:55.078828
555,создан,1998-11-10 19:40:02.603528
555,отменен,1999-02-12 19:40:02.603528
556,создан,2001-01-23 01:54:24.265477
556,отправлен,2001-02-01 01:54:24.265477
556,отменен,2001-03-08 01:54:24.265477
557,создан,2010-04-22 01:04:26.226071
558,создан,1996-09-20 12:00:18.268615
558,отправлен,1996-12-02 12:00:18.268615
559,создан,2024-02-29 12:13:25.406059
560,создан,2007-07-04 08:56:02.231687
560,отправлен,2007-08-27 08:56:02.231687
561,создан,2009-03-05 14:03:37.987901
562,создан,2010-02-14 11:03:13.339946
562,отправлен,2010-02-21 11:03:13.339946
562,доставлен,2010-04-06 11:03:13.339946
563,создан,2015-05-09 01:02:04.729189
564,создан,2016-03-24 17:06:44.134735
564,отправлен,2016-04-26 17:06:44.134735
565,создан,2016-05-08 23:43:39.841480
566,создан,2003-02-11 12:51:26.518604
567,создан,2004-10-02 15:12:19.235711
567,отправлен,2004-10-03 15:12:19.235711
567,доставлен,2004-10-18 15:12:19.235711
568,создан,2021-10-13 17:52:58.972358
569,создан,2019-06-26 13:17:49.893270
569,отправлен,2019-07-18 13:17:49.893270
569,отменен,2019-07-20 13:17:49.893270
570,создан,2009-07-07 14:34:05.223685
570,отменен,2009-07-14 14:34:05.223685
571,создан,2011-09-30 12:37:41.861383
572,создан,2022-10-02 08:30:01.955476
572,отправлен,2022-11-07 08:30:01.955476
572,доставлен,2022-11-29 08:30:01.955476
573,создан,1995-04-26 03:36:40.283857
573,отменен,1995-06-29 03:36:40.283857
574,создан,2010-01-14 03:36:29.320208
574,отправлен,2010-03-25 03:36:29.320208
575,создан,2005-03-22 11:24:56.553570
575,отправлен,2005-04-12 11:24:56.553570
575,отменен,2005-05-22 11:24:56.553570
576,создан,2022-02-21 08:05:40.238000
577,создан,2021-01-16 23:05:28.979157
577,отправлен,2021-03-11 23:05:28.979157
578,создан,2011-03-25 06:17:35.186921
578,отправлен,2011-06-27 06:17:35.186921
579,создан,2018-03-13 16:55:18.342723
579,отправлен,2018-04-12 16:55:18.342723
579,доставлен,2018-04-21 16:55:18.342723
580,создан,2024-03-13 07:32:43.923024
580,отменен,2024-04-17 07:32:43.923024
581,создан,2014-03-28 20:22:25.566131
581,отправлен,2014-05-15 20:22:25.566131
581,доставлен,2014-06-07 20:22:25.566131
582,создан,2018-11-28 10:08:34.152114
582,отменен,2019-02-09 10:08:34.152114
583,создан,2015-06-10 07:59:39.138998
583,отправлен,2015-08-01 07:59:39.138998
583,доставлен,2015-08-05 07:59:39.138998
584,создан,2000-04-15 15:59:54.238560
584,отправлен,2000-04-24 15:59:54.238560
584,отменен,2000-05-27 15:59:54.238560
585,создан,2011-09-26 18:11:06.475058
585,отправлен,2011-12-02 18:11:06.475058
586,создан,2023-12-28 03:31:13.364916
586,отправлен,2024-01-31 03:31:13.364916
586,доставлен,2024-02-17 03:31:13.364916
587,создан,2013-03-27 17:43:19.064091
587,отправлен,2013-05-30 17:43:19.064091
588,создан,2009-09-08 11:00:42.073479
589,создан,2002-04-16 06:12:01.726196
590,создан,2019-11-04 16:30:24.180886
590,отправлен,2019-11-24 16:30:24.180886
590,доставлен,2020-01-06 16:30:24.180886
591,создан,1996-06-25 21:46:14.128964
591,отменен,1996-09-11 21:46:14.128964
592,создан,2001-10-25 19:16:37.066923
592,отправлен,2001-12-05 19:16:37.066923
593,создан,2010-04-11 08:41:22.458867
593,отправлен,2010-04-21 08:41:22.458867
593,доставлен,2010-04-26 08:41:22.458867
594,создан,2020-05-31 21:02:46.868258
594,отправлен,2020-08-26 21:02:46.868258
595,создан,2001-10-16 01:50:37.256419
596,создан,2011-11-15 03:36:57.087450
597,создан,1999-06-14 19:49:00.268908
597,отправлен,1999-09-13 19:49:00.268908
597,доставлен,1999-09-21 19:49:00.268908
598,создан,2009-10-17 10:04:12.937114
598,отправлен,2009-11-06 10:04:12.937114
598,доставлен,2009-12-01 10:04:12.937114
599,создан,1999-10-05 17:12:58.245422
599,отправлен,1999-11-22 17:12:58.245422
600,создан,2002-05-25 08:02:22.977203
600,отправлен,2002-08-19 08:02:22.977203
601,создан,1996-07-03 14:56:15.027237
601,отправлен,1996-09-30 14:56:15.027237
602,создан,2015-12-05 15:16:19.666178
602,отменен,2015-12-11 15:16:19.666178
603,создан,2017-06-04 10:39:54.476766
603,отправлен,2017-06-28 10:39:54.476766
603,доставлен,2017-07-24 10:39:54.476766
604,создан,2018-01-25 11:43:56.170849
604,отправлен,2018-03-02 11:43:56.170849
605,создан,2022-02-28 19:59:36.274280
605,отправлен,2022-04-17 19:59:36.274280
605,доставлен,2022-04-21 19:59:36.274280
606,создан,2023-10-30 18:16:43.536283
606,отправлен,2023-12-16 18:16:43.536283
607,создан,1995-08-16 15:02:12.157051
608,создан,2015-10-19 04:08:24.182293
608,отправлен,2016-01-16 04:08:24.182293
609,создан,1997-11-12 01:19:53.191155
609,отправлен,1997-11-24 01:19:53.191155
609,доставлен,1997-11-29 01:19:53.191155
610,создан,2011-02-06 18:45:33.338796
611,создан,2012-04-21 02:27:54.612727
611,отправлен,2012-06-25 02:27:54.612727
612,создан,2023-11-14 14:47:43.155044
612,отменен,2024-01-11 14:47:43.155044
613,создан,2002-12-10 06:06:47.675434
613,отправлен,2002-12-20 06:06:47.675434
613,доставлен,2003-01-09 06:06:47.675434
614,создан,2005-12-01 17:52:16.064246
614,отменен,2005-12-09 17:52:16.064246
615,создан,2020-11-18 14:23:46.680111
615,отправлен,2020-12-20 14:23:46.680111
615,доставлен,2021-01-01 14:23:46.680111
616,создан,1998-02-13 04:16:36.657742
617,создан,2011-06-30 07:35:48.825867
618,создан,2020-06-07 05:28:00.325511
618,отправлен,2020-07-03 05:28:00.325511
618,отменен,2020-07-23 05:28:00.325511
619,создан,1996-11-13 23:46:25.995872
620,создан,2019-09-26 21:37:51.588297
620,отправлен,2019-11-29 21:37:51.588297
620,отменен,2019-12-15 21:37:51.588297
621,создан,2011-08-09 00:39:43.920451
621,отправлен,2011-10-08 00:39:43.920451
621,доставлен,2011-10-30 00:39:43.920451
622,создан,2007-01-20 17:38:30.931371
622,отправлен,2007-02-15 17:38:30.931371
623,создан,2004-06-12 02:49:33.357492
623,отправлен,2004-06-14 02:49:33.357492
623,отменен,2004-06-24 02:49:33.357492
624,создан,2015-10-13 00:54:35.861865
624,отменен,2016-01-07 00:54:35.861865
625,создан,2019-11-07 13:43:08.285102
625,отправлен,2020-01-15 13:43:08.285102
626,создан,2007-05-11 13:06:09.214900
626,отправлен,2007-08-03 13:06:09.214900
627,создан,1995-01-07 11:40:48.689083
628,создан,2011-07-11 23:02:17.301186
628,отменен,2011-08-08 23:02:17.301186
629,создан,2007-10-01 15:57:50.165062
630,создан,2009-05-29 08:56:17.536436
630,отправлен,2009-07-16 08:56:17.536436
630,отменен,2009-07-30 08:56:17.536436
631,создан,2017-03-24 12:33:45.883347
631,отправлен,2017-04-22 12:33:45.883347
632,создан,2013-10-09 23:28:59.809562
632,отправлен,2013-10-28 23:28:59.809562
632,доставлен,2013-11-28 23:28:59.809562
633,создан,2022-03-25 23:56:43.552152
633,отправлен,2022-04-12 23:56:43.552152
633,доставлен,2022-05-05 23:56:43.552152
634,создан,2006-10-14 00:27:37.083279
634,отправлен,2006-10-21 00:27:37.083279
634,доставлен,2006-10-22 00:27:37.083279
635,создан,2013-03-25 03:25:28.129964
636,создан,2015-08-04 01:25:27.249316
637,создан,2022-03-14 14:04:12.787704
637,отправлен,2022-04-17 14:04:12.787704
637,отменен,2022-05-30 14:04:12.787704
638,создан,2000-02-22 08:16:42.282457
638,отправлен,2000-04-23 08:16:42.282457
639,создан,2022-02-28 03:03:42.248375
639,отправлен,2022-04-11 03:03:42.248375
640,создан,2018-06-21 23:11:07.098628
641,создан,2020-03-04 00:46:06.465626
641,отправлен,2020-03-08 00:46:06.465626
641,доставлен,2020-03-08 00:46:06.465626
642,создан,2013-08-29 09:52:31.473614
642,отправлен,2013-10-14 09:52:31.473614
642,отменен,2013-10-16 09:52:31.473614
643,создан,2001-08-16 09:28:45.984908
643,отправлен,2001-10-17 09:28:45.984908
644,создан,2016-03-16 01:43:43.595193
644,отправлен,2016-03-25 01:43:43.595193
644,доставлен,2016-05-24 01:43:43.595193
645,создан,2018-11-29 17:50:08.148788
645,отменен,2018-12-23 17:50:08.148788
646,создан,2003-05-25 09:22:28.921188
646,отправлен,2003-08-19 09:22:28.921188
647,создан,2020-09-02 09:04:54.124290
648,создан,2022-01-05 01:10:15.257385
648,отправлен,2022-03-19 01:10:15.257385
649,создан,2017-07-14 10:22:25.876625
649,отправлен,2017-07-17 10:22:25.876625
649,доставлен,2017-07-21 10:22:25.876625
650,создан,1998-08-23 07:15:25.382352
651,создан,2014-04-15 10:28:28.504350
651,отправлен,2014-06-02 10:28:28.504350
651,доставлен,2014-06-27 10:28:28.504350
652,создан,2020-11-01 13:55:02.399090
652,отменен,2020-11-06 13:55:02.399090
653,создан,2018-06-17 09:49:30.179660
654,создан,2020-02-09 08:25:30.628743
655,создан,2021-05-27 07:19:55.330081
655,отменен,2021-08-13 07:19:55.330081
656,создан,2009-03-29 15:16:02.812993
657,создан,2003-04-29 05:01:27.534322
657,отправлен,2003-05-27 05:01:27.534322
658,создан,2018-01-15 15:31:01.119828
659,создан,1995-08-23 11:57:19.344034
659,отправлен,1995-11-03 11:57:19.344034
659,доставлен,1995-11-13 11:57:19.344034
660,создан,2023-03-28 19:10:37.780787
660,отправлен,2023-04-02 19:10:37.780787
660,доставлен,2023-04-18 19:10:37.780787
661,создан,2021-10-23 16:44:51.475332
661,отменен,2021-12-02 16:44:51.475332
662,создан,2013-05-02 12:50:19.468273
662,отправлен,2013-06-04 12:50:19.468273
662,доставлен,2013-06-05 12:50:19.468273
663,создан,2004-02-22 18:23:00.157472
664,создан,2003-02-07 18:36:10.627286
664,отправлен,2003-04-17 18:36:10.627286
664,отменен,2003-05-08 18:36:10.627286
665,создан,2020-02-04 04:23:22.644104
665,отправлен,2020-02-13 04:23:22.644104
665,отменен,2020-02-20 04:23:22.644104
666,создан,2006-05-25 16:58:56.412639
666,отправлен,2006-07-16 16:58:56.412639
666,доставлен,2006-08-01 16:58:56.412639
667,создан,2015-11-11 02:38:48.913931
667,отправлен,2015-12-28 02:38:48.913931
668,создан,2003-12-03 02:36:35.706636
668,отправлен,2003-12-13 02:36:35.706636
668,доставлен,2004-02-03 02:36:35.706636
669,создан,2020-12-19 07:21:54.335962
669,отправлен,2020-12-21 07:21:54.335962
669,доставлен,2020-12-23 07:21:54.335962
670,создан,2023-01-22 11:00:44.145268
670,отправлен,2023-01-31 11:00:44.145268
670,доставлен,2023-02-02 11:00:44.145268
671,создан,2005-03-22 19:00:24.942984
671,отправлен,2005-06-07 19:00:24.942984
672,создан,2008-01-07 12:39:05.674797
673,создан,2019-07-05 09:08:29.830677
674,создан,2005-12-17 17:20:15.448678
675,создан,1995-12-18 16:40:08.187342
675,отменен,1996-03-03 16:40:08.187342
676,создан,2014-10-31 14:52:39.855625
677,создан,2007-04-10 00:01:02.799720
677,отправлен,2007-05-27 00:01:02.799720
677,отменен,2007-06-25 00:01:02.799720
678,создан,2012-04-20 08:25:22.975972
678,отправлен,2012-05-24 08:25:22.975972
679,создан,2012-08-29 09:08:26.520915
679,отправлен,2012-09-17 09:08:26.520915
679,доставлен,2012-11-06 09:08:26.520915
680,создан,1995-07-13 12:02:12.918905
681,создан,2022-02-23 22:53:10.004972
682,создан,2007-01-05 14:00:50.718485
682,отправлен,2007-02-17 14:00:50.718485
682,доставлен,2007-03-10 14:00:50.718485
683,создан,2015-09-22 04:26:39.813570
683,отправлен,2015-09-27 04:26:39.813570
683,доставлен,2015-10-04 04:26:39.813570
684,создан,2022-01-20 11:13:18.986979
684,отменен,2022-04-13 11:13:18.986979
685,создан,2009-04-18 00:24:18.876183
685,отправлен,2009-05-14 00:24:18.876183
686,создан,2011-12-03 19:36:00.813002
686,отправлен,2012-02-29 19:36:00.813002
687,создан,1999-01-20 14:44:30.937468
687,отправлен,1999-03-02 14:44:30.937468
687,отменен,1999-03-23 14:44:30.937468
688,создан,2019-03-03 05:12:09.859183
688,отменен,2019-05-13 05:12:09.859183
689,создан,2004-06-07 11:39:53.166779
689,отправлен,2004-06-12 11:39:53.166779
689,отменен,2004-06-12 11:39:53.166779
690,создан,2012-03-06 03:28:34.233191
690,отправлен,2012-04-04 03:28:34.233191
691,создан,2012-03-30 03:55:18.722141
692,создан,2023-03-30 06:41:48.096210
692,отправлен,2023-04-14 06:41:48.096210
692,доставлен,2023-06-27 06:41:48.096210
693,создан,1997-10-28 11:26:39.173667
693,отправлен,1997-11-22 11:26:39.173667
694,создан,2018-01-12 16:19:44.046146
694,отправлен,2018-02-03 16:19:44.046146
694,доставлен,2018-02-05 16:19:44.046146
695,создан,1996-02-03 03:15:57.740420
695,отправлен,1996-05-07 03:15:57.740420
696,создан,2005-01-18 14:15:38.636592
696,отправлен,2005-02-11 14:15:38.636592
697,создан,2015-12-16 18:48:17.993241
697,отправлен,2015-12-17 18:48:17.993241
697,доставлен,2015-12-29 18:48:17.993241
698,создан,2010-09-18 03:23:25.185044
699,создан,1996-03-25 16:10:13.632163
699,отправлен,1996-04-20 16:10:13.632163
699,доставлен,1996-04-24 16:10:13.632163
700,создан,2012-05-01 00:21:19.747656
700,отменен,2012-06-17 00:21:19.747656
701,создан,2005-04-25 09:49:37.674117
701,отправлен,2005-08-03 09:49:37.674117
702,создан,2002-02-25 20:13:13.946405
703,создан,2006-08-06 06:45:52.608272
703,отправлен,2006-09-21 06:45:52.608272
703,отменен,2006-10-13 06:45:52.608272
704,создан,2008-12-11 19:45:08.392817
704,отправлен,2009-02-19 19:45:08.392817
705,создан,2013-08-30 01:48:49.231797
705,отправлен,2013-10-18 01:48:49.231797
706,создан,2007-03-07 07:05:00.901403
707,создан,2005-12-15 02:17:43.429606
707,отправлен,2006-03-01 02:17:43.429606
708,создан,2013-05-04 08:37:38.267414
708,отправлен,2013-07-06 08:37:38.267414
708,доставлен,2013-07-06 08:37:38.267414
709,создан,2023-10-24 14:33:04.372248
709,отправлен,2024-01-03 14:33:04.372248
710,создан,2010-04-19 02:55:23.184877
710,отправлен,2010-04-24 02:55:23.184877
711,создан,2011-08-09 05:20:40.974067
711,отправлен,2011-09-01 05:20:40.974067
711,доставлен,2011-10-06 05:20:40.974067
712,создан,2011-02-17 14:33:09.788702
713,создан,2020-07-15 16:23:50.600332
713,отправлен,2020-08-12 16:23:50.600332
713,доставлен,2020-09-03 16:23:50.600332
714,создан,2020-06-20 08:23:51.176751
714,отправлен,2020-07-09 08:23:51.176751
715,создан,2003-09-16 08:18:14.555996
715,отправлен,2003-11-16 08:18:14.555996
715,доставлен,2003-12-22 08:18:14.555996
716,создан,1998-07-09 14:01:24.676655
716,отправлен,1998-07-11 14:01:24.676655
716,доставлен,1998-07-20 14:01:24.676655
717,создан,2017-04-12 01:24:34.844042
717,отправлен,2017-07-07 01:24:34.844042
718,создан,2021-07-03 16:22:43.837203
719,создан,2019-02-14 12:38:17.268902
719,отправлен,2019-02-28 12:38:17.268902
719,доставлен,2019-03-09 12:38:17.268902
720,создан,1999-08-09 13:12:02.605436
720,отправлен,1999-09-11 13:12:02.605436
720,доставлен,1999-09-15 13:12:02.605436
721,создан,2015-04-14 02:54:48.177847
721,отправлен,2015-05-09 02:54:48.177847
721,доставлен,2015-05-13 02:54:48.177847
722,создан,2020-01-24 12:16:36.343569
722,отменен,2020-04-28 12:16:36.343569
723,создан,2006-08-13 14:26:14.965976
724,создан,2005-09-16 20:34:16.326671
724,отправлен,2005-11-02 20:34:16.326671
724,доставлен,2005-11-05 20:34:16.326671
725,создан,2001-03-13 14:56:04.057262
726,создан,2019-10-31 01:39:46.294904
726,отправлен,2019-11-16 01:39:46.294904
726,отменен,2019-11-24 01:39:46.294904
727,создан,2010-08-09 07:06:34.991495
727,отправлен,2010-09-17 07:06:34.991495
727,доставлен,2010-11-04 07:06:34.991495
728,создан,2022-03-20 14:40:40.987444
728,отправлен,2022-05-22 14:40:40.987444
729,создан,2004-07-09 05:38:15.931488
729,отправлен,2004-10-15 05:38:15.931488
730,создан,2002-01-30 04:02:07.838473
730,отправлен,2002-02-06 04:02:07.838473
730,доставлен,2002-02-21 04:02:07.838473
731,создан,2000-09-18 06:08:27.898883
731,отправлен,2000-10-29 06:08:27.898883
731,доставлен,2000-11-19 06:08:27.898883
732,создан,2001-05-16 05:12:18.266390
732,отправлен,2001-07-06 05:12:18.266390
733,создан,1995-10-16 11:52:19.429536
733,отправлен,1995-10-21 11:52:19.429536
733,доставлен,1995-10-21 11:52:19.429536
734,создан,1997-01-11 05:31:56.316604
735,создан,2020-06-18 23:41:13.955343
736,создан,2020-11-03 06:27:53.168728
736,отправлен,2020-11-22 06:27:53.168728
737,создан,2011-03-15 12:37:48.481834
737,отправлен,2011-05-06 12:37:48.481834
738,создан,2015-02-26 15:35:02.605551
739,создан,2024-04-02 23:43:51.034728
740,создан,2009-09-23 09:38:55.273060
740,отменен,2009-10-27 09:38:55.273060
741,создан,2021-04-21 02:18:42.319999
741,отменен,2021-05-02 02:18:42.319999
742,создан,1996-08-28 12:32:45.751555
742,отправлен,1996-09-11 12:32:45.751555
742,доставлен,1996-09-20 12:32:45.751555
743,создан,2014-09-13 23:38:27.424453
743,отправлен,2014-10-22 23:38:27.424453
743,отменен,2014-11-15 23:38:27.424453
744,создан,2000-02-08 02:35:32.227261
744,отменен,2000-05-09 02:35:32.227261
745,создан,2014-12-03 09:18:50.744582
745,отправлен,2014-12-23 09:18:50.744582
745,отменен,2015-01-28 09:18:50.744582
746,создан,1999-05-22 13:56:17.430367
746,отправлен,1999-08-08 13:56:17.430367
747,создан,1999-02-09 09:10:20.981195
748,создан,2001-12-10 10:58:50.577899
748,отправлен,2002-01-19 10:58:50.577899
749,создан,2008-03-12 08:37:05.786003
749,отправлен,2008-03-19 08:37:05.786003
749,доставлен,2008-05-07 08:37:05.786003
750,создан,1997-01-13 17:46:59.370202
750,отправлен,1997-01-29 17:46:59.370202
750,отменен,1997-04-13 17:46:59.370202
751,создан,2015-04-26 21:02:25.968511
751,отменен,2015-08-04 21:02:25.968511
752,создан,2023-08-02 09:57:42.698370
752,отменен,2023-09-14 09:57:42.698370
753,создан,1994-11-20 04:33:30.683573
753,отправлен,1995-01-04 04:33:30.683573
754,создан,2006-08-12 09:10:07.582322
755,создан,2017-06-24 10:30:01.323455
756,создан,2003-10-21 23:57:46.960402
757,создан,2019-08-16 17:01:06.497300
757,отправлен,2019-08-26 17:01:06.497300
757,доставлен,2019-09-02 17:01:06.497300
758,создан,1997-07-23 13:42:55.876651
758,отправлен,1997-07-24 13:42:55.876651
758,доставлен,1997-08-20 13:42:55.876651
759,создан,2017-08-18 14:14:44.260084
760,создан,2002-12-17 01:51:43.412552
760,отправлен,2003-02-14 01:51:43.412552
760,доставлен,2003-03-19 01:51:43.412552
761,создан,2013-01-06 15:23:30.871439
761,отправлен,2013-02-07 15:23:30.871439
762,создан,2020-07-11 07:16:48.465193
762,отправлен,2020-10-05 07:16:48.465193
763,создан,2010-02-23 02:29:32.165892
763,отменен,2010-05-21 02:29:32.165892
764,создан,2018-03-30 00:30:31.933198
764,отправлен,2018-06-19 00:30:31.933198
765,создан,1995-06-24 01:22:01.723356
766,создан,2022-03-18 09:30:15.573434
766,отправлен,2022-03-23 09:30:15.573434
766,доставлен,2022-04-14 09:30:15.573434
767,создан,2012-10-19 04:01:23.313396
767,отправлен,2012-12-01 04:01:23.313396
767,доставлен,2013-01-04 04:01:23.313396
768,создан,1999-06-10 18:56:20.401276
768,отправлен,1999-06-27 18:56:20.401276
768,доставлен,1999-07-26 18:56:20.401276
769,создан,2015-11-28 15:57:51.123576
769,отправлен,2015-12-06 15:57:51.123576
769,отменен,2015-12-23 15:57:51.123576
770,создан,1998-07-01 15:12:35.059776
770,отправлен,1998-09-11 15:12:35.059776
771,создан,2007-04-07 07:15:23.786815
771,отправлен,2007-05-16 07:15:23.786815
771,доставлен,2007-06-18 07:15:23.786815
772,создан,2016-10-15 20:46:26.392400
772,отправлен,2016-11-16 20:46:26.392400
772,отменен,2016-12-18 20:46:26.392400
773,создан,2010-05-03 20:59:30.274422
773,отправлен,2010-05-07 20:59:30.274422
773,отменен,2010-07-28 20:59:30.274422
774,создан,2004-07-14 22:22:46.622942
775,создан,1995-08-18 06:25:59.563448
776,создан,1994-11-17 08:44:50.039842
776,отправлен,1995-01-06 08:44:50.039842
777,создан,2018-11-12 05:14:36.870947
778,создан,2018-03-30 21:18:33.456316
778,отправлен,2018-06-03 21:18:33.456316
778,доставлен,2018-06-23 21:18:33.456316
779,создан,2006-09-10 00:40:10.992808
779,отправлен,2006-11-04 00:40:10.992808
779,доставлен,2006-11-29 00:40:10.992808
780,создан,2013-11-25 12:48:19.042838
781,создан,2005-04-15 12:33:08.197085
781,отменен,2005-04-26 12:33:08.197085
782,создан,1998-10-13 16:34:49.685215
783,создан,2020-10-04 02:54:00.003511
783,отправлен,2020-10-17 02:54:00.003511
783,отменен,2020-10-28 02:54:00.003511
784,создан,2013-11-06 17:18:58.504827
784,отправлен,2013-12-29 17:18:58.504827
784,отменен,2014-01-14 17:18:58.504827
785,создан,1998-10-06 19:36:53.285716
785,отправлен,1998-10-17 19:36:53.285716
785,доставлен,1998-10-22 19:36:53.285716
786,создан,2004-04-30 08:46:42.302018
787,создан,2011-06-17 11:52:08.296296
787,отправлен,2011-07-26 11:52:08.296296
787,отменен,2011-09-04 11:52:08.296296
788,создан,2007-04-12 08:39:54.251256
788,отправлен,2007-07-06 08:39:54.251256
789,создан,2000-12-11 04:43:59.269670
790,создан,2019-08-10 08:06:36.379614
790,отправлен,2019-09-07 08:06:36.379614
790,отменен,2019-09-13 08:06:36.379614
791,создан,2022-04-27 06:12:59.023588
791,отменен,2022-07-25 06:12:59.023588
792,создан,2022-05-13 04:30:50.144786
792,отправлен,2022-07-07 04:30:50.144786
792,отменен,2022-07-08 04:30:50.144786
793,создан,2014-08-14 08:12:38.852601
793,отменен,2014-08-19 08:12:38.852601
794,создан,1995-08-05 05:24:26.931595
794,отправлен,1995-09-02 05:24:26.931595
795,создан,1995-08-18 07:24:37.592867
795,отправлен,1995-09-26 07:24:37.592867
795,доставлен,1995-09-26 07:24:37.592867
796,создан,2018-02-14 21:04:03.234572
796,отправлен,2018-04-05 21:04:03.234572
797,создан,2004-12-11 12:30:45.549467
798,создан,2002-07-05 05:44:18.752232
798,отправлен,2002-07-12 05:44:18.752232
798,отменен,2002-09-07 05:44:18.752232
799,создан,2020-07-08 00:26:36.569133
799,отменен,2020-09-11 00:26:36.569133
800,создан,2023-09-06 17:34:30.875357
800,отправлен,2023-12-03 17:34:30.875357
800,доставлен,2023-12-05 17:34:30.875357
801,создан,2013-04-15 11:31:10.674191
801,отправлен,2013-07-03 11:31:10.674191
801,доставлен,2013-07-05 11:31:10.674191
802,создан,2021-08-25 02:50:01.917793
802,отправлен,2021-10-08 02:50:01.917793
802,доставлен,2021-10-28 02:50:01.917793
803,создан,1996-11-16 15:03:20.663855
803,отправлен,1997-01-27 15:03:20.663855
803,доставлен,1997-01-27 15:03:20.663855
804,создан,2000-02-22 01:56:18.169975
804,отправлен,2000-05-06 01:56:18.169975
805,создан,2003-03-14 03:16:46.312708
806,создан,2010-06-09 17:51:01.994868
806,отправлен,2010-08-02 17:51:01.994868
806,доставлен,2010-08-17 17:51:01.994868
807,создан,2017-03-17 01:01:53.904323
807,отменен,2017-03-19 01:01:53.904323
808,создан,2011-05-13 23:08:44.413913
809,создан,2007-06-21 15:04:00.525285
809,отправлен,2007-07-30 15:04:00.525285
809,доставлен,2007-09-24 15:04:00.525285
810,создан,2015-05-18 16:30:51.432497
810,отменен,2015-07-28 16:30:51.432497
811,создан,2009-06-09 16:13:19.790281
812,создан,2011-04-16 17:31:39.448382
813,создан,2011-08-29 06:51:24.497986
814,создан,2013-01-06 07:47:28.453654
814,отправлен,2013-01-26 07:47:28.453654
814,отменен,2013-02-02 07:47:28.453654
815,создан,1998-01-01 17:14:55.110712
815,отправлен,1998-03-23 17:14:55.110712
816,создан,2005-04-03 17:24:31.925719
817,создан,2011-09-21 01:58:42.966229
817,отправлен,2011-10-11 01:58:42.966229
817,доставлен,2011-12-02 01:58:42.966229
818,создан,2018-04-07 04:13:20.128464
818,отправлен,2018-05-08 04:13:20.128464
819,создан,2022-10-22 22:22:24.716500
820,создан,2011-06-06 22:22:39.577925
821,создан,2018-12-24 06:20:48.297813
822,создан,2019-09-27 00:20:25.058710
822,отменен,2019-11-24 00:20:25.058710
823,создан,2004-04-10 04:21:48.950393
823,отменен,2004-06-05 04:21:48.950393
824,создан,2000-03-20 09:36:05.187290
824,отправлен,2000-03-21 09:36:05.187290
824,доставлен,2000-03-21 09:36:05.187290
825,создан,2013-06-26 06:51:07.231239
825,отправлен,2013-07-09 06:51:07.231239
825,доставлен,2013-08-08 06:51:07.231239
826,создан,1998-08-11 08:05:33.249513
826,отправлен,1998-10-02 08:05:33.249513
827,создан,2000-05-22 03:08:00.390735
827,отменен,2000-06-21 03:08:00.390735
828,создан,1999-12-15 09:02:38.238876
828,отправлен,1999-12-26 09:02:38.238876
829,создан,2022-05-15 03:34:24.498512
829,отменен,2022-06-16 03:34:24.498512
830,создан,2019-08-28 11:42:39.415249
830,отправлен,2019-09-10 11:42:39.415249
831,создан,2014-10-23 11:50:31.647757
831,отправлен,2014-11-10 11:50:31.647757
832,создан,2009-09-20 18:03:32.862003
832,отменен,2009-12-20 18:03:32.862003
833,создан,2016-12-18 10:18:46.463841
833,отменен,2017-02-14 10:18:46.463841
834,создан,2005-03-21 20:53:48.745068
834,отправлен,2005-05-03 20:53:48.745068
835,создан,2008-09-22 15:01:21.033106
836,создан,2015-09-13 22:37:56.378791
836,отправлен,2015-09-22 22:37:56.378791
836,отменен,2015-10-11 22:37:56.378791
837,создан,1998-04-05 04:31:49.109393
838,создан,2009-08-27 15:41:58.743120
838,отправлен,2009-10-24 15:41:58.743120
838,отменен,2009-11-11 15:41:58.743120
839,создан,2023-08-04 18:11:41.936188
839,отправлен,2023-09-07 18:11:41.936188
839,отменен,2023-09-13 18:11:41.936188
840,создан,2024-01-21 03:15:28.201333
840,отправлен,2024-01-29 03:15:28.201333
840,доставлен,2024-04-17 03:15:28.201333
841,создан,2018-02-08 07:58:17.765006
841,отправлен,2018-02-14 07:58:17.765006
841,доставлен,2018-03-01 07:58:17.765006
842,создан,2015-08-19 03:31:29.550570
842,отправлен,2015-08-25 03:31:29.550570
842,отменен,2015-09-02 03:31:29.550570
843,создан,2022-10-09 23:40:29.944766
843,отправлен,2023-01-11 23:40:29.944766
844,создан,1998-07-21 07:46:29.076831
844,отменен,1998-10-26 07:46:29.076831
845,создан,2000-08-02 22:25:04.147781
845,отправлен,2000-08-04 22:25:04.147781
845,отменен,2000-09-28 22:25:04.147781
846,создан,1999-09-01 21:02:28.348584
847,создан,2010-01-12 16:56:10.121442
847,отправлен,2010-04-19 16:56:10.121442
848,создан,2003-11-07 01:47:16.830419
849,создан,2020-02-08 17:33:24.010418
849,отправлен,2020-05-17 17:33:24.010418
850,создан,2011-12-31 08:00:06.821745
850,отправлен,2012-01-02 08:00:06.821745
850,доставлен,2012-01-07 08:00:06.821745
851,создан,2002-09-20 20:50:17.321216
852,создан,2019-11-17 07:48:38.733831
852,отменен,2020-01-04 07:48:38.733831
853,создан,2014-07-11 03:14:37.939727
853,отправлен,2014-07-17 03:14:37.939727
854,создан,2000-11-17 08:26:04.206178
854,отправлен,2001-02-13 08:26:04.206178
855,создан,2005-12-29 22:27:28.078600
855,отправлен,2006-01-26 22:27:28.078600
855,отменен,2006-02-13 22:27:28.078600
856,создан,2021-03-31 04:25:39.613505
857,создан,2014-10-05 13:47:09.740335
858,создан,2014-07-12 18:53:09.319704
859,создан,2023-10-28 19:53:23.536804
860,создан,1996-04-27 02:13:06.672995
861,создан,1994-11-12 13:10:38.124282
862,создан,1997-08-05 09:33:46.952705
862,отправлен,1997-11-05 09:33:46.952705
862,доставлен,1997-11-13 09:33:46.952705
863,создан,2013-06-13 14:47:02.296097
864,создан,2017-04-01 16:34:58.831588
864,отправлен,2017-04-03 16:34:58.831588
864,доставлен,2017-04-04 16:34:58.831588
865,создан,1995-09-26 22:13:23.838423
865,отправлен,1995-12-23 22:13:23.838423
866,создан,2002-06-08 22:46:51.974963
866,отправлен,2002-07-16 22:46:51.974963
867,создан,2010-07-26 08:17:42.508890
867,отправлен,2010-10-09 08:17:42.508890
868,создан,2008-03-25 11:56:48.537936
868,отправлен,2008-04-03 11:56:48.537936
868,доставлен,2008-04-07 11:56:48.537936
869,создан,2005-02-21 03:16:06.174360
870,создан,1997-04-04 03:50:11.559290
871,создан,2024-02-19 19:10:17.031889
872,создан,2014-04-01 15:07:23.136313
872,отменен,2014-04-22 15:07:23.136313
873,создан,2000-10-19 16:01:05.038389
873,отправлен,2000-10-20 16:01:05.038389
873,доставлен,2000-11-11 16:01:05.038389
874,создан,2019-02-22 01:33:56.809404
874,отменен,2019-04-28 01:33:56.809404
875,создан,1996-10-13 10:46:48.018692
875,отправлен,1997-01-07 10:46:48.018692
876,создан,2013-12-21 12:54:56.599745
876,отправлен,2013-12-28 12:54:56.599745
876,отменен,2014-01-04 12:54:56.599745
877,создан,2022-05-10 23:56:49.712259
877,отправлен,2022-05-17 23:56:49.712259
878,создан,2005-05-27 10:19:28.234596
878,отправлен,2005-06-15 10:19:28.234596
878,доставлен,2005-06-19 10:19:28.234596
879,создан,2004-04-06 19:16:08.220457
879,отправлен,2004-06-12 19:16:08.220457
879,доставлен,2004-06-28 19:16:08.220457
880,создан,2019-12-17 09:53:30.273182
880,отправлен,2019-12-29 09:53:30.273182
880,доставлен,2020-01-07 09:53:30.273182
881,создан,2009-06-23 07:49:29.462348
881,отправлен,2009-07-07 07:49:29.462348
881,отменен,2009-07-15 07:49:29.462348
882,создан,2008-12-24 07:40:48.037064
882,отменен,2009-01-11 07:40:48.037064
883,создан,2023-02-08 20:29:31.987306
883,отменен,2023-02-19 20:29:31.987306
884,создан,2014-02-20 20:23:27.679213
884,отправлен,2014-03-04 20:23:27.679213
884,отменен,2014-04-06 20:23:27.679213
885,создан,2016-07-17 04:33:33.478795
886,создан,2013-01-12 17:12:28.780545
887,создан,2009-02-20 10:33:46.816606
887,отправлен,2009-05-21 10:33:46.816606
888,создан,2009-02-07 19:15:24.516472
888,отправлен,2009-04-03 19:15:24.516472
888,доставлен,2009-05-14 19:15:24.516472
889,создан,2015-10-13 19:41:41.331005
889,отправлен,2015-10-30 19:41:41.331005
889,отменен,2015-12-28 19:41:41.331005
890,создан,2012-02-29 10:51:56.504364
890,отменен,2012-04-23 10:51:56.504364
891,создан,1997-05-10 10:50:13.084375
891,отправлен,1997-07-05 10:50:13.084375
891,доставлен,1997-07-22 10:50:13.084375
892,создан,2021-08-31 10:03:10.642608
893,создан,2016-08-17 01:00:47.115734
893,отправлен,2016-10-16 01:00:47.115734
894,создан,2019-11-07 01:59:50.951401
894,отменен,2019-12-11 01:59:50.951401
895,создан,2021-07-17 08:20:44.054007
895,отправлен,2021-08-28 08:20:44.054007
896,создан,2015-11-23 20:01:48.946128
896,отменен,2016-02-08 20:01:48.946128
897,создан,1996-01-02 04:42:56.324028
897,отправлен,1996-02-29 04:42:56.324028
898,создан,2013-08-31 02:25:08.565869
899,создан,1997-02-06 23:40:54.165651
899,отменен,1997-05-11 23:40:54.165651
900,создан,2002-11-08 21:08:09.898811
900,отменен,2003-01-25 21:08:09.898811
901,создан,1998-05-08 17:20:15.053818
901,отправлен,1998-08-12 17:20:15.053818
902,создан,2002-08-06 18:26:56.508951
902,отправлен,2002-08-14 18:26:56.508951
903,создан,2017-06-17 19:26:04.923483
903,отправлен,2017-07-10 19:26:04.923483
903,отменен,2017-07-24 19:26:04.923483
904,создан,2018-11-18 20:18:33.519768
904,отменен,2018-12-04 20:18:33.519768
905,создан,2013-01-23 23:33:58.901196
905,отправлен,2013-02-28 23:33:58.901196
905,доставлен,2013-05-02 23:33:58.901196
906,создан,1997-11-13 23:27:32.324463
906,отменен,1997-11-15 23:27:32.324463
907,создан,2013-12-20 16:11:49.927144
907,отправлен,2014-01-02 16:11:49.927144
907,доставлен,2014-01-22 16:11:49.927144
908,создан,2014-08-31 14:39:41.689596
909,создан,2012-04-05 04:28:50.328558
909,отправлен,2012-04-09 04:28:50.328558
910,создан,2020-05-04 03:48:46.325860
910,отправлен,2020-05-06 03:48:46.325860
910,доставлен,2020-06-29 03:48:46.325860
911,создан,2012-12-10 14:18:08.470280
911,отправлен,2013-02-13 14:18:08.470280
912,создан,2015-12-27 04:38:20.387214
913,создан,1995-12-18 15:52:45.989251
913,отправлен,1996-01-23 15:52:45.989251
914,создан,2007-02-23 16:54:13.256712
914,отправлен,2007-03-05 16:54:13.256712
914,доставлен,2007-03-09 16:54:13.256712
915,создан,2013-03-07 16:04:27.561087
915,отправлен,2013-06-14 16:04:27.561087
916,создан,1996-11-04 01:02:31.936406
917,создан,2022-03-29 07:43:44.701735
917,отправлен,2022-05-20 07:43:44.701735
917,доставлен,2022-06-11 07:43:44.701735
918,создан,2009-12-09 14:46:11.453059
918,отправлен,2010-03-12 14:46:11.453059
918,отменен,2010-03-14 14:46:11.453059
919,создан,2010-02-14 17:01:38.193259
920,создан,2015-04-28 07:07:07.532384
920,отменен,2015-07-17 07:07:07.532384
921,создан,2003-08-20 16:55:11.710440
922,создан,2007-03-30 14:27:37.845262
922,отправлен,2007-04-06 14:27:37.845262
922,отменен,2007-05-05 14:27:37.845262
923,создан,2008-09-11 10:52:45.372652
924,создан,2002-01-01 11:33:30.345725
925,создан,2024-04-04 11:37:39.333000
926,создан,2011-09-10 21:09:50.599966
926,отправлен,2011-09-14 21:09:50.599966
926,отменен,2011-12-13 21:09:50.599966
927,создан,2007-10-21 13:14:24.129398
927,отменен,2007-12-27 13:14:24.129398
928,создан,2008-11-08 02:39:09.903003
928,отправлен,2009-01-12 02:39:09.903003
929,создан,2007-11-19 12:27:09.180881
929,отменен,2008-02-17 12:27:09.180881
930,создан,2001-11-26 05:52:33.805962
930,отправлен,2001-12-02 05:52:33.805962
930,отменен,2001-12-08 05:52:33.805962
931,создан,2003-02-01 15:55:22.955412
931,отправлен,2003-02-03 15:55:22.955412
931,доставлен,2003-03-02 15:55:22.955412
932,создан,2012-10-14 16:46:33.375185
933,создан,2008-04-20 11:37:45.044834
933,отправлен,2008-05-27 11:37:45.044834
933,отменен,2008-05-27 11:37:45.044834
934,создан,1998-04-10 05:44:25.514159
935,создан,2017-08-04 21:44:54.091167
936,создан,2021-08-04 14:51:33.949380
936,отправлен,2021-08-12 14:51:33.949380
936,отменен,2021-08-13 14:51:33.949380
937,создан,2005-07-30 13:07:49.132917
937,отменен,2005-10-03 13:07:49.132917
938,создан,2003-10-08 23:28:17.961248
938,отправлен,2003-12-26 23:28:17.961248
939,создан,2014-07-13 17:43:33.397197
940,создан,2003-10-11 23:43:15.519780
940,отправлен,2003-11-21 23:43:15.519780
940,доставлен,2003-12-04 23:43:15.519780
941,создан,2012-10-17 19:36:43.405741
942,создан,1999-03-24 21:09:45.981236
943,создан,2017-12-14 11:49:23.809955
943,отправлен,2017-12-16 11:49:23.809955
943,доставлен,2017-12-22 11:49:23.809955
944,создан,1996-03-23 16:00:07.824283
945,создан,2021-05-20 11:49:57.592830
946,создан,2000-11-27 12:28:11.956288
946,отправлен,2000-12-16 12:28:11.956288
946,доставлен,2001-01-10 12:28:11.956288
947,создан,2019-08-30 09:37:47.989614
948,создан,2001-05-25 07:18:59.017032
948,отменен,2001-06-04 07:18:59.017032
949,создан,1997-11-13 19:24:21.351103
949,отправлен,1998-01-29 19:24:21.351103
949,доставлен,1998-01-29 19:24:21.351103
950,создан,2009-01-19 07:53:17.266447
951,создан,2017-12-06 07:37:45.253361
951,отправлен,2018-01-07 07:37:45.253361
952,создан,2009-10-12 21:42:21.696708
952,отправлен,2009-11-02 21:42:21.696708
953,создан,2016-10-09 04:18:29.957021
953,отправлен,2016-12-26 04:18:29.957021
954,создан,1998-05-24 12:34:29.235546
954,отправлен,1998-06-04 12:34:29.235546
954,доставлен,1998-06-13 12:34:29.235546
955,создан,1996-07-27 16:01:43.351191
955,отправлен,1996-08-17 16:01:43.351191
956,создан,2000-09-28 15:46:43.346710
957,создан,2016-12-05 09:00:53.518139
957,отправлен,2017-01-10 09:00:53.518139
958,создан,1999-10-06 08:39:59.558959
958,отправлен,1999-12-31 08:39:59.558959
959,создан,2008-09-20 00:06:00.485628
959,отменен,2008-10-20 00:06:00.485628
960,создан,2008-08-08 07:07:26.218166
960,отправлен,2008-09-27 07:07:26.218166
961,создан,1998-10-09 01:07:11.301978
962,создан,2017-06-09 02:13:05.197667
962,отправлен,2017-07-02 02:13:05.197667
962,доставлен,2017-08-13 02:13:05.197667
963,создан,2003-12-20 20:20:09.198534
963,отправлен,2003-12-22 20:20:09.198534
963,доставлен,2004-02-03 20:20:09.198534
964,создан,2008-06-27 19:41:47.616182
964,отправлен,2008-10-01 19:41:47.616182
965,создан,1999-11-22 20:56:24.047188
966,создан,2021-09-10 00:07:13.453416
966,отправлен,2021-12-18 00:07:13.453416
967,создан,2009-11-30 14:05:31.506996
967,отменен,2009-12-12 14:05:31.506996
968,создан,1997-11-27 03:46:23.805228
969,создан,2014-12-21 13:55:54.319792
969,отправлен,2015-02-15 13:55:54.319792
970,создан,2013-08-12 20:03:02.690736
971,создан,2014-11-11 02:18:11.499290
971,отправлен,2014-12-03 02:18:11.499290
972,создан,2003-09-07 14:32:51.459558
972,отправлен,2003-09-28 14:32:51.459558
972,доставлен,2003-10-12 14:32:51.459558
973,создан,2017-02-01 01:02:00.668972
973,отправлен,2017-02-03 01:02:00.668972
973,отменен,2017-02-08 01:02:00.668972
974,создан,2018-06-21 04:14:08.083549
974,отменен,2018-09-25 04:14:08.083549
975,создан,2010-09-05 22:55:26.894138
975,отправлен,2010-10-30 22:55:26.894138
975,отменен,2010-11-05 22:55:26.894138
976,создан,2011-11-16 15:23:20.150654
977,создан,1999-09-17 14:12:23.997675
977,отправлен,1999-10-18 14:12:23.997675
977,доставлен,1999-11-29 14:12:23.997675
978,создан,2001-12-10 18:12:40.376071
978,отправлен,2002-01-23 18:12:40.376071
978,доставлен,2002-03-15 18:12:40.376071
979,создан,2008-05-28 19:58:36.714131
979,отменен,2008-08-04 19:58:36.714131
980,создан,2001-11-19 17:50:18.578352
980,отправлен,2001-12-01 17:50:18.578352
980,доставлен,2002-02-03 17:50:18.578352
981,создан,2018-05-02 10:13:09.511197
982,создан,2006-09-26 03:35:30.900780
983,создан,2009-06-20 12:24:16.362175
983,отправлен,2009-07-25 12:24:16.362175
983,доставлен,2009-07-29 12:24:16.362175
984,создан,1999-07-30 10:12:23.387807
984,отправлен,1999-08-26 10:12:23.387807
984,доставлен,1999-11-03 10:12:23.387807
985,создан,1994-12-12 15:02:10.352674
986,создан,2006-04-23 01:40:18.522711
986,отменен,2006-05-11 01:40:18.522711
987,создан,2008-12-22 14:24:04.101231
987,отправлен,2009-02-09 14:24:04.101231
987,доставлен,2009-04-01 14:24:04.101231
988,создан,2015-01-29 22:05:47.735126
989,создан,2015-05-16 09:19:19.634444
989,отправлен,2015-07-04 09:19:19.634444
989,доставлен,2015-08-08 09:19:19.634444
990,создан,2013-07-02 17:19:28.624687
990,отправлен,2013-07-07 17:19:28.624687
990,доставлен,2013-08-23 17:19:28.624687
991,создан,2007-05-09 18:06:12.251176
992,создан,2022-06-21 09:22:30.539438
992,отменен,2022-07-01 09:22:30.539438
993,создан,2008-02-02 15:57:48.353235
993,отправлен,2008-04-02 15:57:48.353235
993,доставлен,2008-04-18 15:57:48.353235
994,создан,2021-12-11 01:35:23.495338
994,отправлен,2022-01-28 01:35:23.495338
995,создан,2006-10-08 15:32:59.528784
996,создан,2005-03-30 23:43:25.147465
996,отменен,2005-04-14 23:43:25.147465
997,создан,2005-07-27 03:04:47.561195
997,отменен,2005-09-24 03:04:47.561195
998,создан,1997-08-19 10:46:34.825532
998,отменен,1997-11-06 10:46:34.825532
999,создан,2020-10-13 01:15:45.957992
1000,создан,2003-01-12 19:32:01.423414
1000,отправлен,2003-04-10 19:32:01.423414
1000,доставлен,2003-04-22 19:32:01.423414
1001,создан,1997-10-16 13:38:37.661932
1001,отправлен,1997-11-06 13:38:37.661932
1001,доставлен,1997-11-20 13:38:37.661932
