user_type,name,phone,email
юр,ООО «Лазарев Вишняков»,+7 (272) 251-8191,lidija08@example.org
физ,Ярополк Бенедиктович Гришин,+7 (811) 361-3945,filimon_63@example.org
юр,НПО «Мясников»,+7 (857) 535-66-51,sokolovsolomon@example.org
физ,Марфа Эльдаровна Виноградова,8 706 582 7687,timofeteterin@example.com
физ,Тарасова Вера Тарасовна,+7 (997) 258-5654,iosif_69@example.com
физ,Котов Артемий Теймуразович,8 (689) 102-5988,miliartemev@example.net
юр,ООО «Макарова-Артемьев»,83462791791,mir1987@example.com
физ,Филарет Данилович Яковлев,+7 926 337 60 28,gerasim68@example.com
юр,ОАО «Пестова Воронова»,+7 354 189 27 39,fomichevsila@example.org
физ,Гуляева Акулина Александровна,8 898 367 5850,feliks_2022@example.org
юр,РАО «Беляев-Ефимова»,8 (579) 170-7419,lazarevkapiton@example.com
физ,Фомичева Октябрина Ефимовна,8 817 976 80 04,ksenija_85@example.com
физ,Элеонора Егоровна Беляева,+7 (495) 216-16-13,porfiriteterin@example.org
юр,Дочки-Сыночки,+79282974996,ostromir86@example.com
юр,ИП «Миронова Соловьева»,+7 912 708 6912,lukjan_51@example.com
юр,"ИП «Соколов, Воронцов и Доронин»",8 599 570 7010,radim43@example.org
юр,НПО «Блинова-Попова»,8 794 051 8394,kuprijan89@example.com
физ,Фёкла Викторовна Артемьева,8 (754) 458-47-74,agap2020@example.com
физ,Мстислав Зиновьевич Захаров,+7 (519) 182-7714,parfen82@example.net
физ,Третьяков Афиноген Арсенович,84977505493,jakovlevdobromisl@example.org
юр,ГВСУ по специальным объектам,8 821 687 4172,silinaklavdija@example.org
физ,Алексеев Януарий Арсенович,+77088020985,nazarovtrifon@example.net
физ,Аникей Ильич Панов,8 935 504 9993,xemeljanova@example.com
юр,ЗАО «Никонов»,8 049 437 5061,ivan82@example.com
физ,София Афанасьевна Исаева,+7 (558) 734-3967,pahomovilja@example.org
юр,ОАО «Медведев Панов»,+71945973610,modest1985@example.net
юр,АО «Журавлева Дементьев»,8 158 486 53 68,trofim_1971@example.net
юр,Водоканал Санкт-Петербурга,+77245779767,enesterova@example.org
физ,Матвеев Амос Ильич,8 (430) 873-59-35,jgalkina@example.com
физ,Любовь Архиповна Рожкова,85219938133,fominkapiton@example.com
юр,ОАО «Крылов-Медведева»,8 035 165 52 38,nikanor97@example.org
физ,Нифонт Фокич Титов,8 735 240 3529,selivanbikov@example.org
юр,ИП «Харитонова-Родионова»,89049005406,nikitaisaev@example.net
юр,ИП «Лобанов-Кулагин»,+7 815 202 90 43,kirillnaumov@example.net
юр,РАО «Белозеров»,8 (158) 525-44-00,ribakovjulian@example.org
физ,Ольга Артемовна Рябова,+7 (531) 256-82-60,antip2001@example.org
юр,"ЗАО «Белоусова, Павлов и Исаев»",+7 (435) 774-1877,kazimirmuravev@example.net
физ,Михеева Валентина Львовна,+7 (838) 531-96-69,mishinaregina@example.net
физ,Аким Абрамович Юдин,8 (977) 989-16-92,jakub_2007@example.net
юр,АО «Афанасьева-Попов»,84057334366,aristarhstrelkov@example.net
юр,"АО «Калашников, Кудрявцева и Гурьев»",+78780583996,moise_57@example.org
физ,Самсонов Сила Чеславович,82220619401,dmitrievaalevtina@example.org
юр,Степанов Лимитед,8 (792) 064-95-95,ipati_2016@example.com
юр,ЗАО «Михайлов-Зыков»,8 763 590 24 31,velimir_1989@example.net
юр,ОАО «Трофимов»,8 665 887 77 63,vjacheslav39@example.org
физ,Демид Федотович Киселев,88418026967,innokenti54@example.org
физ,Зосима Ааронович Никитин,+7 (193) 864-1928,sorokinafevronija@example.net
физ,Панова Александра Макаровна,+7 078 519 82 55,beljakovbojan@example.net
юр,Буров Лимитед,+7 014 310 3205,safonovamarfa@example.com
физ,Марков Филимон Артурович,8 026 327 63 87,agafja_25@example.org
физ,Зосима Ярославович Лапин,86353345947,afinogensuvorov@example.com
юр,РАО «Морозов-Мартынова»,8 (258) 644-5897,brodionov@example.com
юр,"ОАО «Степанова, Ефремова и Евсеев»",+7 (193) 233-43-91,avde1981@example.org
юр,Федосеев Инк,+7 591 707 98 30,sokolovapollon@example.net
физ,Натан Харитонович Шашков,8 345 203 9429,kgureva@example.net
физ,Лариса Анатольевна Меркушева,8 052 736 75 26,fomichevanadezhda@example.net
физ,Лора Антоновна Сорокина,+7 627 401 41 08,adrianefremov@example.org
физ,Ершов Аркадий Феодосьевич,+76428874801,tturova@example.net
физ,Беляева Октябрина Васильевна,8 (696) 066-66-81,grishinaalina@example.net
юр,ООО «Тихонов-Носов»,8 (410) 172-1754,azari40@example.org
физ,Фаина Харитоновна Артемьева,8 (668) 455-4161,radislav92@example.net
юр,ОАО «Лазарева»,+7 012 878 0714,modest2013@example.org
физ,Савина Юлия Кузьминична,+7 281 638 8040,pimenpanov@example.com
физ,Ирина Тарасовна Никитина,+7 (626) 398-93-43,larisa_1998@example.net
физ,Юлия Матвеевна Михайлова,+70771828541,vlaspopov@example.net
юр,ИП «Овчинникова-Романов»,84388040221,kolobovjulian@example.net
юр,НПО «Ермакова»,8 (558) 091-46-64,fedor2003@example.org
физ,Самуил Игоревич Туров,8 719 875 4647,psergeev@example.org
физ,Ефим Димитриевич Макаров,+7 (773) 575-16-22,petuhovlukjan@example.org
юр,Сидоров Групп,+7 858 393 98 51,efimfadeev@example.net
физ,Надежда Кирилловна Ершова,8 059 141 49 14,mihe_62@example.com
физ,Крылова Людмила Тарасовна,8 (469) 726-4500,mstislav_1998@example.org
юр,Квадра,8 (126) 593-34-78,karpovhariton@example.net
юр,Международный центр,8 (432) 182-8769,ilja2017@example.org
юр,DDS,+7 333 381 66 17,tretjakovisa@example.net
физ,Артемий Зиновьевич Сидоров,+79953564432,judinanonna@example.com
юр,Стрелкова Инк,8 101 663 9628,krasilnikovaklavdija@example.net
физ,Анжелика Святославовна Трофимова,8 (767) 599-64-91,georgi35@example.com
юр,Фадеева Групп,+7 (137) 887-5678,mokeilin@example.org
юр,Титова Лимитед,+7 (477) 297-9674,amvrosipestov@example.org
физ,Крылова Эмилия Геннадьевна,+7 704 980 6488,evfrosinija_06@example.org
юр,ОАО «Сорокина Миронов»,8 598 685 64 98,alekseevmodest@example.net
физ,Лидия Петровна Блинова,+72776762577,sidorignatev@example.com
юр,"ЗАО «Тетерина, Кошелев и Кудряшов»",8 (047) 568-57-64,panovjuri@example.com
физ,Кошелева Галина Олеговна,8 040 214 2181,radovan_1973@example.org
физ,Вероника Николаевна Громова,8 938 047 1192,nosovkallistrat@example.com
физ,Соколова Елизавета Львовна,8 382 906 4542,timofesazonov@example.net
юр,ООО «Комиссарова»,8 796 481 84 41,kapiton70@example.net
физ,Королева Ирина Богдановна,88285393673,petrovtrofim@example.net
юр,РАО «Степанова-Доронина»,8 (313) 411-49-91,rsubbotina@example.net
юр,Татнефть,+7 506 651 0490,muravevaanzhela@example.org
физ,Лазарь Трофимович Федоров,+7 343 639 16 52,morozovjakov@example.org
физ,Поляков Ефим Даниилович,+7 (497) 888-3214,kononovaangelina@example.org
физ,Морозов Глеб Юлианович,8 (339) 263-9393,kolesnikovkonon@example.com
физ,Аполлинарий Теймуразович Поляков,8 276 070 4363,artemevljubomir@example.org
физ,Третьякова Регина Даниловна,+7 (756) 067-5681,apollon2017@example.net
физ,Прасковья Тимуровна Федорова,8 (171) 534-00-75,ykomarov@example.net
физ,Калашникова Кира Геннадиевна,+7 043 029 6948,jaksenov@example.net
физ,Симон Юльевич Козлов,+7 (518) 791-31-95,gerasim2023@example.net
юр,ИП «Ильин»,+7 (267) 203-44-16,zosima_22@example.com
физ,Всеволод Всеволодович Нестеров,+7 149 883 1621,nazareliseev@example.net
юр,НПО «Осипов Макаров»,8 (129) 841-53-87,bobilevaoktjabrina@example.net
физ,Иванна Наумовна Маслова,8 540 453 4210,panfil_1998@example.com
юр,ОАО «Вишнякова-Блохин»,+7 (246) 351-44-04,ckarpova@example.com
физ,Ким Игнатьевич Максимов,+7 (734) 702-4038,ilarion_43@example.org
физ,Степанов Панкратий Адамович,8 146 659 32 37,loginovereme@example.org
юр,ООО «Лазарева-Кузнецов»,8 873 928 43 88,harlampi39@example.net
юр,ИП «Шилова»,8 (023) 634-48-49,ratmir_1979@example.com
юр,ОАО «Капустин»,+7 (042) 141-08-45,zikovaanastasija@example.net
физ,Пономарев Сила Демидович,8 574 936 54 30,radovantretjakov@example.net
юр,ОАО «Ильин»,82899518078,lukjan2004@example.net
юр,ООО «Федотова-Кузьмина»,8 191 850 2158,samsonovkornil@example.net
юр,ОАО «Исаева-Моисеева»,+7 (685) 535-8852,spartak_2016@example.org
физ,Маргарита Ефимовна Брагина,+7 (738) 552-2396,matveevjaroslav@example.com
физ,Авдей Ефимьевич Капустин,+7 (053) 832-0629,zikovprohor@example.com
юр,Дикси Групп,85175295681,kudrjavtsevdementi@example.net
физ,Потап Юльевич Карпов,8 197 413 4988,aksenovprokl@example.org
юр,ООО «Андреева Киселев»,8 132 708 4523,shestakovkarp@example.net
физ,Акулина Львовна Шубина,8 (780) 285-85-57,kirillovinnokenti@example.org
юр,ООО «Киселев Шарапова»,+7 495 229 9064,modintsov@example.com
физ,Гаврила Бориславович Якушев,82414576591,elizaveta_2022@example.net
физ,Людмила Антоновна Лобанова,+7 (224) 778-61-99,polikarp_60@example.org
юр,ЗАО «Евдокимова Борисов»,8 034 506 24 29,gorde_40@example.com
юр,ОАО «Силин»,8 647 989 54 71,suvorovhariton@example.org
физ,Владимир Феофанович Бобров,+7 (468) 307-01-22,anike_1988@example.org
физ,Королева Зинаида Николаевна,8 455 033 6438,efim_1994@example.com
физ,тов. Максимова Анжела Рубеновна,8 418 587 1803,mitofannikiforov@example.org
физ,Порфирий Ильясович Лукин,+7 (376) 737-88-26,veniaminmamontov@example.org
юр,ЗАО «Фролов»,89767037736,maksimshubin@example.net
физ,Станислав Измаилович Зайцев,+7 (968) 653-7103,veniamin2014@example.net
физ,Ильин Арефий Богданович,8 (575) 729-1661,sofron_2006@example.com
физ,Пахомова София Владимировна,+73512127395,ykornilov@example.com
юр,АО «Пахомов»,+7 (657) 259-1062,jakub56@example.org
физ,Кира Федоровна Русакова,+7 (247) 699-94-22,bojanfomin@example.net
физ,Татьяна Ивановна Денисова,+71890325434,gavrilasorokin@example.com
физ,Данилов Аникита Венедиктович,8 (724) 383-74-54,vsevolod82@example.org
юр,"ООО «Белоусов, Титов и Беспалов»",+7 068 206 6805,frol1990@example.com
юр,АО «Якушева Захарова»,+7 693 680 0978,alina08@example.net
физ,Вадим Аверьянович Агафонов,+70373122756,ilinsvjatopolk@example.org
юр,"АО «Блинов, Кузнецова и Симонов»",87291956070,kolesnikovtimur@example.com
юр,Независимая нефтегазовая компания,8 343 233 4417,uljana1983@example.org
физ,Шестакова Синклитикия Матвеевна,+7 137 759 8190,gurikonovalov@example.net
юр,ООО «Дьячкова Носков»,8 752 436 55 78,stojan68@example.org
физ,Арсений Алексеевич Поляков,8 (982) 947-5622,pahom_65@example.org
физ,Кира Семеновна Фомичева,8 (942) 961-06-76,andreevvikenti@example.com
юр,ОАО «Пахомова»,86243671922,jan_1978@example.com
физ,Казимир Фокич Суханов,+7 305 775 92 21,samolovmina@example.org
физ,Остап Иларионович Сазонов,85316823871,porfirifedorov@example.com
физ,Филиппова Анжелика Святославовна,8 962 160 92 28,fedoseevtverdislav@example.com
физ,Белякова Лариса Натановна,8 920 659 53 04,boleslav_50@example.com
юр,НПО «Чернов»,8 749 343 98 13,zosima36@example.com
физ,Всемил Валерианович Доронин,85624981440,avtonom_2009@example.com
физ,тов. Самсонов Гостомысл Алексеевич,84113300662,ziminanina@example.com
юр,Гаврилов Инк,83850625275,ytimofeev@example.net
физ,Кудряшова Наталья Тарасовна,8 (075) 762-15-75,safonovvalentin@example.org
юр,АО «Кузьмин Большакова»,8 (411) 520-8558,gkondrateva@example.net
юр,Леруа Мерлен Восток (Leroi Merlin),+7 995 517 22 90,bikovadam@example.com
юр,Савельев Лтд,+7 389 497 97 32,sokrat68@example.org
физ,Арсений Филимонович Савин,8 235 130 2642,evdokija_49@example.com
физ,Исаев Никандр Евсеевич,+7 (588) 380-8558,hbobrova@example.org
юр,ЗАО «Мельникова-Белова»,+7 480 497 1647,mitofanmarkov@example.net
юр,"РАО «Иванова, Владимиров и Комаров»",8 337 468 2315,gusevagafon@example.net
юр,НПО «Евсеева-Рябова»,+7 600 327 3542,julian50@example.com
физ,Ферапонт Филиппович Кабанов,+7 (039) 926-1800,radovan_66@example.org
юр,ОАО «Харитонов»,+7 075 725 37 13,pelageja38@example.net
юр,"АО «Ермаков, Тетерина и Копылова»",87558667861,krjukoveduard@example.com
физ,Воронцов Игорь Харлампьевич,+7 202 577 6551,semen00@example.net
физ,Регина Петровна Никифорова,+7 331 875 57 48,ivanovamarfa@example.net
юр,РАО «Громова Беляев»,+7 (929) 040-55-36,yarhipov@example.com
юр,"НПО «Рогов, Меркушев и Чернова»",+72112489758,alina1988@example.net
юр,ИП «Зыкова Журавлев»,+7 312 297 5860,pelageja2021@example.net
физ,Александра Вениаминовна Журавлева,+7 136 858 04 38,ostap98@example.com
физ,Панкратий Зиновьевич Осипов,+7 (734) 738-1028,arhip_2005@example.net
юр,ОАО «Котов»,8 (051) 230-79-89,vlebedeva@example.org
физ,Калашников Милан Гордеевич,8 (050) 959-3547,beljaevamilitsa@example.net
юр,Мосводоканал,+7 068 068 6625,denisovaantonina@example.org
физ,Нестерова Зоя Харитоновна,+7 (333) 416-00-65,izot50@example.com
физ,Зинаида Петровна Белоусова,8 984 068 6154,izmailartemev@example.org
физ,Воронов Аверьян Аверьянович,8 (727) 390-19-29,rjurikkrjukov@example.com
физ,Голубев Корнил Богданович,+7 988 554 8877,sjakushev@example.org
юр,АО «Антонов-Дроздова»,8 (880) 530-2426,lora_2020@example.com
юр,РАО «Виноградов Емельянова»,8 295 385 74 33,forehov@example.org
юр,Российская телевизионная и радиовещательная сеть,88897208464,lazarevavalentina@example.com
физ,Наумова Агата Рубеновна,+7 (572) 928-0408,vorobevdmitri@example.net
юр,Суханова Инк,8 792 253 63 14,denisovaagata@example.net
физ,Кузьмина Ксения Макаровна,82622462194,danila17@example.net
физ,Тимур Владленович Тихонов,8 (448) 451-48-06,rozhkovsilanti@example.org
юр,"ЗАО «Романова, Зуев и Артемьева»",+7 860 988 73 46,ekaterina56@example.com
физ,Эрнест Гордеевич Герасимов,8 811 257 5646,karpovafevronija@example.net
юр,ОАО «Сафонова-Трофимова»,+7 451 891 3952,anisim98@example.net
юр,ОАО «Шашкова»,+71245822267,fevronija_79@example.net
юр,НПО «Козлова»,8 030 274 1465,vorontsovharlampi@example.org
физ,Оксана Тимуровна Романова,8 523 767 8292,dobromisl_75@example.org
юр,Московский аэропорт Домодедово,8 (804) 719-83-58,ignatovanonna@example.org
физ,Дарья Станиславовна Ширяева,8 (291) 081-66-28,alekse_09@example.com
юр,"ОАО «Ершов, Поляков и Зимин»",86707952342,lidija30@example.org
физ,тов. Федоров Ипполит Марсович,8 296 006 94 21,fedorovilarion@example.org
физ,Сила Геннадиевич Орлов,+7 419 864 9019,shchukinakira@example.com
физ,Агафонова Фёкла Олеговна,+7 (128) 090-39-63,galkinfedot@example.org
юр,"ОАО «Миронов, Соколов и Комиссаров»",+7 (233) 250-92-23,kim57@example.org
физ,Рыбакова Елена Робертовна,8 939 868 82 62,bogdanovaverki@example.net
юр,"ОАО «Белова, Суханов и Ефремов»",+7 455 350 40 33,maksimiljan_2007@example.org
юр,АО «Лаврентьев Шилова»,8 (968) 774-2706,florentin_16@example.net
физ,Виссарион Аверьянович Кондратьев,8 (040) 012-6254,ostromir_59@example.org
физ,Нина Артемовна Федорова,8 (704) 636-21-48,hariton1975@example.org
физ,Дементьев Милен Юльевич,81673910163,belousovfeoktist@example.net
физ,Потапов Денис Харитонович,8 (856) 452-5899,izjaslav_68@example.com
физ,Афиноген Эдуардович Бобров,8 (133) 508-3039,vladislav_26@example.net
физ,г-жа Турова Вера Аркадьевна,+7 444 614 8971,petr2019@example.com
физ,Фёкла Мироновна Комарова,8 (415) 925-2498,xkolesnikova@example.net
физ,Зимин Станислав Абрамович,8 (284) 554-51-27,fadeevmartjan@example.net
физ,Комаров Спартак Александрович,+7 965 938 7369,viktorin36@example.net
физ,Лобанова Анжелика Святославовна,87477971977,agge01@example.org
юр,АО «Самсонов»,+7 (938) 714-6029,evgenija_2008@example.com
физ,Лаврентьев Нестор Фокич,8 116 545 6008,fevronija1970@example.com
юр,ОАО «Артемьев-Трофимов»,+7 219 811 5231,bharitonov@example.org
физ,Сидор Григорьевич Князев,+7 (900) 489-00-82,uljankostin@example.org
физ,Власова Фёкла Антоновна,+7 (974) 076-36-82,rogovevdokim@example.com
физ,Феоктист Брониславович Блохин,+77453266914,ippolit2016@example.org
физ,Эмилия Эдуардовна Дмитриева,8 225 300 82 98,velimir_1971@example.net
физ,Болеслав Брониславович Кулагин,+72091990985,bobrovlavr@example.net
физ,Белозерова Жанна Ефимовна,+7 089 091 8520,filimon2002@example.org
юр,АО «Мишина-Тарасов»,8 389 957 5452,olavrentev@example.net
физ,г-жа Алексеева Евпраксия Романовна,+7 (811) 946-7031,glafira08@example.com
физ,Нинель Эдуардовна Дементьева,+7 (353) 360-54-26,ostromirzhuravlev@example.com
юр,"РАО «Архипов, Владимирова и Попова»",+79978592718,sidorermakov@example.net
юр,ООО «Лапина-Громов»,+7 182 955 8980,agafonisaev@example.com
физ,Нонна Анатольевна Сазонова,8 488 682 66 97,harlampidrozdov@example.net
физ,Ефремова Таисия Борисовна,+7 599 535 1189,silinagalina@example.org
физ,Тамара Олеговна Ефимова,+7 (549) 094-1030,provandreev@example.org
юр,ООО «Панфилов Уваров»,+7 237 207 6719,parfen_85@example.net
юр,АО «Кононов Беспалов»,8 (998) 437-1680,davidovfeliks@example.net
физ,Сорокин Лев Аверьянович,+7 183 246 2481,radim1986@example.net
юр,"АО «Евдокимов, Афанасьева и Ермаков»",+7 391 549 96 05,zinovevgrigori@example.net
юр,Кондратьева Групп,8 954 598 45 49,ipat2024@example.com
юр,ИП «Шубина Ситников»,+7 290 854 1692,lazar_41@example.net
физ,Валерия Львовна Сазонова,+7 187 021 7091,milan_72@example.org
юр,"ИП «Григорьев, Филиппова и Игнатьева»",+7 (044) 577-3002,bogdandanilov@example.net
физ,Ефремова Людмила Олеговна,+7 (983) 552-28-06,ipat1999@example.com
физ,Ангелина Ивановна Алексеева,+7 (604) 738-94-34,kiselevisa@example.org
юр,АО «Туров»,8 081 023 18 45,svjatoslav_2020@example.org
юр,ООО «Калинина Зимина»,8 190 144 99 74,sidor73@example.org
юр,Ковалев Инкорпорэйтед,+7 (983) 550-68-23,emilkotov@example.net
физ,Спартак Дорофеевич Казаков,8 (964) 169-25-49,vera28@example.com
физ,Эдуард Юлианович Медведев,88505401575,abramovdementi@example.com
юр,ЗАО «Ефимова Крылова»,+7 739 308 6685,kalininazoja@example.com
юр,АО «Гущина»,+7 104 348 17 40,gvoronov@example.net
юр,"ОАО «Шарапов, Евсеева и Родионов»",81598620092,makarovizmail@example.org
физ,Киселев Радим Борисович,8 (500) 418-73-06,jan_1974@example.net
физ,Петухов Дементий Тарасович,+7 (663) 120-5296,molchanovrjurik@example.com
юр,ЗАО «Трофимов»,+73789602879,lev_38@example.com
юр,"ЗАО «Овчинников, Чернова и Богданова»",8 (656) 139-8451,vissarionloginov@example.net
юр,"РАО «Яковлев, Крылова и Чернов»",+75667444871,bolshakovrjurik@example.com
юр,ОАО «Потапов Беляева»,+7 819 707 3777,zhukovauljana@example.net
юр,"ОАО «Котов, Архипов и Данилова»",+7 (414) 685-7007,mitofan37@example.org
юр,Воронова Групп,8 (699) 686-37-15,bemeljanova@example.com
физ,Стрелкова Элеонора Архиповна,8 (735) 062-47-79,agap_59@example.org
физ,Вера Валентиновна Зайцева,8 (445) 254-0469,dementevaaleksandra@example.com
физ,Наталья Леонидовна Медведева,+7 (705) 739-72-11,ershovajulija@example.org
физ,Евдокимова Маргарита Ивановна,+7 401 067 2982,elena_2013@example.com
физ,Эмилия Павловна Белоусова,+7 023 847 6119,gavrilovmiron@example.net
физ,Демид Жанович Зайцев,+7 751 767 2915,kapustinsvjatoslav@example.com
юр,ООО «Михайлов»,8 096 912 2922,saveli_2005@example.com
физ,Фёкла Станиславовна Кулакова,8 226 384 55 57,orehovcheslav@example.org
физ,Родионов Агап Матвеевич,+70696701564,mgrigoreva@example.com
юр,ООО «Сергеева-Рябова»,8 (727) 446-47-33,gmjasnikova@example.com
физ,Януарий Власович Одинцов,81440112732,kolobovaristarh@example.org
юр,ООО «Тихонов»,8 189 457 1333,gerasimlapin@example.net
физ,Мартынов Ермолай Филатович,+7 (503) 707-6209,azari_84@example.net
юр,Первый канал,8 359 491 9692,galaktion2000@example.org
физ,Медведев Вениамин Денисович,+7 (579) 312-73-30,onovikov@example.com
юр,Газпром,8 (742) 218-9809,vera1998@example.net
физ,Майя Васильевна Хохлова,+7 499 197 2061,lavrentevmitofan@example.net
физ,Флорентин Трофимович Доронин,+7 970 756 2340,dorofe48@example.com
юр,НПО «Тихонов Голубев»,8 064 597 8190,oksana_06@example.net
юр,Рябов Групп,+7 (869) 235-57-44,qkulakova@example.org
физ,Марина Андреевна Хохлова,83762555729,ostap_1973@example.org
юр,Приосколье,8 295 332 56 89,ignatevfrol@example.net
юр,Белов Инк,8 (513) 861-47-94,spartakhohlov@example.com
физ,Овчинникова Людмила Геннадиевна,+7 088 776 74 02,kornil2014@example.org
физ,Роман Гавриилович Гурьев,+7 121 592 34 58,zikovfrol@example.net
юр,"ИП «Кулаков, Никифоров и Игнатов»",+7 (790) 400-6971,efimovtimofe@example.org
физ,Дьячкова Ольга Кирилловна,8 735 337 32 93,tdjachkov@example.net
юр,"НПО «Маслова, Титов и Громова»",89653104066,filippovigor@example.com
юр,РАО «Маркова-Васильева»,89361933699,lora1988@example.net
юр,"АО «Панфилова, Ковалева и Галкин»",+7 783 669 1260,savinigor@example.net
юр,АО «Панфилова»,8 (116) 869-12-96,apollon1997@example.org
юр,ЗАО «Макарова-Денисова»,+7 (256) 306-23-22,mina2019@example.org
юр,ОАО «Владимиров-Кабанова»,+77221542525,esorokina@example.com
физ,Симонова Марина Яковлевна,8 (931) 047-6762,zhuravlevvseslav@example.net
физ,Эмилия Александровна Лыткина,+7 668 871 39 24,samolovseliverst@example.net
физ,Климент Феодосьевич Белов,+7 283 144 03 81,sinklitikija_1985@example.net
юр,АО «Исаева»,8 (422) 235-0784,ekaterina_2023@example.com
юр,РАО «Коновалов»,+7 398 427 73 29,nikola_1980@example.net
физ,Носова Фёкла Макаровна,+70721050943,foka_63@example.com
юр,НПО «Бобылев Кононов»,+7 719 836 5980,aleksandr_2015@example.net
физ,Наина Захаровна Королева,+7 (474) 529-0724,moke71@example.com
юр,АО «Кошелева-Мамонтова»,+7 950 322 42 66,xknjazev@example.net
физ,Нинель Андреевна Турова,+7 (992) 206-14-56,fkiseleva@example.com
физ,г-н Белозеров Эммануил Федотович,80978155263,kuzma_1995@example.net
физ,Морозов Тимур Валентинович,8 593 308 94 87,stojan28@example.com
юр,ОАО «Нестерова»,+7 814 316 9848,davidovavalerija@example.com
физ,Самуил Авдеевич Самойлов,8 685 135 6012,blinovfoti@example.com
юр,"ИП «Кулакова, Дементьев и Рыбаков»",+7 005 330 83 95,nsergeev@example.com
юр,РАО «Галкина Поляков»,+7 066 303 43 96,kondratvorontsov@example.org
юр,НПО «Никонова Попов»,+7 (799) 494-5382,mironovaoksana@example.net
юр,Воробьева Инкорпорэйтед,8 648 355 6846,kirill_2005@example.com
юр,НПО «Максимова»,+7 471 274 35 04,mzimin@example.org
физ,Пономарева Евфросиния Аскольдовна,8 829 375 5090,lavrentevamarfa@example.org
юр,Кондратьева Лтд,83355959056,stojan1998@example.net
юр,Карелия Палп,8 (647) 602-9419,seliverst58@example.org
юр,Корпорация Тактическое ракетное вооружение,+7 (943) 535-3318,simonovdemid@example.net
физ,Кириллов Ананий Бориславович,87246220862,bikovtihon@example.org
юр,"РАО «Селиверстова, Костин и Громова»",+77337104919,uljan68@example.com
юр,ИП «Цветкова»,+7 214 512 53 58,ljubim91@example.org
юр,РАО «Федорова-Колесникова»,84219259079,evdokim_1976@example.com
юр,ООО «Кудряшова-Федоров»,+7 198 327 5390,isakovermil@example.org
физ,Варвара Георгиевна Тимофеева,8 (160) 814-13-52,nikon47@example.org
юр,АО «Полякова-Суворова»,+7 372 454 8002,mishinnikola@example.org
юр,НПО «Филиппова-Белов»,8 353 198 6240,voronovisidor@example.net
юр,Данилов Лимитед,81259217246,bespalovizjaslav@example.net
юр,НПО «Борисов»,8 (411) 126-4718,shilovkuprijan@example.org
физ,Савватий Викторович Воробьев,8 (270) 796-9639,stepanovmefodi@example.org
юр,РАО «Блохина-Мартынов»,+7 (972) 771-56-16,dobromisl_52@example.org
юр,Суханов Инкорпорэйтед,8 814 727 35 69,sidorovaevgenija@example.org
юр,ИП «Орехова Никитина»,+75839594637,arkadi2001@example.org
юр,ЗАО «Андреев»,+7 723 161 13 71,artemevparamon@example.org
физ,Гремислав Филимонович Аксенов,+7 476 328 45 70,kir_68@example.org
юр,Ермаков Групп,8 (259) 421-3002,erofe51@example.org
юр,ОАО «Шашкова»,8 160 865 3193,irakli_2015@example.com
физ,Лихачева Клавдия Георгиевна,+72944574978,stepanovjuri@example.net
физ,Мишин Гордей Яковлевич,+71304416174,burovmilan@example.org
юр,ОАО «Ефремова»,8 490 292 55 81,narkisnekrasov@example.com
юр,НПК Объединенная вагонная компания,8 013 395 5206,efremovpantelemon@example.net
физ,Мамонтов Гедеон Александрович,+71074839798,dfrolova@example.com
юр,Агросила Групп,+7 068 664 30 79,dkostin@example.net
юр,Углетранс,+7 075 722 2859,nonna_1977@example.org
юр,Фадеев Групп,+72726332673,paramon_1988@example.net
физ,Иванна Валентиновна Денисова,+7 (274) 149-4604,mfedotova@example.net
юр,Сазонов Инкорпорэйтед,+7 104 062 0732,erofepopov@example.net
юр,РАО «Бирюкова Чернов»,+7 (651) 308-8410,milan_2024@example.com
физ,Вадим Ильясович Муравьев,+7 623 646 6298,sstepanov@example.org
юр,ООО «Мухин»,+7 722 859 8826,juriloginov@example.net
физ,Антонина Антоновна Евдокимова,+7 090 597 56 51,zuevsimon@example.net
юр,ИП «Архипова Семенов»,89694051494,lavrentevsofron@example.net
юр,ООО «Мельникова Михеев»,+70225167186,vikenti1976@example.org
физ,Селиверстов Христофор Гурьевич,+78212498519,naumovanatoli@example.org
юр,АБ Инбев Эфес (Anheuser-Busch Inbev),8 (414) 020-74-89,sbelozerova@example.com
физ,Елизавета Андреевна Селезнева,+7 (813) 878-96-66,dshubina@example.net
физ,Сергеев Карп Егорович,8 (379) 160-28-79,dobromisl63@example.org
юр,РАО «Емельянов Лазарева»,8 (670) 393-57-60,tihon_35@example.com
юр,ИП «Шестакова»,+78127401299,viktorinblinov@example.com
юр,Носов Лтд,+7 (396) 809-73-85,boris2021@example.org
юр,"ИП «Емельянов, Гусев и Ситникова»",8 (095) 263-8898,spartakmorozov@example.net
физ,Лукия Эльдаровна Панова,+7 129 599 4858,nikodimmarkov@example.net
физ,Игнатьев Капитон Аверьянович,86794895061,vitali_1994@example.org
физ,Быкова Ангелина Викторовна,+76116646138,filippovasvetlana@example.org
юр,Трофимова Групп,8 (183) 610-68-78,zoja81@example.com
физ,Раиса Владиславовна Никонова,+7 (968) 186-4016,gurevgedeon@example.net
юр,ООО «Ермаков-Орехов»,8 (871) 142-96-32,zlebedev@example.net
физ,Федоров Христофор Афанасьевич,8 894 908 78 25,emilija_25@example.net
физ,Морозова Глафира Тимофеевна,+76617943851,veselovalarisa@example.net
физ,Воробьев Ферапонт Захарьевич,+7 198 871 92 43,florentin_11@example.net
юр,ЗАО «Доронина-Вишнякова»,8 780 078 79 21,kasjan55@example.com
физ,Нинель Антоновна Уварова,8 017 468 7363,svjatopolk32@example.net
юр,"ЗАО «Быкова, Горбунов и Исаева»",+7 857 726 06 26,nikolaevmiron@example.org
физ,Комарова Евфросиния Сергеевна,8 (187) 121-78-95,kallistrat93@example.com
юр,"РАО «Калинин, Никонова и Моисеева»",+71566843870,ermakovevstafi@example.com
юр,ИП «Данилова-Суханова»,8 651 982 0094,gorbunovairaida@example.org
юр,ОАО «Полякова Ситникова»,8 (776) 799-29-81,kondratevernest@example.org
физ,Леонтий Федотович Ширяев,8 (563) 089-34-78,beljaevanikita@example.org
юр,"АО «Белоусов, Игнатьева и Фокин»",+7 (675) 434-35-55,vvorontsov@example.org
физ,Ларионов Ладимир Елизарович,+7 333 478 5292,ljubov38@example.org
юр,"ИП «Наумова, Емельянова и Шестаков»",8 (989) 121-90-47,marian36@example.net
физ,Ольга Кузьминична Кабанова,8 593 622 0707,belousovizjaslav@example.com
физ,Быкова Прасковья Леоновна,8 (074) 343-1380,apollinariemeljanov@example.org
физ,Беляев Евлампий Брониславович,8 602 606 6422,mechislav1994@example.net
физ,Самойлова Милица Геннадиевна,82467384847,efrem_41@example.com
физ,Антонина Харитоновна Сафонова,8 (920) 572-46-31,ermakovaanna@example.net
физ,Ситников Петр Геннадиевич,+7 (144) 511-07-24,igor70@example.com
юр,НПО «Жукова-Тимофеева»,8 (738) 180-3301,georgi_2009@example.net
юр,НПО «Попова Николаева»,8 342 298 8400,xgromova@example.com
физ,Максимова Елена Филипповна,8 (180) 788-0995,eduard_2012@example.org
физ,Ладислав Венедиктович Юдин,+7 (497) 655-65-68,qaksenov@example.org
физ,Осипова Ираида Кузьминична,8 222 681 78 28,prokl_50@example.net
физ,Фролов Антип Артемьевич,+7 944 983 00 54,grishinrostislav@example.org
физ,тов. Сазонов Якуб Артурович,+7 358 171 6910,loginovfedot@example.org
физ,Валентина Игоревна Максимова,87489006531,taras_82@example.com
юр,"ООО «Дьячков, Колобов и Лобанова»",8 682 097 69 42,adam02@example.com
физ,Маргарита Тарасовна Дроздова,+7 394 185 96 44,natalja_1974@example.org
физ,тов. Одинцов Трифон Эдгарович,8 193 473 0111,dobromisl_1974@example.org
юр,Эйвон Бьюти Продактс Компани (Avon),+7 869 793 6022,lavrentevamaja@example.org
физ,Фрол Ярославович Абрамов,88860115545,sokolovaanzhela@example.com
физ,Аскольд Федосеевич Захаров,8 (690) 804-35-46,borisgerasimov@example.net
юр,НПО «Петров-Дмитриев»,81424920800,fevronija96@example.com
юр,ЗАО «Лыткин-Бирюкова»,8 (315) 662-5576,aksenovsokrat@example.org
юр,ОАО «Фокин»,8 (169) 252-01-72,nikola_1979@example.com
физ,тов. Яковлева София Кузьминична,+71391322236,frolsisoev@example.net
юр,Зыков и партнеры,+7 791 333 1513,vishnjakovevstigne@example.com
физ,Афанасьева Майя Ниловна,+7 (427) 985-0981,ustinsitnikov@example.net
физ,Капустин Тит Васильевич,8 502 498 59 14,feoktist_70@example.net
юр,ОАО «Колесников Лазарев»,8 461 613 34 96,qsuvorova@example.org
юр,Горшкова Лимитед,+7 (722) 365-0507,anisimovatatjana@example.org
физ,Абрамов Авдей Витальевич,8 272 315 98 90,petuhovleon@example.org
юр,ДНС Групп,+78610741660,smirnovaevfrosinija@example.org
юр,ЗАО «Вишняков»,8 (486) 474-3344,xkulagina@example.org
юр,АО «Степанов-Хохлова»,8 (932) 315-10-85,kudrjashovtrofim@example.com
физ,Модест Исидорович Самойлов,8 651 863 04 29,oleg_90@example.com
физ,Надежда Аскольдовна Гущина,8 064 668 64 67,pahom38@example.com
физ,Климент Жоресович Евсеев,85820158307,grigori16@example.org
физ,Фролов Ратибор Гавриилович,+7 (095) 765-81-30,mechislavkrjukov@example.com
юр,НПО «Хохлов Архипов»,81360964547,akirillova@example.org
физ,Алевтина Григорьевна Архипова,8 608 554 6591,lebedevatamara@example.com
юр,ОАО «Филиппова-Субботин»,8 (439) 464-80-99,varfolome_1980@example.net
юр,Голубев Инкорпорэйтед,+7 (503) 771-3441,olimpiada_1991@example.net
физ,Носова Алла Максимовна,+7 (923) 905-3463,vlas_1992@example.com
юр,АО «Галкин»,+7 (284) 825-2584,fadekopilov@example.net
юр,"ЗАО «Кошелев, Стрелков и Вишняков»",+7 (318) 409-7586,kulakovkir@example.org
физ,Зайцева Лидия Станиславовна,85393322610,radovan58@example.com
физ,Морозов Дмитрий Авдеевич,8 910 327 18 77,sofija05@example.org
юр,ИП «Сазонова-Кузьмина»,+7 (050) 080-12-55,orehovvissarion@example.org
юр,ЗАО «Яковлева»,8 629 289 40 64,nekrasovparamon@example.org
физ,Ермолай Иосифович Захаров,+7 (447) 939-4206,fotiblohin@example.org
юр,ИП «Жданов»,8 446 130 07 96,seliverstovsofron@example.org
физ,Антонова Оксана Тимофеевна,+7 (703) 887-02-19,sofon87@example.com
физ,Королева Клавдия Матвеевна,+7 (013) 566-7665,valerija_2017@example.org
юр,"РАО «Тарасова, Николаева и Терентьева»",8 (697) 413-7962,kuprijan09@example.net
физ,Евпраксия Ильинична Моисеева,8 511 695 11 73,bronislav_1974@example.net
юр,АО «Елисеев»,81528324640,onufri_98@example.net
юр,Новиков Инкорпорэйтед,+7 160 516 3664,guri_1974@example.net
физ,тов. Третьякова Пелагея Богдановна,8 301 259 2465,ftrofimov@example.com
физ,Князева Алевтина Филипповна,+7 (787) 549-3766,blinovfilipp@example.org
физ,Евгения Олеговна Лебедева,+7 563 271 5889,arseniavdeev@example.net
физ,Корнилова Евгения Макаровна,+7 143 286 3425,mstislav_79@example.org
физ,Нифонт Даниилович Никифоров,+74898119689,petuhovjakub@example.net
физ,Якушева Вера Афанасьевна,+7 083 094 13 13,marija_19@example.org
юр,"ОАО «Галкина, Федотов и Маркова»",+7 214 694 0084,elarionova@example.com
юр,РАО «Иванова Суханова»,82590723751,rjurik_14@example.net
юр,НПО «Фомичева»,+7 (552) 012-0683,foma2001@example.net
юр,Антонова и партнеры,8 647 152 84 59,kiselevklavdi@example.com
юр,Мишина и партнеры,+7 (515) 118-77-98,foti1999@example.net
юр,Гришина и партнеры,+7 354 427 48 01,ssobolev@example.com
физ,Лев Виленович Рыбаков,+7 709 564 64 21,rusakoveduard@example.com
физ,Светлана Андреевна Шарапова,+7 (206) 682-0559,ruben_1976@example.net
юр,НПО «Фомичев-Муравьев»,8 (664) 848-7831,guljaevairaida@example.org
физ,Адам Даниилович Лобанов,8 873 680 8856,gerasimovirakli@example.net
юр,Банк ФК Открытие,+7 (119) 432-98-11,timofe_29@example.com
физ,Семенов Аникей Данилович,+7 300 265 2495,danilashchukin@example.net
физ,Марина Тимофеевна Власова,+7 (611) 507-7779,militsa15@example.net
физ,Тихон Ермолаевич Шарапов,8 (543) 860-2628,milan2004@example.org
юр,ОАО «Калинина-Блинов»,+7 (329) 069-71-50,zhukovasinklitikija@example.org
юр,Группа Агат,8 309 120 61 37,mironovafaina@example.com
физ,Валерия Альбертовна Тимофеева,88319874198,kuprijan_80@example.net
юр,Савина Инк,8 (900) 621-2579,ustinbolshakov@example.com
физ,Петров Семен Гурьевич,8 889 801 6644,ponomarevaelizaveta@example.org
физ,Нонна Андреевна Кузьмина,+75523310578,doroninvadim@example.com
физ,Пахомова Фёкла Тимофеевна,8 416 983 2495,odintsovaakulina@example.com
юр,ЗАО «Дроздов-Соколова»,+74172079022,sofija_1984@example.com
физ,Нестерова Алла Ивановна,+77208116395,amvrosi29@example.org
юр,ООО «Кириллов Дементьева»,8 (523) 210-01-80,sinklitikija_1990@example.com
физ,Василиса Филипповна Юдина,81507262281,komarovdanila@example.net
юр,Куйбышевазот,+7 507 467 1493,visheslav_83@example.com
юр,ООО «Евдокимов Петрова»,89982958543,rodionovaklavdija@example.org
юр,Киселев Инк,+7 (000) 650-8033,varfolome_1993@example.org
юр,"ОАО «Королева, Лобанов и Пономарева»",+7 354 833 36 46,julija1972@example.com
юр,Суханов Инкорпорэйтед,8 (048) 895-0997,emil_2006@example.net
юр,ИП «Уваров Суханов»,+7 (248) 093-72-24,ljubomirilin@example.org
юр,НПО «Потапова»,8 (527) 830-45-06,kulikovaantonina@example.com
физ,Наталья Алексеевна Пономарева,+7 (187) 250-09-54,pantelemon_1975@example.com
физ,Порфирий Феодосьевич Никитин,8 (311) 033-98-65,rfilippova@example.org
юр,"ЗАО «Андреев, Беляков и Степанов»",+7 (671) 964-56-05,vorontsovaljudmila@example.org
юр,ОАО «Носков-Уваров»,+72767475911,xzueva@example.net
физ,Дементий Еремеевич Абрамов,81115057726,ivanna2018@example.org
юр,РАО «Данилов»,+7 737 363 26 20,prohororehov@example.org
физ,Гаврилов Вадим Фомич,+7 (855) 143-71-59,ziminaagafja@example.com
юр,Аэрофлот — Российские авиалинии,+70505338604,terenti_2012@example.com
юр,НПО «Самсонова-Субботин»,+7 (381) 030-33-73,erastkrjukov@example.com
юр,Веселова Лимитед,+78388868588,mefodi1994@example.com
юр,Красцветмет,+79719178660,onufri_2016@example.com
юр,"ЗАО «Андреева, Туров и Хохлова»",8 (321) 164-2279,leonti_2000@example.net
физ,Маслов Антонин Артемьевич,8 (810) 660-05-24,osip51@example.net
юр,Softline,+78158007212,erofe34@example.com
юр,Мосинжпроект,+70253010615,isanazarov@example.org
физ,Кузьма Трофимович Ермаков,8 230 069 8652,agafja_2000@example.org
физ,Оксана Кирилловна Копылова,+78393734666,stepanovcheslav@example.net
юр,ООО «Виноградова»,+73685695609,rodionovaelizaveta@example.net
физ,Морозова Дарья Ждановна,+7 (382) 404-91-81,afanasi63@example.com
физ,Панкратий Измаилович Данилов,+7 (071) 129-2527,ferapont2001@example.net
физ,Осипова Жанна Эдуардовна,8 300 638 4670,trofim_1977@example.net
физ,Терентьева Анжела Тимофеевна,8 848 485 46 34,simonkopilov@example.net
физ,Фролова Александра Егоровна,+7 (360) 395-25-59,paramon_32@example.com
юр,ООО «Кириллов»,+7 551 204 55 69,viktorin15@example.org
физ,Кириллов Антип Тихонович,8 990 114 1131,dorofepetuhov@example.org
юр,АО «Силин Тихонов»,8 476 471 5867,oksana_1996@example.org
юр,Фадеева Инкорпорэйтед,8 (608) 578-0413,solovevandronik@example.org
юр,АО «Беляева»,8 142 172 52 03,adam_2013@example.com
юр,ЗАО «Титов-Лаврентьева»,+74158879205,afinogenevseev@example.net
физ,Казимир Феликсович Зайцев,8 (372) 588-4339,shubinradislav@example.com
физ,Гущина Светлана Артемовна,8 (688) 247-31-75,evseevizmail@example.com
юр,Сбербанк России,83608804105,ugromova@example.com
юр,НПО «Рогова-Буров»,+76755838840,trofimovaekaterina@example.org
физ,Цветков Казимир Ильясович,8 (107) 184-54-56,seliverstovmakar@example.com
физ,Денисова Екатерина Михайловна,+7 624 647 3955,prokl02@example.com
юр,НПО «Молчанова-Королева»,+7 306 398 71 83,maksimoverast@example.org
физ,Пестов Фотий Андреевич,80677936870,zahar1982@example.org
физ,Гостомысл Васильевич Гришин,+7 501 449 68 71,maksimovsigizmund@example.org
физ,Тарасов Савва Арсенович,8 227 201 9425,sobolevtrofim@example.org
физ,Красильников Радим Гаврилович,88524111335,sigizmundodintsov@example.com
физ,Марина Аскольдовна Сазонова,+79248643213,ilja44@example.org
юр,НПО «Гущин Рябов»,+7 (476) 150-72-06,frolbolshakov@example.net
юр,РАО «Харитонов-Волков»,8 (767) 914-38-32,sofija2012@example.net
юр,"НПО «Крылов, Попов и Рябов»",+71966586407,naina_78@example.com
физ,Максимов Ким Устинович,+7 039 768 0961,oleg46@example.org
юр,ГК СНС,+7 101 194 99 79,evpraksija_99@example.com
юр,ИП «Панфилов Лихачева»,+7 (289) 157-72-81,prokl2016@example.com
физ,Пономарева Нинель Ивановна,81646220768,bikovevgraf@example.net
физ,Фадей Ильич Ермаков,84827246564,spiridonkononov@example.org
юр,Сандоз (Sandoz),8 371 208 0930,rmuravev@example.org
физ,София Валентиновна Муравьева,83999332233,rogovatatjana@example.com
юр,Киселева и партнеры,8 142 753 53 09,andron2022@example.net
юр,ОАО «Кондратьева Александров»,+7 544 845 40 86,miheevmir@example.com
юр,ЗАО «Веселова Лобанова»,8 (445) 793-69-19,nikita_2016@example.org
юр,"НПО «Лукина, Калашников и Алексеев»",8 062 452 0525,artemevljubim@example.net
юр,ООО «Бирюкова-Рыбакова»,8 (740) 920-32-11,leonid1971@example.org
физ,Кириллова Октябрина Святославовна,8 314 918 0373,valerjan_62@example.org
физ,Устинов Сергей Феликсович,8 (374) 500-9781,glafira_1973@example.org
физ,Анжелика Яковлевна Пахомова,+7 245 002 32 17,svetozar14@example.net
физ,г-н Афанасьев Мечислав Фокич,+7 (012) 463-12-25,agafja09@example.net
физ,Валерия Робертовна Мухина,+74263671061,anatoli2010@example.com
физ,Щербаков Олимпий Захарьевич,+7 973 109 8295,vasilevanikita@example.net
юр,"АО «Козлов, Рогова и Гурьева»",+75164093923,antonovazinaida@example.net
юр,ИП «Лебедев Соловьев»,+7 262 363 62 41,rubensolovev@example.com
юр,ИП «Симонов»,8 866 782 15 02,agata_2017@example.com
физ,Николаев Фирс Артемьевич,8 (911) 500-6836,uljana_93@example.net
юр,Кононов Инк,+75605367049,lora_2017@example.com
юр,ИП «Абрамов-Стрелкова»,+73714201079,zhukovjakov@example.net
юр,АО «Васильева-Александрова»,86918554384,krilovvladislav@example.org
юр,Кондратьев Инкорпорэйтед,89940419657,tverdislavsisoev@example.com
физ,Ираида Григорьевна Попова,8 (994) 669-2000,frol_1986@example.net
физ,Наркис Харлампович Буров,8 551 648 22 57,julikulikov@example.net
юр,НПО «Баранова»,+78459150737,nikanorlukin@example.net
юр,Национальная компьютерная корпорация,8 351 197 28 04,kirill1987@example.org
юр,ИП «Белякова-Прохоров»,+7 276 141 2375,gshashkov@example.net
юр,Гаврилов Лимитед,8 (287) 563-58-80,tverdislav2014@example.com
физ,Всеволод Васильевич Егоров,89037263178,kirillovrostislav@example.com
юр,ИП «Александров»,84292564709,florentinterentev@example.org
юр,"НПО «Королева, Хохлов и Алексеева»",+7 469 211 31 76,rostislavbirjukov@example.net
физ,Романов Аскольд Артёмович,+72126581320,hohlovruslan@example.net
физ,Горбачев Исай Афанасьевич,+7 063 136 78 30,ruben83@example.org
физ,Анжела Альбертовна Лапина,8 148 768 5224,aorlov@example.com
юр,АО «Ковалева-Мясникова»,8 573 780 5334,viktorija2008@example.net
физ,Агафья Даниловна Тимофеева,+7 219 507 54 01,isakovvenedikt@example.org
физ,Анастасия Ивановна Петрова,8 822 615 94 86,ljubov53@example.org
юр,АО «Якушева-Ильина»,83167545389,gurevafekla@example.net
юр,ЗАО «Ильин Герасимов»,+7 (390) 929-5868,vera77@example.net
физ,Майя Артемовна Козлова,8 (112) 734-4967,anikita_1975@example.com
юр,"ЗАО «Рожкова, Ершова и Николаев»",+77160323663,veronika32@example.com
юр,"НПО «Доронин, Боброва и Иванов»",82239907595,jakovlevmefodi@example.com
юр,ООО «Медведев»,+7 379 686 4405,kriloviosif@example.com
физ,Харитонов Ермолай Викторович,+7 631 063 1153,anatolilebedev@example.org
юр,ЦЭНКИ,8 532 373 7880,samolovnikifor@example.org
юр,"НПО «Иванов, Субботин и Наумова»",+7 (517) 102-70-27,epifan04@example.net
физ,Захар Антонович Сазонов,+7 (690) 354-12-39,kir1996@example.com
физ,Измаил Гаврилович Куликов,8 (336) 722-8094,kulikovgennadi@example.net
физ,Самсон Якубович Одинцов,8 312 775 2461,cjakusheva@example.net
юр,НПО «Фокин Комаров»,8 (423) 687-27-83,zosimaeliseev@example.net
юр,АО «Устинова-Жуков»,8 (248) 600-24-57,lguseva@example.net
юр,Гордеева Групп,8 297 606 39 43,eliseevvarlaam@example.net
юр,Одинцова Инк,+7 431 206 5556,ozatseva@example.org
физ,Родионова Ксения Вадимовна,+7 052 177 53 61,ivan_1979@example.com
физ,Георгий Фадеевич Молчанов,+7 (552) 303-7592,denis11@example.net
юр,АО «Борисова»,+7 092 267 3716,sharovartem@example.com
юр,Богданов Инкорпорэйтед,+7 (265) 030-17-87,epifan_31@example.org
физ,Жданов Валерий Герасимович,+7 (317) 920-61-80,varlaam_85@example.com
юр,"РАО «Михайлова, Копылов и Копылова»",+7 (421) 617-08-59,lukjan73@example.net
физ,Майя Анатольевна Николаева,+7 451 607 70 30,prokl_93@example.net
юр,"ЗАО «Осипова, Васильева и Борисов»",+7 345 616 9086,romanovnikodim@example.net
юр,Галкин Лимитед,8 (549) 983-5725,taras_1974@example.org
физ,Куликова Екатерина Валериевна,+7 (894) 395-9297,lavrenti96@example.org
физ,Дементий Аверьянович Лаврентьев,+7 976 256 8929,antip_58@example.net
юр,"ИП «Жданова, Некрасова и Егорова»",8 733 952 3603,samolovfade@example.org
физ,Ульян Иларионович Фадеев,8 (501) 152-82-48,pantelemonsilin@example.org
юр,ЗАО «Горшкова-Зайцева»,89706468650,germangushchin@example.com
юр,Бобылева Групп,+7 (893) 692-0044,isa_2017@example.net
юр,Отисифарм,+7 (890) 878-18-46,prov49@example.net
юр,Шестакова Инкорпорэйтед,88749898076,aleksandra_56@example.org
физ,Акулина Аскольдовна Агафонова,+7 (083) 093-2145,gennadi_31@example.net
физ,Шарапов Валерьян Гертрудович,+7 (280) 222-85-50,hariton_78@example.net
юр,"ООО «Крылов, Егорова и Веселов»",8 (787) 619-2779,izjaslav_1975@example.com
юр,НМЖК,+7 484 706 99 49,ljudmila_96@example.com
физ,Комарова Алина Борисовна,88619880128,konon_81@example.net
юр,ЗАО «Мартынова-Щербакова»,8 (015) 339-0025,gpavlov@example.org
физ,Наина Станиславовна Афанасьева,8 (453) 822-6197,apollon2012@example.org
юр,"ОАО «Николаева, Филатова и Карпова»",8 014 054 2780,kornilovfirs@example.com
физ,Мартынова Елена Семеновна,+7 (259) 965-93-54,petr52@example.net
юр,Волков и партнеры,85708417204,sharapovfoma@example.net
юр,Цветкова Групп,8 422 616 24 30,belozerovevstafi@example.net
физ,Ершов Макар Андреевич,8 (354) 610-70-09,zilina@example.org
физ,Карпов Лаврентий Данилович,+7 (133) 905-20-04,bogdanovauljana@example.net
физ,Бирюкова Марфа Васильевна,8 (446) 346-0839,qlarionov@example.net
юр,ИП «Вишняков-Щукин»,+7 780 642 52 91,emilija50@example.net
юр,АО «Фадеев-Щукина»,8 148 578 4458,filatovaaleksandra@example.net
физ,Антонова Лукия Рубеновна,8 (256) 091-1960,anisimovdobromisl@example.net
юр,"ЗАО «Белозерова, Дмитриев и Цветков»",+74417042476,gorbunovavde@example.org
юр,"ИП «Морозова, Вишнякова и Князев»",+73343819591,zosimatretjakov@example.net
физ,Нинель Станиславовна Ефремова,+7 (289) 491-2903,tarasovaekaterina@example.org
юр,Центральная пригородная пассажирская компания,+7 389 075 98 02,markoverofe@example.com
физ,Красильников Азарий Аверьянович,+7 (573) 333-5110,mina_59@example.org
юр,РАО «Кудрявцева-Русакова»,+7 (477) 322-33-02,akimkononov@example.org
юр,НПО «Доронин-Блинова»,+78658573099,mina1979@example.org
юр,ЗАО «Маркова-Меркушев»,88222538900,sofron14@example.net
физ,Вера Архиповна Пономарева,8 (811) 571-57-26,haritonovaantonina@example.org
физ,Кондратьев Савватий Артурович,8 455 920 32 39,belousovatamara@example.com
юр,Морозова Групп,82180099902,lavr19@example.com
физ,Шашков Азарий Ермилович,8 (565) 030-31-28,nnikonova@example.net
юр,НПО «Сазонов»,+7 (089) 315-76-66,margarita90@example.net
физ,Кирилл Ермолаевич Матвеев,+7 384 261 0860,kononovanina@example.org
физ,Андреев Наум Егорович,+7 004 894 09 16,vladimirovsavvati@example.org
юр,ЗАО «Потапова»,8 (224) 724-3124,jakubmedvedev@example.com
физ,Калашников Орест Анисимович,80010718841,ratmirorehov@example.net
юр,ЗАО «Сергеев-Бобров»,+71232741443,veselovaevdokija@example.com
юр,ИП «Полякова»,84493987549,zhuravlevavalerija@example.org
юр,Дьячкова Групп,+7 (338) 444-5840,mironovasvetlana@example.com
юр,Алтайвагон,+79372906828,vlaskomarov@example.net
юр,АО «Красильников Мамонтов»,8 (109) 109-05-26,afinogenchernov@example.net
физ,Лазарева Виктория Антоновна,8 466 351 5547,nikonovtaras@example.net
юр,Мамонтов Групп,+75314766652,emeljan_87@example.org
юр,ЗАО «Дорофеев-Исакова»,8 532 098 1416,borisovsvjatopolk@example.org
физ,Миронова Жанна Ниловна,+7 (262) 282-8514,feoktist2001@example.net
юр,Гришин Инкорпорэйтед,+7 586 440 3120,amvrosifomichev@example.org
физ,Котова Надежда Даниловна,8 134 722 95 17,dkondratev@example.com
юр,Ново-Уренгойская газовая компания,+7 (947) 072-3735,krjukovljubim@example.com
физ,Архипова Ирина Дмитриевна,+73231063767,prohor_2008@example.net
юр,ЗАО «Симонов»,+7 (341) 848-0294,seliverst02@example.com
юр,ОАО «Комаров Кудрявцев»,+7 (563) 647-5047,hblohina@example.org
физ,Сила Евстигнеевич Гордеев,+7 999 333 82 10,simonovaoktjabrina@example.net
физ,Любосмысл Давыдович Прохоров,8 (202) 821-1529,guljaevapelageja@example.net
физ,Жукова Зинаида Геннадьевна,8 (300) 881-05-49,haritonovsamuil@example.net
физ,Станимир Тихонович Гурьев,+75197837935,merkushevemil@example.org
физ,Горшков Кир Евсеевич,8 (374) 513-4801,venediktnoskov@example.com
юр,ИП «Анисимов»,8 (617) 260-49-42,juri_2010@example.com
физ,Цветкова Олимпиада Григорьевна,+7 (159) 834-9524,osipovtit@example.org
физ,Трофимова Алина Александровна,8 744 390 89 96,panfil2022@example.net
физ,Горшков Милован Феоктистович,89460621342,harlampi27@example.org
физ,Архипов Автоном Трифонович,+7 (021) 100-49-02,fotimedvedev@example.com
юр,АО «Мамонтова»,8 573 583 9106,kalininajulija@example.org
физ,Эраст Аксёнович Дорофеев,8 (128) 339-47-31,mironovaolimpiada@example.com
юр,Назаров Инкорпорэйтед,84460761895,martinovarseni@example.org
физ,Большакова Елизавета Вениаминовна,+7 (809) 707-9306,potapovprohor@example.net
юр,"ЗАО «Наумов, Кузнецов и Ермаков»",8 536 907 96 65,leonti35@example.net
юр,"ОАО «Жуков, Фомина и Сергеева»",+7 (982) 537-13-78,avdeevfeliks@example.com
физ,Ладимир Даниилович Фомин,8 (115) 525-72-82,oktjabrina2021@example.net
физ,Роман Марсович Денисов,8 (251) 492-9093,kolesnikovasofija@example.org
физ,Мартынова Маргарита Алексеевна,8 (780) 426-49-14,viktormedvedev@example.net
физ,Юлий Анисимович Евдокимов,+70020946022,sobolevostap@example.org
юр,ЗАО «Лыткин»,+7 (326) 253-7488,narkis_2018@example.org
физ,Горшков Мечислав Игнатьевич,8 (035) 797-1245,gordeevpotap@example.org
юр,"РАО «Якушев, Ситникова и Иванова»",8 174 981 45 72,cpotapova@example.net
физ,Ратибор Эдгардович Данилов,+7 772 972 36 50,fedotovavde@example.com
физ,Ираида Львовна Афанасьева,+7 846 032 7478,ilinsavva@example.org
физ,Михайлова Алла Львовна,84884740222,muravevfoma@example.org
физ,Захарова Ангелина Ивановна,+7 (450) 485-9586,gushchinfrol@example.com
физ,Котова Ульяна Кузьминична,+7 (223) 374-71-05,pankratilihachev@example.net
физ,Зимин Константин Брониславович,8 343 388 24 71,ananisamolov@example.net
физ,Олимпиада Ниловна Мишина,+7 (316) 245-2624,yblinov@example.com
юр,НПО «Миронов Белова»,8 (784) 577-2077,bikovosip@example.org
юр,ООО «Шашкова-Шестаков»,8 658 887 6801,artemi1981@example.net
юр,ЗАО «Моисеев»,87133117657,demidaleksandrov@example.org
юр,Евсеев Инкорпорэйтед,8 (359) 227-8039,mishinavarvara@example.net
юр,А Групп,+7 (000) 652-8533,emilmironov@example.org
физ,Зинаида Кирилловна Чернова,+73002706574,ksenija00@example.net
физ,Фаина Дмитриевна Кондратьева,8 755 383 4624,silanti2007@example.net
физ,Гущина Виктория Мироновна,8 856 598 3147,iraida05@example.net
юр,Фролов Лимитед,8 (153) 276-21-00,kabanovirakli@example.com
юр,ООО «Тихонова-Воронцова»,+7 (560) 495-50-24,bvorobev@example.org
физ,Елена Борисовна Комиссарова,8 (113) 161-2795,nifont_44@example.net
физ,Ратмир Виленович Власов,+7 984 636 9449,gedeon_1986@example.net
физ,Лукин Мефодий Арсенович,+7 (498) 108-87-01,moke19@example.org
физ,Ксения Леоновна Морозова,8 348 251 0796,judinaalla@example.com
юр,ИП «Муравьева Нестерова»,8 949 837 5909,emilija_75@example.net
юр,ИП «Боброва Савина»,+7 045 914 4808,maja_1999@example.com
физ,Терентьев Бронислав Елисеевич,8 338 252 01 97,maja23@example.net
юр,ЗАО «Сысоев»,+7 951 359 0358,yorlova@example.org
физ,Варвара Алексеевна Рогова,+7 956 004 6403,eleonora2013@example.net
юр,"ООО «Пахомов, Медведев и Вишнякова»",8 (287) 858-3610,rjurik_1984@example.net
юр,ОАО «Сергеева»,+7 098 128 90 28,konstantin89@example.org
физ,Яков Владиленович Фролов,+7 (390) 819-4560,akulina89@example.com
физ,Абрамов Селиван Яковлевич,+7 (674) 850-53-40,grigori35@example.org
физ,Никифор Данилович Зуев,8 (434) 798-9011,artem_1982@example.org
юр,Капустин и партнеры,8 (766) 297-97-31,rozhkovdemjan@example.net
юр,"ИП «Кабанова, Симонов и Силин»",+7 (980) 185-8402,gorbachevprohor@example.com
физ,Корнил Фролович Никонов,8 (404) 630-8033,naumovaljudmila@example.com
юр,АО «Селиверстова»,+7 001 804 67 04,evseevatatjana@example.org
юр,РАО «Смирнов»,80834623950,innokenti_2009@example.org
физ,г-жа Ефремова Ксения Алексеевна,8 (537) 443-8058,filimonnikiforov@example.net
юр,Блохин Инк,8 (390) 355-86-55,abramovaoksana@example.org
физ,Блинова Алевтина Робертовна,8 619 799 0304,silindmitri@example.org
юр,РАО «Лыткина Никитин»,80562536553,moke_2009@example.com
юр,АО «Евдокимов Филиппов»,8 (769) 883-5295,sharapovbronislav@example.com
юр,"РАО «Колобов, Кошелев и Громова»",8 640 974 86 11,eduardgorbunov@example.com
физ,Олимпиада Егоровна Шубина,8 381 314 69 81,mariansemenov@example.org
юр,ООО «Исаев-Капустина»,8 (938) 864-3704,fdenisova@example.net
юр,Гурьева Групп,8 054 114 97 73,medvedevizmail@example.org
юр,Петербургский метрополитен,8 361 628 2163,nikanorgavrilov@example.net
физ,Остап Владиленович Баранов,+7 801 005 0172,sevastjan1973@example.com
физ,Наумова Оксана Львовна,+7 (707) 623-2754,ruben_86@example.com
юр,НПО «Савельева»,+7 (047) 739-57-16,nkulikov@example.org
физ,Акулина Игоревна Петухова,89774121354,mihalovstanislav@example.com
физ,Родионов Добромысл Аксёнович,8 597 082 5050,zhukovisidor@example.net
юр,ИП «Кондратьева»,+77672576076,nikifor92@example.org
юр,ЗАО «Михеев»,87151426032,fedor_88@example.com
юр,РАО «Орлова Яковлева»,8 765 454 34 42,gorshkovamargarita@example.net
физ,Феофан Вилорович Матвеев,+7 817 231 54 50,foka_1992@example.com
юр,Московский аэропорт Домодедово,+70192983787,vasilisa2006@example.com
юр,"ЗАО «Медведев, Медведев и Пономарев»",+7 (159) 928-35-48,miron2018@example.org
юр,Ситибанк,+7 (469) 456-1197,arhipovuljan@example.net
физ,Светлана Андреевна Иванова,8 420 722 0442,valerjan_1995@example.com
физ,Казакова Майя Ниловна,8 (984) 474-08-61,jsoboleva@example.com
юр,Петров и партнеры,8 (166) 053-6853,artemevauljana@example.net
физ,тов. Морозова Дарья Даниловна,+7 773 855 3704,anisim1972@example.org
физ,Агап Ефимович Ермаков,88202241298,shashkovvladilen@example.org
физ,Щербакова Марина Леоновна,81015674815,krilovazari@example.com
юр,Пестов Инкорпорэйтед,+7 (666) 987-75-08,azaritrofimov@example.com
юр,ООО «Воронов»,83293279536,budimir81@example.org
юр,Стрелкова Групп,8 753 404 9747,galina_34@example.org
юр,Русал,8 (193) 608-2748,tretjakovfilaret@example.org
юр,ОАО «Гущин»,8 (595) 762-47-88,askold68@example.org
юр,Протек,+7 927 132 3018,vorobevkarp@example.org
юр,ЗАО «Тихонов»,8 048 866 16 21,eduard85@example.com
юр,АО «Белозеров-Молчанова»,8 (648) 231-48-10,varfolomeodintsov@example.net
физ,Николаева Елена Ниловна,84662949776,ladislav_00@example.com
физ,Гуляева Регина Федоровна,+7 (340) 088-98-49,romanovaagata@example.net
физ,Эмилия Никифоровна Турова,8 451 125 41 49,tsilin@example.net
юр,Самсонова Инкорпорэйтед,8 (370) 158-74-73,burovsilanti@example.org
юр,Мельникова Инкорпорэйтед,8 (985) 323-9961,galkinafinogen@example.org
юр,ОАО «Андреев»,+7 641 795 31 80,lukinagge@example.com
физ,Виссарион Иосипович Некрасов,8 097 778 33 69,lebedevaalla@example.com
физ,г-жа Тимофеева Вероника Олеговна,87042681478,gorshkoverofe@example.com
юр,НПО «Панов»,8 (422) 643-2267,sorokinegor@example.net
физ,Трофимова Александра Валериевна,+7 178 413 10 64,iraida_45@example.com
физ,Титов Вадим Ильич,+7 730 987 91 29,askold_2015@example.org
физ,Казакова Ия Викторовна,8 (486) 158-10-61,fekla_1975@example.org
юр,Компания Газ-Альянс,8 (833) 914-0407,nadezhda57@example.net
физ,Анжела Геннадиевна Никонова,8 384 162 27 05,kabanovnarkis@example.net
юр,НПО «Белозеров»,+72779792203,kondratevanonna@example.net
юр,Группа агропредприятий Ресурс,86897717216,nikodimbeljaev@example.org
юр,Рыбаков Инкорпорэйтед,8 735 924 46 87,zmuhina@example.com
юр,АО «Шашков-Кабанов»,+7 546 810 4007,tretjakovaljubov@example.org
физ,Эмиль Брониславович Гришин,8 (629) 842-80-22,fisaeva@example.org
юр,"ООО «Борисов, Пахомова и Дорофеева»",8 283 804 35 55,oleg_12@example.org
юр,ГК СНС,84901849125,belozerovkondrat@example.com
физ,Мартынова Варвара Эдуардовна,+7 127 142 3014,hgusev@example.net
физ,Таисия Валентиновна Маркова,8 733 120 2926,filimon57@example.org
физ,Трофим Германович Цветков,88211008316,serge_1996@example.com
юр,Брок-Инвест-Сервис и К,+7 602 970 71 50,lukjan_40@example.org
физ,Демид Анатольевич Кулаков,8 (742) 872-1957,emeljan_1991@example.com
юр,АО «Ермакова-Вишнякова»,+78998244718,nifont1995@example.org
юр,"НПО «Меркушева, Федоров и Игнатьев»",8 027 828 4029,ngushchina@example.com
физ,Калашников Эраст Вячеславович,+79841533416,irakliseliverstov@example.com
юр,НПО «Кононова Евсеев»,8 (643) 303-94-83,serge1984@example.net
юр,АО «Терентьева-Егорова»,8 947 606 73 67,larisa79@example.com
физ,Нестеров Феофан Герасимович,8 831 639 5890,evdokim33@example.net
юр,ИП «Крылов»,88286158735,sofon_1972@example.org
физ,Колобов Пантелеймон Жоресович,+7 (645) 676-54-80,avtonomshashkov@example.com
физ,Назарова Елена Ильинична,88643765792,dmitri73@example.org
юр,НПО «Савин Зимина»,+7 136 796 67 75,akulina91@example.com
физ,Соболев Игнатий Иларионович,8 295 920 05 08,naumovnatan@example.org
физ,Кира Степановна Бобылева,+7 (718) 475-90-53,jgalkin@example.com
физ,Всемил Феофанович Сорокин,+7 (628) 456-35-03,karl_2001@example.net
физ,Владимир Гертрудович Лихачев,+7 809 261 39 55,radislav14@example.com
юр,Носов Лимитед,85660608251,rozhkovapelageja@example.net
юр,Сибирский антрацит,8 (847) 586-31-20,tretjakovairaida@example.com
юр,Гуляева Лимитед,8 (528) 452-89-60,larionovaanastasija@example.net
физ,Костина Вера Михайловна,+72084361864,semen53@example.org
юр,Нова,+7 619 816 8160,agap85@example.com
юр,РАО «Авдеева Лапин»,8 306 310 48 81,panovaglafira@example.com
физ,Еремей Бориславович Силин,+7 020 261 1220,komissarovvlas@example.net
физ,Елизар Трофимович Тарасов,+7 732 764 76 82,petuhovaeleonora@example.com
физ,Трифон Анатольевич Ильин,8 544 180 5053,paramonmartinov@example.net
юр,АО «Шубин»,+76520500740,averjanzhukov@example.org
физ,Михей Евсеевич Гусев,8 (251) 263-35-48,vladilen1971@example.org
юр,"ЗАО «Константинов, Брагина и Иванова»",8 583 316 68 70,sofon2015@example.org
физ,Герасим Валерьянович Мишин,+7 (465) 663-28-99,fokindorofe@example.com
юр,Гордеева Лтд,80679642150,svjatopolk_1998@example.net
юр,Третьяков Инкорпорэйтед,8 897 162 67 66,german93@example.com
юр,РАО «Логинов-Меркушева»,8 760 099 61 05,grigorevaeleonora@example.org
юр,РАО «Тихонов-Ермакова»,8 663 367 7244,sbragin@example.com
юр,Трансойл,+7 (542) 412-7141,elizaveta30@example.org
физ,Сазонов Евгений Игнатович,+7 797 714 5126,kornilovsamson@example.net
физ,Виктория Тимофеевна Елисеева,+7 (867) 685-8488,dkonstantinova@example.com
юр,Группа агропредприятий Ресурс,+7 (949) 607-5026,stepan_28@example.com
физ,Мария Кузьминична Дементьева,+7 542 638 2931,trofimovanaina@example.net
физ,Владимиров Кондратий Ануфриевич,+7 (266) 830-65-21,longin_1985@example.net
юр,АО «Терентьев Ершов»,+7 955 330 6472,beljaevafekla@example.net
юр,Импэкснефтехим,+70223912697,shcherbakovvseslav@example.com
физ,Дроздов Андроник Адамович,8 (281) 348-9029,tvorimir_22@example.com
юр,ОПХ (Heineken),+7 (570) 485-97-38,radimvorontsov@example.com
физ,Кондратий Гордеевич Анисимов,+7 455 005 68 24,nikodim54@example.org
физ,Вениамин Эдуардович Васильев,+7 676 035 0897,kondratiignatov@example.net
юр,"ОАО «Баранов, Игнатьева и Зиновьев»",87830231022,lukija_46@example.net
юр,ИП «Соболев-Шашкова»,8 128 220 31 89,qefremova@example.org
физ,Агата Николаевна Уварова,8 998 797 5999,zhukovvalentin@example.com
физ,Аполлинарий Еремеевич Богданов,+7 766 562 0457,radim_73@example.org
юр,ЗАО «Алексеев»,+7 383 043 4894,gurevmark@example.org
юр,ИП «Лазарева Симонова»,87180655948,pankrat22@example.org
юр,ИП «Антонова»,8 (352) 165-62-82,umorozova@example.org
физ,Пахомов Ермолай Архипович,+7 548 522 6132,nikiforovtimur@example.com
юр,ООО «Селезнева Кондратьева»,8 277 492 01 48,svetlana1989@example.com
физ,Капустина Клавдия Андреевна,+7 874 442 04 46,gfomina@example.com
физ,Варвара Олеговна Носова,+78464436444,aleksesafonov@example.net
юр,Байер,8 (528) 902-0481,stepan1997@example.org
физ,Назаров Федосий Артёмович,+7 (608) 640-77-70,pahom96@example.org
физ,Шилов Владилен Бориславович,+7 048 363 96 22,kovalevtvorimir@example.net
физ,Герасимова Ираида Ильинична,8 (027) 867-7570,haritonovasvetlana@example.com
физ,Нина Антоновна Константинова,+7 866 361 93 30,martin2009@example.com
физ,Данилова Ольга Максимовна,+7 (961) 782-2276,volkovaeleonora@example.com
юр,ЗАО «Гуляев»,+7 787 613 9116,sofron59@example.net
физ,Карп Харлампович Федосеев,+7 (456) 216-80-15,ratiborvinogradov@example.com
юр,ООО «Воронцов-Дьячкова»,+7 710 440 43 89,zuevvalentin@example.org
юр,ООО «Ширяев-Беляков»,8 (252) 227-11-56,lihachevzosima@example.com
юр,АО «Степанов-Рябов»,+7 141 520 4977,maksimmironov@example.org
юр,ОАО «Коновалов Голубева»,+7 871 501 23 09,ekudrjavtseva@example.org
физ,Андреева Глафира Станиславовна,8 (288) 945-3779,igorsokolov@example.net
юр,ОАО «Якушев-Горбачев»,8 (061) 486-6586,grishinalarisa@example.net
физ,Любим Филимонович Якушев,85975057209,ribakovkarp@example.org
физ,Богданов Наум Валентинович,+7 271 244 52 51,dementi14@example.com
юр,Зуева Лтд,8 (419) 712-8139,stanislavfrolov@example.com
физ,Ян Бенедиктович Елисеев,8 752 407 2574,miheevvsemil@example.org
физ,Феоктист Ильич Михеев,85828492083,kim49@example.com
физ,Яков Захарьевич Андреев,+7 (916) 617-4207,martin01@example.net
юр,АО «Быков-Кошелева»,+7 021 889 96 15,bolshakovroman@example.org
физ,Афанасьев Никандр Даниилович,8 (875) 387-46-96,demid_2000@example.net
юр,ИП «Бобылев Рябова»,87568153609,prov_24@example.com
физ,Полякова Татьяна Степановна,84012341171,jbolshakova@example.org
юр,ОАО «Кононова-Вишняков»,8 (097) 183-87-00,iloginova@example.org
физ,Евлампий Устинович Марков,+7 (504) 199-7854,emil59@example.org
юр,Меркушев и партнеры,8 (371) 215-6874,fortunat71@example.net
физ,Рогов Вадим Теймуразович,8 (744) 813-5651,semengusev@example.net
юр,ИП «Комиссаров-Артемьева»,8 (672) 812-4482,porfiri_1998@example.com
юр,Совкомфлот,8 719 157 40 07,pavel_1978@example.com
юр,Горшков Инкорпорэйтед,8 (686) 047-87-75,spopov@example.org
физ,Анатолий Чеславович Жданов,8 290 795 2495,bespalovakira@example.com
юр,ГК Мега-Авто,+7 632 707 14 53,artemevamarfa@example.net
юр,Гришин Инк,8 (906) 383-73-78,lbeljakova@example.org
физ,Гаврилов Христофор Бориславович,8 (580) 871-8395,oktjabrina1989@example.net
физ,Моисей Терентьевич Корнилов,+7 (905) 347-8829,komissarovpavel@example.net
юр,"ООО «Антонов, Аксенова и Жукова»",+7 (941) 019-3030,jakubefremov@example.org
юр,Акционерный банк Россия,+7 (991) 417-72-82,paramon_1973@example.net
юр,Шилов Инкорпорэйтед,+7 450 438 24 14,bogdan_1972@example.com
юр,Николаев Лимитед,+7 765 179 1599,svetlana36@example.com
физ,Силина Варвара Руслановна,8 (926) 033-93-68,ksitnikov@example.net
юр,ИП «Жданова-Буров»,+7 476 923 1157,maja1974@example.com
физ,Василиса Богдановна Филиппова,8 141 558 4959,konstantinovamargarita@example.com
юр,Hoff (Домашний интерьер),+7 (025) 476-4144,zuevakira@example.org
юр,ОАО «Бобылева»,+7 848 662 7294,krjukovnarkis@example.com
физ,Никанор Артурович Шилов,8 129 419 9226,fekla_1981@example.com
юр,Овчинников Инк,8 330 632 6387,harlampi_1989@example.com
физ,Симон Исидорович Степанов,+7 (203) 329-63-05,wshilov@example.net
физ,Сергеев Юрий Феодосьевич,+71022240290,pahomkulakov@example.org
юр,ЗАО «Поляков-Зыков»,+7 (448) 774-49-38,qeliseeva@example.org
физ,Абрамов Авдей Юльевич,+7 (274) 118-6029,fadegurev@example.com
юр,ИП «Волков»,84845131134,nikodim2013@example.org
физ,Игнатьева Нина Феликсовна,8 (808) 657-8421,xkostin@example.com
физ,Исаев Герман Глебович,81795730003,denismuhin@example.org
физ,Петрова Ксения Кузьминична,+71406242036,markovaakulina@example.net
физ,Фаина Юрьевна Никифорова,+7 279 755 2231,erast_2023@example.org
физ,Воронов Эдуард Васильевич,8 358 532 7439,vafanaseva@example.org
юр,Давыдов Лимитед,8 (568) 403-86-97,kapustinvissarion@example.net
юр,ИП «Галкина»,8 961 938 2473,avdeevamarija@example.org
юр,"ИП «Петрова, Рыбаков и Уварова»",8 435 561 51 73,hpopova@example.net
физ,Кириллова Елена Альбертовна,+7 (404) 350-2286,komissarovjuri@example.net
физ,Мартынова Ольга Львовна,+70755710256,kuzminippolit@example.com
физ,Филипп Харитонович Якушев,+7 (872) 101-7884,arseni_1982@example.net
физ,Крылов Антип Исидорович,8 (942) 870-65-91,karlovchinnikov@example.org
юр,ОАО «Дорофеева»,+7 (123) 164-9582,andron1971@example.com
физ,Агафья Филипповна Сафонова,8 (031) 063-4460,serge_1990@example.org
юр,Московский аэропорт Домодедово,8 (833) 894-50-86,ignati_1988@example.com
физ,тов. Щербакова Виктория Феликсовна,+7 699 218 0260,svjatopolk34@example.net
юр,ООО «Рыбакова»,8 378 442 6337,angelina80@example.net
физ,Лукин Трофим Вячеславович,+7 434 809 9072,kondratevostromir@example.com
юр,Совкомфлот,84400907834,feofan_06@example.com
физ,Василий Анатольевич Шилов,8 868 294 2307,filimonkalashnikov@example.net
физ,Прохор Юлианович Костин,+7 (888) 062-4330,bogdan2023@example.com
юр,ОАО «Лобанова Архипов»,+7 988 476 7224,pgavrilov@example.com
физ,Ершова Анжела Ильинична,+7 452 979 94 64,lavrentikulagin@example.org
юр,ОАО «Денисов»,+7 860 859 9074,gostomisl_12@example.net
физ,Антонина Артемовна Быкова,+7 (653) 974-06-28,nifontsisoev@example.com
физ,Королева Алина Леонидовна,8 (711) 796-0040,kulaginfrol@example.net
физ,Майя Робертовна Дементьева,8 255 927 90 68,pkoroleva@example.net
юр,Белгранкорм-холдинг,+7 887 099 0528,elizarsubbotin@example.net
юр,Тарасова и партнеры,+7 364 649 9815,martinovfirs@example.net
юр,Бирюкова Групп,8 (090) 865-84-80,egorovkonstantin@example.com
физ,г-н Харитонов Тимур Иларионович,+7 113 997 6555,feliks1973@example.org
физ,Виктория Семеновна Кошелева,8 (979) 141-01-64,ngushchina@example.org
юр,ОАО «Тетерин»,8 794 283 7667,shchukinamvrosi@example.net
юр,ИП «Жданов Миронова»,8 111 244 8895,turovizot@example.com
физ,Кулакова Вера Яковлевна,8 (937) 695-01-68,tverdislav_2011@example.net
юр,АО «Зуева»,+7 462 405 92 44,artemi2006@example.org
юр,ИП «Архипова»,+71012909945,rkazakov@example.com
физ,Рожков Филипп Игнатьевич,+70005571427,fominkliment@example.com
физ,Вера Евгеньевна Королева,87950200245,vissarion_2012@example.net
физ,Кононова Ольга Олеговна,+7 610 024 06 37,evfrosinija86@example.com
физ,Пахом Вилорович Громов,8 (916) 858-0385,klavdija_34@example.org
физ,Кузьмина Иванна Максимовна,+73209184841,kopilovpankrat@example.net
физ,Власова Елена Никифоровна,81266517157,gusevefrem@example.com
юр,РАО «Лебедева»,86330815822,jrjabova@example.net
физ,Денисов Порфирий Иосипович,8 (137) 381-79-06,ngorshkova@example.net
юр,РАО «Мельникова»,8 415 457 2831,ilarion_2023@example.com
физ,Зиновьева Валерия Анатольевна,89681742264,krjukovavarvara@example.org
физ,Ярослав Гордеевич Сафонов,+70774979702,fedotovatamara@example.org
юр,ИП «Кириллова»,83080899066,solomon20@example.com
физ,Жуков Аскольд Харлампович,+7 952 042 94 90,vladislav_75@example.org
юр,РАО «Романова Анисимов»,+7 864 854 8179,mishinnaum@example.org
юр,Куликова Инк,8 (199) 717-43-19,dmitrievaanzhelika@example.com
юр,ОАО «Тарасова»,8 913 339 9956,afinogenlarionov@example.com
физ,Мартынов Митофан Аксёнович,8 091 262 31 39,demjan77@example.org
юр,ИП «Тетерин Новикова»,+7 (797) 368-47-96,varvara2017@example.org
юр,"ОАО «Казакова, Доронин и Семенова»",+7 (305) 850-8405,potapovdemjan@example.org
физ,Раиса Матвеевна Борисова,8 550 062 6290,grigorikrasilnikov@example.org
юр,АО «Воронцова-Одинцова»,+7 129 882 83 89,kazimirsorokin@example.net
физ,Савельева Октябрина Леоновна,+7 (861) 678-45-27,kira1984@example.com
физ,Казаков Бронислав Георгиевич,+7 869 159 39 10,qvoronov@example.org
физ,Герасим Алексеевич Филиппов,+7 (813) 240-26-83,pavel_1982@example.net
юр,Васильев и партнеры,8 155 795 73 27,agafon_2008@example.org
физ,Назаров Яков Марсович,+76870221651,martinovbojan@example.org
юр,"АО «Беспалов, Яковлева и Гришин»",+7 993 566 5161,seliverst1997@example.org
физ,Самойлова Агафья Афанасьевна,8 900 307 7845,gerasim_46@example.org
юр,ИП «Моисеев-Дорофеева»,8 (601) 850-33-02,nestor1985@example.net
юр,ОАО «Лихачева Селиверстова»,+78798651087,ivanovaljubov@example.com
физ,Нина Артемовна Терентьева,+72896459674,sobolevaevdokija@example.net
физ,Дементьев Зиновий Ильич,+7 (103) 555-0175,akim71@example.org
физ,Климент Иларионович Федотов,+71824813586,evdokimovepifan@example.net
физ,Соломон Ермолаевич Третьяков,81541037835,kulikovlukjan@example.com
физ,Галина Богдановна Кулакова,+7 521 037 4318,antonin71@example.com
физ,Филатов Велимир Еремеевич,+76292644984,kapustinevse@example.net
юр,Дмитриев Инк,8 524 244 9941,emilija_71@example.net
физ,Аникей Фёдорович Овчинников,+7 (452) 958-50-95,erofekarpov@example.org
юр,"НПО «Киселева, Игнатов и Якушева»",+7 883 332 2338,xgavrilov@example.com
физ,Брагин Самсон Игнатович,+7 786 860 49 51,margarita1991@example.org
юр,ЗАО «Белякова-Фролов»,8 (636) 596-81-08,nikiforovviktor@example.com
физ,Анна Федоровна Полякова,+7 (823) 819-26-61,viktorin_11@example.net
физ,Фролов Ростислав Артёмович,87632530170,zahar08@example.net
юр,Кудряшов Групп,8 (121) 266-94-59,serafim2002@example.com
физ,Суханова Валерия Ивановна,8 041 264 6124,efremovzinovi@example.net
юр,ГК Транстехсервис,+7 978 481 96 39,sevastjan_05@example.net
физ,Касьян Ааронович Петров,+7 065 949 1347,elena1973@example.net
физ,Анна Юльевна Шарапова,8 876 763 26 45,matveevagalina@example.com
юр,"ООО «Юдина, Белоусова и Рыбаков»",8 063 860 8173,velimir2017@example.com
физ,Орехов Харитон Исидорович,87147285511,nazarovasvetlana@example.com
физ,Тарасова Екатерина Филипповна,+7 345 323 15 33,alevtina_1995@example.org
юр,КМР и СНГ (KIA),8 654 680 31 56,adrian38@example.org
физ,Любовь Владиславовна Горшкова,+7 971 807 11 53,ladislav37@example.net
юр,НПО «Панов»,8 (008) 255-8579,cheslav1979@example.org
юр,АО «Галкин»,8 042 115 20 78,izjaslavstrelkov@example.org
физ,Александра Леоновна Агафонова,8 (534) 716-7826,lidija1987@example.org
юр,АО «Рожкова»,8 394 073 7019,demjan_2016@example.net
физ,Всеволод Брониславович Мишин,+7 (476) 648-5724,fedotovanonna@example.net
физ,Лихачев Софон Гертрудович,+7 294 570 47 92,rershov@example.com
физ,Дарья Сергеевна Суханова,8 (668) 610-9675,vseslav_92@example.org
юр,РАО «Богданова Афанасьева»,+7 957 433 72 43,fedorovvseslav@example.org
физ,Волков Феликс Димитриевич,+7 037 129 8385,mishinivan@example.net
физ,Вера Руслановна Хохлова,+7 (775) 774-8991,nbragina@example.com
юр,Мухин Лтд,88704825032,martinovevdokim@example.net
физ,Соболева Евфросиния Макаровна,+7 (942) 152-58-05,pankrat1999@example.net
физ,Комарова Полина Альбертовна,8 971 997 0208,bobrovfade@example.net
юр,ЗАО «Крюков Сергеев»,+7 (006) 312-3237,vsemil1985@example.net
юр,"АО «Котов, Савина и Ковалева»",87666052760,juri_1978@example.net
физ,Гурьев Самсон Архипович,8 730 876 4219,fokinisa@example.org
юр,АО «Харитонова-Бобров»,+73564970626,ivanovvlas@example.net
юр,Металлстандарт,+7 (057) 312-0687,kovalevipat@example.com
юр,РТИ,+7 061 452 1204,kulaginmoise@example.org
юр,Август,+7 018 628 18 27,andreevairina@example.com
юр,ЗАО «Носкова-Исаков»,8 429 639 81 98,veronika_93@example.com
физ,Артем Герасимович Лобанов,+79497539304,jaropolk2013@example.net
юр,Эппл Рус (Apple),8 554 737 57 32,tihontrofimov@example.com
юр,Орехов и партнеры,8 (788) 841-73-71,milan_2003@example.net
юр,ИП «Анисимов-Кузьмин»,+7 (591) 372-9093,evlampi_1990@example.com
физ,Никита Аксёнович Суханов,+7 583 580 61 68,naum86@example.org
юр,ООО «Цветков-Колесникова»,+7 (775) 847-02-28,ljubosmisl_2021@example.org
физ,Порфирий Демьянович Федосеев,8 246 403 5366,birjukovarkadi@example.net
юр,Дроздов Инкорпорэйтед,8 015 651 50 49,svjatoslav_77@example.org
юр,РАО «Симонова Голубева»,+7 974 900 30 53,naumovavera@example.org
физ,Смирнова Таисия Кузьминична,8 (441) 090-5552,sharovsigizmund@example.com
юр,АО «Тихонова Гуляев»,8 395 766 03 71,polikarp96@example.com
юр,ООО «Сафонова Фомичева»,+7 759 773 01 46,lapinaanastasija@example.net
юр,АО «Сорокина»,+7 (353) 451-8955,bojan_20@example.com
юр,ОАО «Петров-Зимина»,80724559714,cblinov@example.net
физ,Беляков Венедикт Ермолаевич,+77606774660,sidortretjakov@example.com
физ,Любовь Рубеновна Бурова,+7 492 545 81 90,nonna_83@example.org
физ,Кулакова Лариса Архиповна,+7 (766) 540-37-77,izmail87@example.org
физ,Пелагея Владимировна Попова,+7 769 410 68 91,foka_2001@example.org
юр,Буров Лимитед,86907934427,ckomissarova@example.org
юр,Агентство по страхованию вкладов (АСВ),+7 (814) 003-93-92,olimpiada70@example.org
юр,Потапов Лтд,+7 (764) 299-05-83,prokl37@example.net
физ,Галактион Тимурович Блохин,8 156 019 20 35,kazimir2017@example.com
юр,Росморпорт,+7 199 874 0659,vladilengorbachev@example.net
юр,ООО «Быков»,8 (424) 091-06-36,tit_13@example.com
физ,Виноградова Галина Ниловна,+7 (668) 516-5529,borisovamvrosi@example.com
юр,Fonbet,+76452072896,fgurev@example.com
юр,Филиппова Лтд,+7 (135) 834-6434,viktor78@example.net
физ,Лаврентьева Агата Наумовна,+7 981 264 03 89,tabramova@example.org
